issue,page_number,scan_rel_path,index,x0,y0,x1,y1,dpi,verdict,reason,inner_v,inner_h,gutters,gutter_share,line_span,lattice,glyph_share,glyph_of_ink,edge_fill,cells,filled_cells
1966_01,28,1966/01/IMG_0017_2R.jpg,0,385,123,827,580,150,таблица,,2.0,3.0,1.0,0.041,0.105,1.0,0.1205,0.83,0.824,9.0,1.0
1966_01,28,1966/01/IMG_0017_2R.jpg,1,387,645,831,1187,150,таблица,,4.0,2.0,3.0,0.083,0.081,1.0,0.1238,0.829,0.824,9.0,1.0
1966_01,49,1966/01/IMG_0028_1L.jpg,0,70,438,558,825,150,таблица,,4.0,1.0,4.0,0.12,0.092,1.0,0.1065,0.793,1.0,10.0,1.0
1966_01,49,1966/01/IMG_0028_1L.jpg,1,72,896,501,1252,150,таблица,,2.0,1.0,2.0,0.066,0.101,1.0,0.112,0.84,0.857,5.0,1.0
1966_01,50,1966/01/IMG_0028_2R.jpg,0,447,333,840,484,150,таблица,,2.0,1.0,3.0,0.241,0.089,1.0,0.0785,0.701,1.0,6.0,1.0
1966_01,51,1966/01/IMG_0029_1L.jpg,0,63,361,497,719,150,таблица,,4.0,2.0,2.0,0.073,0.09,1.0,0.1313,0.789,0.864,13.0,0.923
1966_01,52,1966/01/IMG_0029_2R.jpg,0,387,867,840,1247,150,таблица,,2.0,2.0,6.0,0.21,0.086,1.0,0.0844,0.812,0.833,7.0,1.0
1966_01,76,1966/01/IMG_0042_2R.jpg,0,43,96,848,426,150,таблица,,12.0,2.0,6.0,0.136,0.029,1.0,0.0809,0.632,0.769,22.0,1.0
1966_01,76,1966/01/IMG_0042_2R.jpg,1,48,1093,847,1420,150,таблица,,9.0,2.0,6.0,0.12,0.03,1.0,0.0746,0.68,0.781,14.0,1.0
1966_01,77,1966/01/IMG_0043_1L.jpg,0,69,1020,840,1477,150,таблица,,15.0,5.0,4.0,0.073,0.027,1.0,0.0506,0.635,0.634,24.0,0.875
1966_01,78,1966/01/IMG_0043_2R.jpg,0,462,152,835,382,150,таблица,,8.0,2.0,3.0,0.132,0.051,1.0,0.1093,0.72,0.667,12.0,1.0
1966_01,79,1966/01/IMG_0044_1L.jpg,0,61,222,831,374,150,таблица,,17.0,1.0,13.0,0.166,0.026,1.0,0.0842,0.705,0.962,34.0,1.0
1966_01,80,1966/01/IMG_0044_2R.jpg,0,444,1091,849,1329,150,таблица,,5.0,2.0,1.0,0.028,0.069,1.0,0.1264,0.776,0.909,13.0,1.0
1966_01,86,1966/01/IMG_0047_2R.jpg,0,396,641,854,939,150,таблица,,4.0,2.0,0.0,0.0,0.09,1.0,0.0864,0.755,0.682,9.0,0.778
1966_01,88,1966/01/IMG_0048_2R.jpg,0,333,423,602,775,150,нет,нет внутренних вертикальных линеек — это рамка вокруг текста,0.0,0.0,2.0,0.348,0.152,0.0,0.0317,0.508,0.0,1.0,1.0
1966_01,96,1966/01/IMG_0052_2R.jpg,0,52,248,845,530,150,нет,нет внутренних вертикальных линеек — это рамка вокруг текста,0.0,0.0,0.0,0.0,0.142,0.0,0.0892,0.811,0.0,1.0,1.0
1966_01,96,1966/01/IMG_0052_2R.jpg,1,51,977,843,1403,150,нет,нет внутренних вертикальных линеек — это рамка вокруг текста,0.0,0.0,0.0,0.0,0.15,0.0,0.1231,0.886,0.0,1.0,1.0
1966_01,97,1966/01/IMG_0053_1L.jpg,0,55,90,832,652,150,нет,нет внутренних вертикальных линеек — это рамка вокруг текста,0.0,0.0,0.0,0.0,0.103,0.0,0.1264,0.871,0.0,1.0,1.0
1966_02,14,1966/02/IMG_0061_2R.jpg,0,396,954,842,1142,150,таблица,,4.0,1.0,3.0,0.103,0.081,1.0,0.1244,0.742,0.692,5.0,1.0
1966_02,16,1966/02/IMG_0062_2R.jpg,0,397,836,836,1080,150,таблица,,2.0,1.0,2.0,0.054,0.08,1.0,0.0884,0.765,0.714,3.0,1.0
1966_02,46,1966/02/IMG_0077_2R.jpg,0,58,923,513,1099,150,таблица,,3.0,1.0,2.0,0.064,0.086,1.0,0.0799,0.652,0.7,4.0,1.0
1966_02,47,1966/02/IMG_0078_1L.jpg,0,66,429,842,644,150,таблица,,5.0,2.0,1.0,0.03,0.048,1.0,0.0862,0.655,0.63,8.0,0.875
1966_02,50,1966/02/IMG_0079_2R.jpg,0,343,316,847,619,150,таблица,,3.0,2.0,1.0,0.048,0.073,1.0,0.0841,0.722,0.706,8.0,0.75
1966_02,54,1966/02/IMG_0081_2R.jpg,0,60,1072,838,1314,150,таблица,,5.0,1.0,6.0,0.352,0.053,1.0,0.0944,0.726,0.688,6.0,1.0
1966_02,57,1966/02/IMG_0083_1L.jpg,0,113,185,783,481,150,таблица,,5.0,1.0,0.0,0.0,0.06,1.0,0.1266,0.828,1.0,8.0,1.0
1966_02,58,1966/02/IMG_0083_2R.jpg,0,394,278,837,498,150,таблица,,3.0,1.0,7.0,0.203,0.058,1.0,0.0815,0.699,1.0,8.0,1.0
1966_02,62,1966/02/IMG_0085_2R.jpg,0,121,874,764,1116,150,таблица,,6.0,2.0,5.0,0.118,0.054,1.0,0.1002,0.701,0.852,14.0,1.0
1966_02,68,1966/02/IMG_0088_2R.jpg,0,132,688,761,1019,150,таблица,,2.0,3.0,0.0,0.0,0.114,1.0,0.1222,0.83,0.706,6.0,1.0
1966_02,79,1966/02/IMG_0094_1L.jpg,0,80,850,822,1078,150,таблица,,9.0,1.0,14.0,0.307,0.036,1.0,0.1163,0.727,1.0,20.0,1.0
1966_02,80,1966/02/IMG_0094_2R.jpg,0,403,176,816,847,150,таблица,,3.0,6.0,2.0,0.104,0.063,1.0,0.0741,0.746,0.688,11.0,1.0
1966_02,81,1966/02/IMG_0095_1L.jpg,0,84,894,820,1433,150,нет,нет внутренних вертикальных линеек — это рамка вокруг текста,0.0,0.0,0.0,0.0,0.233,0.0,0.183,0.902,0.0,1.0,1.0
1966_02,95,1966/02/IMG_0102_1L.jpg,0,85,699,818,1191,150,таблица,,1.0,1.0,1.0,0.063,0.106,1.0,0.1586,0.924,1.0,4.0,1.0
1966_03,16,1966/03/IMG_0112_2R.jpg,0,63,580,801,836,150,таблица,,4.0,2.0,4.0,0.209,0.058,1.0,0.0809,0.709,0.682,8.0,1.0
1966_03,19,1966/03/IMG_0114_1L.jpg,0,67,400,514,759,150,таблица,,2.0,1.0,10.0,0.346,0.077,1.0,0.0923,0.797,1.0,6.0,0.833
1966_03,33,1966/03/IMG_0121_1L.jpg,0,64,314,809,972,150,таблица,,20.0,9.0,1.0,0.156,0.043,1.0,0.0304,0.131,0.801,156.0,0.212
1966_03,34,1966/03/IMG_0121_2R.jpg,0,74,122,537,772,150,таблица,,4.0,2.0,0.0,0.0,0.136,1.0,0.1034,0.842,0.706,8.0,0.875
1966_03,35,1966/03/IMG_0122_1L.jpg,0,136,359,782,742,150,нет,"не таблица: рёбер на месте 32%, букв в краске 23%, колонок 22",22.0,19.0,0.0,0.0,0.021,1.0,0.0344,0.228,0.316,10.0,0.5
1966_03,36,1966/03/IMG_0122_2R.jpg,0,62,132,802,971,150,таблица,,11.0,2.0,0.0,0.0,0.047,1.0,0.1127,0.827,0.844,17.0,0.941
1966_03,37,1966/03/IMG_0123_1L.jpg,0,241,320,615,715,150,нет,"не таблица: рёбер на месте 63%, букв в краске 40%, колонок 7",7.0,2.0,2.0,0.083,0.016,1.0,0.0567,0.396,0.632,14.0,0.5
1966_03,59,1966/03/IMG_0134_1L.jpg,0,55,964,813,1277,150,таблица,,10.0,4.0,3.0,0.059,0.069,1.0,0.0695,0.598,0.763,32.0,0.781
1966_03,79,1966/03/IMG_0144_1L.jpg,0,61,619,810,1179,150,таблица,,3.0,2.0,4.0,0.081,0.048,1.0,0.0716,0.795,1.0,9.0,1.0
1966_03,80,1966/03/IMG_0144_2R.jpg,0,64,807,800,1062,150,таблица,,9.0,2.0,6.0,0.217,0.03,1.0,0.0859,0.682,0.81,19.0,0.684
1966_03,81,1966/03/IMG_0145_1L.jpg,0,56,666,511,1006,150,таблица,,5.0,1.0,5.0,0.26,0.048,1.0,0.0751,0.661,1.0,12.0,0.583
1966_03,96,1966/03/IMG_0152_2R.jpg,0,67,125,801,1425,150,нет,нет внутренних вертикальных линеек — это рамка вокруг текста,0.0,0.0,0.0,0.0,0.169,0.0,0.1526,0.899,0.0,1.0,1.0
1966_04,29,1966/04/IMG_0018_1L.jpg,0,119,535,782,767,150,таблица,,5.0,1.0,5.0,0.102,0.072,1.0,0.1046,0.705,1.0,8.0,1.0
1966_04,45,1966/04/IMG_0026_1L.jpg,0,94,138,776,690,150,таблица,,14.0,3.0,0.0,0.0,0.057,1.0,0.0977,0.748,0.763,18.0,0.944
1966_04,56,1966/04/IMG_0031_2R.jpg,0,95,524,790,948,150,таблица,,3.0,4.0,1.0,0.017,0.052,1.0,0.1062,0.742,0.774,13.0,1.0
1966_04,56,1966/04/IMG_0031_2R.jpg,1,97,1178,792,1406,150,таблица,,9.0,3.0,4.0,0.142,0.065,1.0,0.0958,0.651,0.658,13.0,1.0
1966_04,69,1966/04/IMG_0038_1L.jpg,0,468,770,830,1118,150,таблица,,2.0,2.0,2.0,0.07,0.105,1.0,0.0859,0.672,1.0,9.0,0.889
1966_05,13,1966/05/0080_1L.jpg,0,441,193,812,393,150,таблица,,3.0,1.0,4.0,0.149,0.069,1.0,0.0968,0.746,1.0,8.0,1.0
1966_05,15,1966/05/0090_1L.jpg,0,52,130,470,339,150,таблица,,4.0,2.0,0.0,0.0,0.093,1.0,0.1236,0.804,0.75,6.0,1.0
1966_05,15,1966/05/0090_1L.jpg,1,57,652,425,853,150,таблица,,2.0,1.0,3.0,0.125,0.095,1.0,0.0935,0.76,1.0,6.0,1.0
1966_05,20,1966/05/0110_2R.jpg,0,53,136,482,383,150,таблица,,7.0,3.0,2.0,0.097,0.079,1.0,0.1003,0.692,0.742,13.0,0.923
1966_05,26,1966/05/0140_2R.jpg,0,351,828,802,1104,150,таблица,,3.0,1.0,2.0,0.052,0.06,1.0,0.0851,0.638,1.0,8.0,1.0
1966_05,27,1966/05/0150_1L.jpg,0,45,342,514,682,150,таблица,,5.0,1.0,3.0,0.093,0.064,1.0,0.0827,0.666,1.0,8.0,1.0
1966_05,27,1966/05/0150_1L.jpg,1,50,796,516,1079,150,таблица,,3.0,1.0,0.0,0.0,0.06,1.0,0.1136,0.726,1.0,8.0,1.0
1966_05,28,1966/05/0150_2R.jpg,0,338,391,790,700,150,таблица,,3.0,2.0,1.0,0.022,0.06,1.0,0.1192,0.74,0.588,8.0,1.0
1966_05,28,1966/05/0150_2R.jpg,1,370,886,795,1165,150,таблица,,5.0,1.0,1.0,0.024,0.061,1.0,0.096,0.7,1.0,8.0,1.0
1966_05,29,1966/05/0160_1L.jpg,0,51,690,477,1160,150,таблица,,7.0,1.0,5.0,0.222,0.061,1.0,0.1267,0.717,1.0,12.0,1.0
1966_05,30,1966/05/0160_2R.jpg,0,68,161,818,400,150,нет,"не таблица: рёбер на месте 42%, букв в краске 24%, колонок 34",34.0,10.0,2.0,0.037,0.014,1.0,0.0328,0.241,0.421,134.0,0.239
1966_05,53,1966/05/0280_1L.jpg,0,55,248,800,987,150,таблица,,9.0,2.0,0.0,0.0,0.031,1.0,0.1388,0.871,0.704,12.0,1.0
1966_05,68,1966/05/0350_2R.jpg,0,430,847,804,1170,150,таблица,,1.0,1.0,1.0,0.031,0.241,1.0,0.1678,0.907,1.0,4.0,1.0
1966_05,97,1966/05/0500_1L.jpg,0,58,752,797,1389,150,нет,нет внутренних вертикальных линеек — это рамка вокруг текста,0.0,0.0,0.0,0.0,0.2,0.0,0.113,0.861,0.0,1.0,1.0
1966_06,23,1966/06/IMG_0115_1L.jpg,0,208,442,688,650,150,нет,"одна вертикаль и всего 2 ячейки — это колонтитул, а не таблица",1.0,7.0,2.0,0.37,0.129,1.0,0.0391,0.285,0.375,2.0,1.0
1966_06,25,1966/06/IMG_0116_1L.jpg,0,70,664,507,1118,150,таблица,,14.0,3.0,1.0,0.023,0.021,1.0,0.1046,0.624,0.685,26.0,1.0
1966_06,46,1966/06/IMG_0126_2R.jpg,0,391,335,810,773,150,таблица,,2.0,1.0,0.0,0.0,0.243,1.0,0.1174,0.769,1.0,6.0,1.0
1966_06,53,1966/06/IMG_0130_1L.jpg,0,71,307,446,673,150,таблица,,2.0,1.0,1.0,0.046,0.112,1.0,0.0996,0.772,0.857,5.0,1.0
1966_06,53,1966/06/IMG_0130_1L.jpg,1,78,717,444,1109,150,таблица,,2.0,1.0,1.0,0.031,0.126,1.0,0.1047,0.815,1.0,4.0,1.0
1966_06,54,1966/06/IMG_0130_2R.jpg,0,80,403,809,921,150,таблица,,9.0,2.0,5.0,0.07,0.061,1.0,0.1078,0.819,0.864,13.0,0.923
1966_06,55,1966/06/IMG_0131_1L.jpg,0,82,705,508,1205,150,таблица,,4.0,2.0,0.0,0.0,0.096,1.0,0.117,0.838,0.588,8.0,1.0
1966_06,56,1966/06/IMG_0131_2R.jpg,0,86,134,809,656,150,таблица,,10.0,1.0,2.0,0.043,0.053,1.0,0.0984,0.843,1.0,12.0,1.0
1966_06,62,1966/06/IMG_0134_2R.jpg,0,450,845,816,1161,150,таблица,,6.0,1.0,1.0,0.028,0.117,1.0,0.1243,0.696,0.875,12.0,0.917
1966_06,63,1966/06/IMG_0135_1L.jpg,0,130,443,771,764,150,таблица,,8.0,3.0,3.0,0.115,0.064,1.0,0.0894,0.623,0.711,18.0,1.0
1966_06,63,1966/06/IMG_0135_1L.jpg,1,71,1265,423,1421,150,таблица,,4.0,1.0,4.0,0.204,0.031,1.0,0.0999,0.631,1.0,8.0,0.5
1966_06,64,1966/06/IMG_0135_2R.jpg,0,86,536,802,831,150,таблица,,15.0,3.0,2.0,0.054,0.047,1.0,0.1122,0.647,0.864,31.0,1.0
1966_06,64,1966/06/IMG_0135_2R.jpg,1,77,912,820,1421,150,таблица,,11.0,8.0,0.0,0.0,0.052,1.0,0.1024,0.661,0.643,37.0,1.0
1966_06,65,1966/06/IMG_0136_1L.jpg,0,130,968,775,1391,150,таблица,,7.0,5.0,6.0,0.132,0.054,1.0,0.0596,0.584,0.718,22.0,0.773
1966_06,67,1966/06/IMG_0137_1L.jpg,0,59,163,842,676,150,таблица,,15.0,5.0,3.0,0.039,0.013,1.0,0.0802,0.565,0.738,52.0,0.923
1966_06,67,1966/06/IMG_0137_1L.jpg,1,56,1007,835,1415,150,таблица,,10.0,4.0,7.0,0.119,0.049,1.0,0.1091,0.693,0.667,20.0,0.95
1966_06,68,1966/06/IMG_0137_2R.jpg,0,120,758,765,1401,150,таблица,,5.0,5.0,6.0,0.134,0.072,1.0,0.0806,0.671,0.878,25.0,1.0
1966_06,81,1966/06/IMG_0144_1L.jpg,0,462,962,836,1161,150,таблица,,3.0,1.0,8.0,0.291,0.071,1.0,0.1019,0.754,1.0,8.0,1.0
1966_06,83,1966/06/IMG_0145_1L.jpg,0,57,1011,844,1328,150,таблица,,13.0,3.0,2.0,0.041,0.051,1.0,0.0857,0.62,0.718,26.0,0.846
1966_06,85,1966/06/IMG_0146_1L.jpg,0,463,723,841,952,150,таблица,,2.0,2.0,0.0,0.0,0.167,1.0,0.1186,0.694,0.75,6.0,1.0
1966_06,86,1966/06/IMG_0146_2R.jpg,0,457,151,824,543,150,нет,"одна вертикаль и всего 2 ячейки — это колонтитул, а не таблица",1.0,1.0,0.0,0.0,0.211,1.0,0.1377,0.807,0.75,2.0,1.0
1966_06,90,1966/06/IMG_0148_2R.jpg,0,79,95,786,690,150,таблица,,4.0,1.0,1.0,0.018,0.177,1.0,0.1165,0.815,1.0,8.0,0.75
1966_06,97,1966/06/IMG_0152_1L.jpg,0,80,380,819,860,150,нет,нет внутренних вертикальных линеек — это рамка вокруг текста,0.0,0.0,2.0,0.085,0.158,0.0,0.112,0.844,0.0,1.0,1.0
1967_01,18,1967/01/IMG_0012_2R.jpg,0,478,1086,805,1264,150,таблица,,2.0,1.0,2.0,0.1,0.101,1.0,0.0796,0.588,1.0,6.0,1.0
1967_01,28,1967/01/IMG_0017_2R.jpg,0,317,113,806,342,150,таблица,,5.0,1.0,8.0,0.399,0.053,1.0,0.1008,0.597,1.0,12.0,1.0
1967_01,32,1967/01/IMG_0019_2R.jpg,0,50,1121,807,1406,150,таблица,,7.0,2.0,7.0,0.11,0.048,1.0,0.0957,0.633,0.784,18.0,0.889
1967_01,38,1967/01/IMG_0022_2R.jpg,0,398,233,812,496,150,таблица,,2.0,1.0,1.0,0.025,0.063,1.0,0.1136,0.669,1.0,6.0,1.0
1967_01,38,1967/01/IMG_0022_2R.jpg,1,345,752,810,1093,150,таблица,,4.0,3.0,0.0,0.0,0.097,1.0,0.1115,0.672,0.75,11.0,0.909
1967_01,47,1967/01/IMG_0027_1L.jpg,0,64,176,789,586,150,таблица,,5.0,4.0,8.0,0.16,0.057,1.0,0.0679,0.582,0.776,19.0,0.947
1967_01,61,1967/01/IMG_0034_1L.jpg,0,68,671,479,935,150,таблица,,2.0,1.0,3.0,0.171,0.158,1.0,0.1067,0.667,1.0,6.0,1.0
1967_01,81,1967/01/IMG_0044_1L.jpg,0,45,712,415,911,150,таблица,,4.0,1.0,0.0,0.0,0.065,1.0,0.0824,0.551,0.9,8.0,1.0
1967_01,81,1967/01/IMG_0044_1L.jpg,1,47,1249,792,1425,150,таблица,,14.0,0.0,15.0,0.568,0.012,0.0,0.0976,0.538,1.0,15.0,1.0
1967_01,82,1967/01/IMG_0044_2R.jpg,0,53,160,813,337,150,таблица,,13.0,0.0,11.0,0.448,0.011,0.0,0.0803,0.522,1.0,13.0,1.0
1967_01,97,1967/01/IMG_0052_1L.jpg,0,80,192,744,626,150,нет,нет внутренних вертикальных линеек — это рамка вокруг текста,0.0,0.0,2.0,0.039,0.134,0.0,0.1524,0.902,0.0,1.0,1.0
1967_02,55,1967/02/IMG_0081_1L.jpg,0,53,133,521,479,150,таблица,,2.0,2.0,1.0,0.038,0.198,1.0,0.0856,0.678,1.0,9.0,1.0
1967_02,55,1967/02/IMG_0081_1L.jpg,1,55,535,526,955,150,таблица,,8.0,4.0,0.0,0.0,0.074,1.0,0.1018,0.672,0.8,18.0,0.944
1967_02,56,1967/02/IMG_0081_2R.jpg,0,429,136,806,309,150,таблица,,5.0,1.0,2.0,0.055,0.095,1.0,0.1268,0.714,1.0,10.0,1.0
1967_02,74,1967/02/IMG_0091_2R.jpg,0,432,723,782,1117,150,таблица,,8.0,10.0,5.0,0.881,0.009,1.0,0.0028,0.016,0.738,82.0,0.098
1967_02,75,1967/02/IMG_0092_1L.jpg,0,214,118,754,390,150,таблица,,9.0,4.0,3.0,0.894,0.006,1.0,0.0022,0.019,1.0,50.0,0.1
1967_02,97,1967/02/IMG_0103_1L.jpg,0,73,189,760,620,150,нет,нет внутренних вертикальных линеек — это рамка вокруг текста,0.0,0.0,2.0,0.074,0.111,0.0,0.136,0.891,0.0,1.0,1.0
1967_03,7,1967/03/IMG_0108_1L.jpg,0,61,305,803,1045,150,таблица,,6.0,2.0,0.0,0.0,0.043,1.0,0.1116,0.785,0.625,10.0,0.9
1967_03,8,1967/03/IMG_0108_2R.jpg,0,54,1051,809,1377,150,таблица,,8.0,2.0,5.0,0.096,0.043,1.0,0.0801,0.642,0.625,10.0,0.9
1967_03,9,1967/03/IMG_0109_1L.jpg,0,54,313,810,780,150,нет,"не таблица: рёбер на месте 44%, букв в краске 72%, колонок 7",7.0,3.0,5.0,0.071,0.036,1.0,0.0913,0.716,0.444,10.0,0.9
1967_03,11,1967/03/IMG_0110_1L.jpg,0,58,202,804,539,150,таблица,,8.0,4.0,0.0,0.0,0.046,1.0,0.0976,0.659,0.539,19.0,0.947
1967_03,12,1967/03/IMG_0110_2R.jpg,0,61,138,801,342,150,таблица,,11.0,2.0,4.0,0.059,0.023,1.0,0.0967,0.638,0.982,36.0,1.0
1967_03,13,1967/03/IMG_0111_1L.jpg,0,57,224,802,654,150,таблица,,19.0,4.0,4.0,0.072,0.026,1.0,0.0542,0.474,0.884,52.0,1.0
1967_03,70,1967/03/IMG_0139_2R.jpg,0,69,171,796,456,150,таблица,,9.0,3.0,6.0,0.106,0.022,1.0,0.0766,0.556,0.894,34.0,0.971
1967_03,70,1967/03/IMG_0139_2R.jpg,1,69,741,795,1046,150,таблица,,10.0,3.0,6.0,0.156,0.021,1.0,0.0717,0.539,0.879,33.0,0.97
1967_03,71,1967/03/IMG_0140_1L.jpg,0,51,270,809,531,150,таблица,,5.0,2.0,5.0,0.131,0.047,1.0,0.1001,0.678,0.741,12.0,1.0
1967_03,72,1967/03/IMG_0140_2R.jpg,0,67,257,794,539,150,таблица,,5.0,2.0,2.0,0.027,0.052,1.0,0.0912,0.66,0.778,12.0,1.0
1967_03,74,1967/03/IMG_0141_2R.jpg,0,378,273,792,505,150,таблица,,5.0,2.0,2.0,0.197,0.122,1.0,0.0953,0.606,0.882,11.0,0.909
1967_04,20,1967/04/IMG_0013_2R.jpg,0,55,890,808,1116,150,таблица,,8.0,1.0,2.0,0.031,0.046,1.0,0.12,0.665,1.0,18.0,1.0
1967_04,24,1967/04/IMG_0015_2R.jpg,0,424,420,802,673,150,таблица,,2.0,1.0,0.0,0.0,0.175,1.0,0.0862,0.648,1.0,4.0,1.0
1967_04,25,1967/04/IMG_0016_1L.jpg,0,64,279,429,511,150,таблица,,1.0,1.0,0.0,0.0,0.162,1.0,0.0915,0.643,1.0,4.0,1.0
1967_04,25,1967/04/IMG_0016_1L.jpg,1,61,675,798,1076,150,таблица,,3.0,2.0,8.0,0.149,0.058,1.0,0.0725,0.678,1.0,9.0,1.0
1967_04,65,1967/04/IMG_0036_1L.jpg,0,56,233,483,433,150,таблица,,3.0,2.0,6.0,0.169,0.077,1.0,0.086,0.578,0.647,6.0,1.0
1967_05,18,1967/05/IMG_0062_1L.jpg,0,61,125,476,603,150,таблица,,3.0,2.0,0.0,0.0,0.128,1.0,0.1125,0.744,1.0,9.0,1.0
1967_05,57,1967/05/IMG_0081_2R.jpg,0,339,117,792,289,150,таблица,,5.0,1.0,4.0,0.116,0.109,1.0,0.0832,0.556,1.0,8.0,0.875
1967_05,70,1967/05/IMG_0088_1L.jpg,0,48,1029,792,1404,150,таблица,,7.0,3.0,1.0,0.017,0.048,1.0,0.1058,0.705,0.689,15.0,0.867
1967_05,71,1967/05/IMG_0088_2R.jpg,0,365,552,788,852,150,таблица,,2.0,1.0,3.0,0.109,0.085,1.0,0.0955,0.706,1.0,6.0,0.833
1967_05,71,1967/05/IMG_0088_2R.jpg,1,366,901,793,1229,150,таблица,,3.0,1.0,3.0,0.135,0.082,1.0,0.0931,0.703,1.0,6.0,0.833
1967_05,76,1967/05/IMG_0091_1L.jpg,0,34,127,493,688,150,таблица,,2.0,2.0,1.0,0.022,0.107,1.0,0.1305,0.778,1.0,9.0,1.0
1967_05,77,1967/05/IMG_0091_2R.jpg,0,43,131,803,390,150,таблица,,4.0,2.0,3.0,0.049,0.04,1.0,0.0842,0.658,0.591,10.0,1.0
1967_05,78,1967/05/IMG_0092_1L.jpg,0,41,127,486,1005,150,таблица,,4.0,3.0,0.0,0.0,0.079,1.0,0.1123,0.763,0.833,12.0,1.0
1967_05,79,1967/05/IMG_0092_2R.jpg,0,434,281,806,506,150,таблица,,1.0,1.0,1.0,0.031,0.167,1.0,0.1034,0.684,1.0,4.0,1.0
1967_05,80,1967/05/IMG_0093_1L.jpg,0,41,119,408,428,150,таблица,,1.0,1.0,1.0,0.031,0.272,1.0,0.1618,0.793,1.0,4.0,1.0
1967_05,98,1967/05/IMG_0102_1L.jpg,0,95,217,769,600,150,нет,нет внутренних вертикальных линеек — это рамка вокруг текста,0.0,0.0,2.0,0.065,0.119,0.0,0.1434,0.89,0.0,1.0,1.0
1967_06,4,1967/06/IMG_0105_2R.jpg,0,68,142,806,632,150,таблица,,12.0,6.0,0.0,0.0,0.046,1.0,0.0867,0.658,0.512,17.0,1.0
1967_06,4,1967/06/IMG_0105_2R.jpg,1,377,789,807,1094,150,таблица,,5.0,2.0,3.0,0.089,0.086,1.0,0.1146,0.658,0.818,11.0,1.0
1967_06,22,1967/06/IMG_0114_2R.jpg,0,73,168,490,411,150,таблица,,5.0,3.0,3.0,0.171,0.079,1.0,0.1105,0.619,0.684,13.0,1.0
1967_06,32,1967/06/IMG_0119_2R.jpg,0,78,342,522,744,150,таблица,,2.0,2.0,0.0,0.0,0.095,1.0,0.1006,0.74,0.75,6.0,1.0
1967_06,32,1967/06/IMG_0119_2R.jpg,1,78,832,493,1052,150,таблица,,4.0,2.0,2.0,0.101,0.039,1.0,0.0827,0.59,0.818,12.0,0.917
1967_06,33,1967/06/IMG_0120_1L.jpg,0,55,174,822,588,150,таблица,,7.0,2.0,8.0,0.16,0.047,1.0,0.1011,0.694,0.784,16.0,1.0
1967_06,34,1967/06/IMG_0120_2R.jpg,0,78,169,803,443,150,таблица,,4.0,2.0,4.0,0.075,0.048,1.0,0.0893,0.663,0.864,13.0,0.923
1967_06,36,1967/06/IMG_0121_2R.jpg,0,72,136,813,957,150,таблица,,6.0,4.0,0.0,0.0,0.046,1.0,0.0989,0.715,0.707,22.0,1.0
1967_06,38,1967/06/IMG_0122_2R.jpg,0,379,940,798,1191,150,таблица,,3.0,3.0,5.0,0.167,0.155,1.0,0.076,0.581,0.875,14.0,0.929
1967_06,49,1967/06/IMG_0128_1L.jpg,0,53,259,827,969,150,таблица,,39.0,18.0,0.0,0.0,0.014,1.0,0.0603,0.481,0.485,82.0,0.878
1967_06,51,1967/06/IMG_0129_1L.jpg,0,67,207,813,355,150,таблица,,7.0,1.0,8.0,0.15,0.053,1.0,0.0671,0.502,1.0,16.0,0.5
1967_06,69,1967/06/IMG_0138_1L.jpg,0,59,995,821,1171,150,таблица,,10.0,1.0,1.0,0.014,0.062,1.0,0.0884,0.636,1.0,16.0,1.0
1967_06,70,1967/06/IMG_0138_2R.jpg,0,73,922,802,1249,150,таблица,,12.0,3.0,0.0,0.0,0.029,1.0,0.1067,0.638,0.671,23.0,1.0
1967_06,71,1967/06/IMG_0139_1L.jpg,0,66,342,811,600,150,таблица,,9.0,3.0,8.0,0.148,0.034,1.0,0.093,0.633,0.61,18.0,1.0
1967_06,71,1967/06/IMG_0139_1L.jpg,1,69,835,812,1037,150,таблица,,4.0,2.0,6.0,0.119,0.071,1.0,0.0702,0.558,0.818,11.0,0.909
1967_06,75,1967/06/IMG_0141_1L.jpg,0,450,268,827,501,150,таблица,,3.0,2.0,4.0,0.255,0.069,1.0,0.0733,0.565,1.0,12.0,1.0
1967_06,76,1967/06/IMG_0141_2R.jpg,0,129,134,760,338,150,таблица,,5.0,2.0,3.0,0.123,0.055,1.0,0.0866,0.595,0.636,8.0,0.875
1967_06,77,1967/06/IMG_0142_1L.jpg,0,118,831,763,1119,150,таблица,,5.0,1.0,3.0,0.176,0.057,1.0,0.1068,0.7,1.0,8.0,1.0
1967_06,85,1967/06/IMG_0146_1L.jpg,0,50,728,829,1044,150,таблица,,6.0,3.0,6.0,0.174,0.049,1.0,0.0587,0.524,0.911,25.0,0.92
1967_06,87,1967/06/IMG_0147_1L.jpg,0,63,352,814,1077,150,таблица,,6.0,6.0,0.0,0.0,0.057,1.0,0.0715,0.636,0.831,30.0,0.933
1967_06,97,1967/06/IMG_0152_1L.jpg,0,81,97,812,508,150,нет,нет внутренних вертикальных линеек — это рамка вокруг текста,0.0,0.0,2.0,0.063,0.138,0.0,0.1397,0.874,0.0,1.0,1.0
1967_07,2,1967/07/IMG_0004_2R.jpg,0,37,808,396,1392,150,нет,нет внутренних вертикальных линеек — это рамка вокруг текста,0.0,0.0,1.0,0.109,0.201,0.0,0.1714,0.919,0.0,1.0,1.0
1967_07,2,1967/07/IMG_0004_2R.jpg,1,478,811,834,1393,150,нет,нет внутренних вертикальных линеек — это рамка вокруг текста,0.0,0.0,1.0,0.107,0.296,0.0,0.1434,0.912,0.0,1.0,1.0
1967_07,69,1967/07/IMG_0038_1L.jpg,0,76,108,814,508,150,таблица,,4.0,2.0,2.0,0.039,0.056,1.0,0.0914,0.717,0.682,9.0,0.889
1967_07,73,1967/07/IMG_0040_1L.jpg,0,96,87,1407,806,150,таблица,,31.0,14.0,4.0,0.055,0.018,1.0,0.04,0.406,0.805,164.0,0.567
1967_07,82,1967/07/IMG_0044_2R.jpg,0,59,894,382,1094,150,таблица,,4.0,2.0,4.0,0.185,0.068,1.0,0.0919,0.58,0.818,13.0,0.846
1967_07,89,1967/07/IMG_0048(1)_1L.jpg,0,49,710,824,1064,150,таблица,,5.0,3.0,2.0,0.028,0.057,1.0,0.0786,0.648,0.816,18.0,1.0
1967_08,3,1967/08/IMG_0055_1L.jpg,0,56,279,790,670,150,таблица,,3.0,2.0,3.0,0.052,0.057,1.0,0.07,0.672,0.824,9.0,0.889
1967_08,10,1967/08/IMG_0058_2R.jpg,0,40,117,800,729,150,таблица,,10.0,2.0,6.0,0.098,0.034,1.0,0.1142,0.719,0.952,25.0,1.0
1967_08,10,1967/08/IMG_0058_2R.jpg,1,412,923,798,1213,150,таблица,,4.0,2.0,0.0,0.0,0.088,1.0,0.0862,0.592,0.941,11.0,1.0
1967_08,11,1967/08/IMG_0059_1L.jpg,0,35,782,482,1206,150,таблица,,6.0,1.0,4.0,0.363,0.06,1.0,0.0959,0.667,1.0,10.0,1.0
1967_08,13,1967/08/IMG_0060_1L.jpg,0,55,849,792,1082,150,таблица,,3.0,2.0,15.0,0.286,0.047,1.0,0.0633,0.588,0.765,8.0,1.0
1967_08,97,1967/08/IMG_0102_1L.jpg,0,98,193,746,525,150,нет,нет внутренних вертикальных линеек — это рамка вокруг текста,0.0,0.0,1.0,0.015,0.152,0.0,0.1848,0.903,0.0,1.0,1.0
1967_09,43,1967/09/IMG_0125_1L.jpg,0,109,889,751,1146,150,таблица,,4.0,1.0,3.0,0.062,0.068,1.0,0.0923,0.69,1.0,8.0,1.0
1967_09,51,1967/09/IMG_0130_1L.jpg,0,52,1001,480,1291,150,таблица,,2.0,3.0,2.0,0.063,0.1,1.0,0.0861,0.622,0.882,10.0,0.9
1967_09,52,1967/09/IMG_0130_2R.jpg,0,378,923,801,1175,150,таблица,,2.0,2.0,2.0,0.131,0.099,1.0,0.0932,0.655,0.75,6.0,1.0
1967_09,54,1967/09/IMG_0131_2R.jpg,0,375,258,795,592,150,таблица,,2.0,2.0,2.0,0.086,0.102,1.0,0.1147,0.738,0.75,6.0,1.0
1967_09,56,1967/09/IMG_0132_2R.jpg,0,62,668,789,1028,150,таблица,,6.0,2.0,4.0,0.13,0.05,1.0,0.0751,0.643,0.815,13.0,1.0
1967_09,86,1967/09/IMG_0147_2R.jpg,0,80,121,342,1413,150,таблица,,1.0,14.0,0.0,0.0,0.076,1.0,0.0937,0.68,0.871,14.0,1.0
1967_09,94,1967/09/IMG_0151_2R.jpg,0,70,416,802,970,150,таблица,,5.0,2.0,1.0,0.016,0.055,1.0,0.1184,0.789,0.864,13.0,0.923
1967_10,3,1967/10/IMG_0004_2R.jpg,0,386,275,840,579,150,нет,"не таблица: рёбер на месте 57%, букв в краске 29%, колонок 2",2.0,1.0,2.0,0.153,0.689,1.0,0.0572,0.285,0.571,2.0,0.5
1967_10,35,1967/10/IMG_0021_2R.jpg,0,53,473,537,697,150,таблица,,6.0,2.0,3.0,0.156,0.074,1.0,0.0872,0.537,0.781,14.0,1.0
1967_10,36,1967/10/IMG_0022_1L.jpg,0,350,161,826,510,150,таблица,,6.0,2.0,4.0,0.126,0.074,1.0,0.0663,0.525,0.562,9.0,1.0
1967_10,55,1967/10/IMG_0031_2R.jpg,0,60,1015,540,1374,150,таблица,,4.0,2.0,1.0,0.023,0.054,1.0,0.1325,0.736,0.636,7.0,1.0
1967_10,56,1967/10/IMG_0032_1L.jpg,0,350,653,824,994,150,таблица,,4.0,2.0,3.0,0.073,0.074,1.0,0.1238,0.723,0.636,7.0,1.0
1967_10,58,1967/10/IMG_0033_1L.jpg,0,345,356,817,566,150,таблица,,4.0,3.0,4.0,0.104,0.076,1.0,0.0679,0.546,0.636,10.0,0.9
1967_11,34,1967/11/IMG_0069_1L.jpg,0,44,151,787,603,150,таблица,,13.0,5.0,0.0,0.0,0.047,1.0,0.076,0.621,0.695,20.0,1.0
1967_11,35,1967/11/IMG_0069_2R.jpg,0,95,446,729,671,150,таблица,,7.0,2.0,3.0,0.063,0.065,1.0,0.1059,0.637,0.667,10.0,0.9
1967_11,36,1967/11/IMG_0070_1L.jpg,0,130,733,697,1165,150,таблица,,2.0,2.0,3.0,0.089,0.059,1.0,0.0883,0.704,0.917,8.0,1.0
1967_11,37,1967/11/IMG_0070_2R.jpg,0,96,198,731,454,150,таблица,,7.0,2.0,3.0,0.228,0.053,1.0,0.0824,0.586,0.852,15.0,0.933
1967_11,57,1967/11/IMG_0080_2R.jpg,0,90,347,730,666,150,таблица,,8.0,3.0,1.0,0.035,0.053,1.0,0.08,0.625,0.737,14.0,0.929
1967_11,57,1967/11/IMG_0080_2R.jpg,1,88,807,727,1090,150,таблица,,5.0,2.0,1.0,0.024,0.066,1.0,0.0759,0.601,1.0,18.0,0.944
1967_11,58,1967/11/IMG_0081_1L.jpg,0,45,164,781,965,150,таблица,,11.0,3.0,2.0,0.029,0.053,1.0,0.0863,0.661,0.78,23.0,1.0
1967_11,73,1967/11/IMG_0088_2R.jpg,0,333,260,791,512,150,таблица,,4.0,1.0,2.0,0.068,0.129,1.0,0.0766,0.616,1.0,6.0,1.0
1967_11,73,1967/11/IMG_0088_2R.jpg,1,334,772,787,1001,150,таблица,,3.0,2.0,1.0,0.037,0.094,1.0,0.0798,0.596,0.75,6.0,1.0
1967_11,90,1967/11/IMG_0097_1L.jpg,0,100,636,726,946,150,таблица,,4.0,2.0,2.0,0.112,0.056,1.0,0.0772,0.63,0.824,9.0,1.0
1967_11,97,1967/11/IMG_0100_2R.jpg,0,44,217,784,1306,150,нет,нет внутренних вертикальных линеек — это рамка вокруг текста,0.0,0.0,2.0,0.072,0.177,0.0,0.1417,0.934,0.0,1.0,1.0
1967_11,98,1967/11/IMG_0101_1L.jpg,0,44,360,782,1164,150,нет,нет внутренних вертикальных линеек — это рамка вокруг текста,0.0,2.0,0.0,0.0,0.186,0.0,0.1771,0.933,0.0,1.0,1.0
1967_12,14,1967/12/IMG_0109_1L.jpg,0,54,558,818,763,150,таблица,,7.0,2.0,10.0,0.33,0.042,1.0,0.0511,0.439,0.625,9.0,0.889
1967_12,57,1967/12/IMG_0130_2R.jpg,0,98,587,738,791,150,таблица,,1.0,1.0,9.0,0.201,0.121,1.0,0.0903,0.673,1.0,4.0,1.0
1967_12,59,1967/12/IMG_0131_2R.jpg,0,60,116,786,375,150,таблица,,3.0,1.0,2.0,0.035,0.069,1.0,0.0812,0.704,1.0,6.0,1.0
1967_12,61,1967/12/IMG_0132_2R.jpg,0,49,148,793,730,150,таблица,,2.0,1.0,1.0,0.016,0.019,1.0,0.1019,0.83,1.0,4.0,1.0
1968_01,31,1968/01/IMG_0020_1L.jpg,0,45,96,841,798,150,таблица,,7.0,5.0,0.0,0.0,0.062,1.0,0.117,0.825,0.549,12.0,0.833
1968_01,75,1968/01/IMG_0042_1L.jpg,0,63,1026,822,1226,150,таблица,,16.0,4.0,9.0,0.29,0.012,1.0,0.0901,0.523,0.539,26.0,0.769
1968_01,75,1968/01/IMG_0042_1L.jpg,1,64,1278,823,1449,150,таблица,,10.0,4.0,4.0,0.159,0.014,1.0,0.0714,0.493,0.589,17.0,0.765
1968_02,7,1968/02/IMG_0059_1L.jpg,0,60,861,815,1152,150,таблица,,3.0,2.0,6.0,0.092,0.061,1.0,0.0879,0.66,0.75,6.0,1.0
1968_02,16,1968/02/IMG_0063_2R.jpg,0,42,614,822,910,150,таблица,,8.0,4.0,2.0,0.052,0.056,1.0,0.0776,0.588,0.816,33.0,0.939
1968_02,67,1968/02/IMG_0089_1L.jpg,0,55,474,818,677,150,таблица,,7.0,2.0,12.0,0.424,0.01,1.0,0.0236,0.299,0.784,16.0,0.562
1968_02,67,1968/02/IMG_0089_1L.jpg,1,53,723,817,930,150,таблица,,7.0,2.0,11.0,0.489,0.008,1.0,0.0222,0.281,0.757,15.0,0.533
1968_02,69,1968/02/IMG_0090_1L.jpg,0,37,873,834,1125,150,таблица,,21.0,10.0,3.0,0.105,0.082,1.0,0.0477,0.432,0.467,29.0,0.448
1968_02,76,1968/02/IMG_0093_2R.jpg,0,201,327,677,554,150,нет,"не таблица: рёбер на месте 50%, букв в краске 7%, колонок 7",7.0,19.0,5.0,0.729,0.021,1.0,0.0155,0.073,0.5,16.0,0.062
1968_02,76,1968/02/IMG_0093_2R.jpg,1,158,849,714,1076,150,таблица,,3.0,2.0,4.0,0.12,0.063,1.0,0.0805,0.634,0.765,8.0,1.0
1968_02,77,1968/02/IMG_0094_1L.jpg,0,89,375,788,531,150,нет,"не таблица: рёбер на месте 54%, букв в краске 3%, колонок 6",6.0,10.0,7.0,0.922,0.014,1.0,0.0032,0.026,0.536,15.0,0.333
1968_02,77,1968/02/IMG_0094_1L.jpg,1,68,656,828,977,150,нет,"не таблица: рёбер на месте 45%, букв в краске 12%, колонок 7",7.0,17.0,3.0,0.112,0.013,1.0,0.0137,0.122,0.446,19.0,0.053
1968_02,79,1968/02/IMG_0095_1L.jpg,0,80,269,759,554,150,таблица,,6.0,32.0,5.0,0.114,0.082,1.0,0.0799,0.454,0.587,29.0,0.552
1968_02,86,1968/02/IMG_0098_2R.jpg,0,82,824,781,1081,150,таблица,,3.0,2.0,9.0,0.301,0.056,1.0,0.0739,0.598,1.0,12.0,1.0
1968_02,87,1968/02/IMG_0099_1L.jpg,0,109,179,769,436,150,таблица,,2.0,2.0,2.0,0.033,0.029,1.0,0.0713,0.626,0.5,5.0,1.0
1968_02,88,1968/02/IMG_0099_2R.jpg,0,44,177,824,493,150,таблица,,5.0,3.0,9.0,0.276,0.051,1.0,0.0728,0.647,0.625,10.0,1.0
1968_02,88,1968/02/IMG_0099_2R.jpg,1,74,544,788,841,150,таблица,,2.0,2.0,2.0,0.041,0.043,1.0,0.0825,0.682,0.583,6.0,1.0
1968_03,6,1968/03/IMG_0107_1L.jpg,0,120,127,766,785,150,таблица,,2.0,7.0,6.0,0.125,0.06,1.0,0.1151,0.787,0.593,7.0,1.0
1968_03,12,1968/03/IMG_0110_1L.jpg,0,70,237,837,502,150,таблица,,4.0,1.0,6.0,0.142,0.047,1.0,0.0896,0.675,1.0,10.0,0.9
1968_03,15,1968/03/IMG_0111_2R.jpg,0,120,568,769,836,150,таблица,,3.0,1.0,2.0,0.077,0.122,1.0,0.0864,0.663,1.0,6.0,0.833
1968_03,17,1968/03/IMG_0112_2R.jpg,0,65,574,230,1065,150,нет,нет внутренних вертикальных линеек — это рамка вокруг текста,0.0,6.0,0.0,0.0,0.485,0.0,0.1229,0.692,1.0,1.0,1.0
1968_03,17,1968/03/IMG_0112_2R.jpg,1,264,576,823,1048,150,нет,"не таблица: рёбер на месте 42%, букв в краске 51%, колонок 7",7.0,8.0,2.0,0.068,0.057,1.0,0.0532,0.512,0.418,9.0,0.889
1968_03,21,1968/03/IMG_0114_2R.jpg,0,65,449,836,719,150,таблица,,24.0,6.0,6.0,0.1,0.029,1.0,0.0727,0.379,0.736,93.0,0.677
1968_03,22,1968/03/IMG_0115_1L.jpg,0,64,596,827,955,150,таблица,,33.0,11.0,3.0,0.041,0.047,1.0,0.0725,0.299,0.815,297.0,0.448
1968_03,31,1968/03/IMG_0119_2R.jpg,0,68,818,823,1044,150,таблица,,14.0,6.0,5.0,0.165,0.012,1.0,0.0925,0.541,0.477,20.0,1.0
1968_03,37,1968/03/IMG_0122_2R.jpg,0,67,447,834,783,150,таблица,,10.0,1.0,7.0,0.317,0.012,1.0,0.0819,0.601,0.645,11.0,1.0
1968_03,38,1968/03/IMG_0123_1L.jpg,0,64,1144,834,1432,150,таблица,,13.0,5.0,1.0,0.025,0.044,1.0,0.1122,0.633,0.702,29.0,1.0
1968_03,50,1968/03/IMG_0129_1L.jpg,0,60,252,847,708,150,таблица,,5.0,2.0,3.0,0.062,0.055,1.0,0.0997,0.723,0.852,16.0,0.938
1968_03,59,1968/03/IMG_0133_2R.jpg,0,398,821,805,1043,150,нет,"не таблица: рёбер на месте 32%, букв в краске 25%, колонок 3",3.0,10.0,1.0,0.025,0.029,1.0,0.0374,0.246,0.315,4.0,0.75
1968_03,60,1968/03/IMG_0134_1L.jpg,0,95,516,558,886,150,нет,"не таблица: рёбер на месте 40%, букв в краске 26%, колонок 7",7.0,16.0,3.0,0.12,0.022,1.0,0.0299,0.256,0.401,13.0,0.308
1968_03,61,1968/03/IMG_0134_2R.jpg,0,366,512,806,935,150,нет,"не таблица: рёбер на месте 34%, букв в краске 28%, колонок 9",9.0,22.0,0.0,0.0,0.024,1.0,0.0403,0.281,0.342,14.0,0.5
1968_03,67,1968/03/IMG_0137_2R.jpg,0,134,476,769,711,150,таблица,,3.0,2.0,2.0,0.055,0.024,1.0,0.069,0.579,0.765,8.0,1.0
1968_03,70,1968/03/IMG_0139_1L.jpg,0,495,856,833,1237,150,таблица,,2.0,1.0,2.0,0.086,0.107,1.0,0.1018,0.67,1.0,6.0,1.0
1968_03,79,1968/03/IMG_0143_2R.jpg,0,552,117,826,267,150,таблица,,1.0,1.0,1.0,0.106,0.128,1.0,0.0804,0.548,1.0,4.0,1.0
1968_03,79,1968/03/IMG_0143_2R.jpg,1,72,406,443,612,150,таблица,,3.0,2.0,2.0,0.077,0.094,1.0,0.0934,0.632,0.75,6.0,1.0
1968_03,86,1968/03/IMG_0147_1L.jpg,0,170,872,728,1082,150,таблица,,3.0,2.0,7.0,0.184,0.048,1.0,0.078,0.586,0.824,10.0,0.9
1968_03,88,1968/03/IMG_0148_1L.jpg,0,53,168,841,541,150,таблица,,2.0,1.0,2.0,0.059,0.098,1.0,0.0716,0.673,1.0,6.0,1.0
1968_03,93,1968/03/IMG_0150_2R.jpg,0,73,904,820,1451,150,таблица,,5.0,3.0,4.0,0.076,0.046,1.0,0.1042,0.727,0.816,18.0,0.889
1968_04,21,1968/04/IMG_0014_1L.jpg,0,81,114,817,443,150,таблица,,6.0,2.0,6.0,0.128,0.042,1.0,0.0852,0.649,1.0,18.0,1.0
1968_04,25,1968/04/IMG_0016_1L.jpg,0,76,560,819,1004,150,таблица,,6.0,2.0,3.0,0.086,0.042,1.0,0.0923,0.672,0.875,18.0,0.944
1968_04,26,1968/04/IMG_0016_2R.jpg,0,57,180,836,798,150,таблица,,10.0,4.0,3.0,0.047,0.041,1.0,0.0839,0.619,0.638,29.0,0.966
1968_04,27,1968/04/IMG_0017_1L.jpg,0,70,284,820,584,150,таблица,,4.0,1.0,8.0,0.201,0.043,1.0,0.0712,0.646,1.0,10.0,1.0
1968_04,28,1968/04/IMG_0017_2R.jpg,0,48,213,845,921,150,таблица,,8.0,7.0,5.0,0.148,0.04,1.0,0.0817,0.666,0.57,25.0,0.88
1968_04,34,1968/04/IMG_0020_2R.jpg,0,51,353,839,517,150,таблица,,6.0,2.0,4.0,0.1,0.01,1.0,0.0547,0.474,0.963,17.0,0.941
1968_04,36,1968/04/IMG_0021_2R.jpg,0,57,188,838,428,150,таблица,,8.0,4.0,3.0,0.104,0.012,1.0,0.0608,0.487,0.75,29.0,1.0
1968_04,37,1968/04/IMG_0022_1L.jpg,0,74,155,1469,797,150,таблица,,9.0,5.0,3.0,0.034,0.058,1.0,0.091,0.67,0.913,50.0,1.0
1968_04,38,1968/04/IMG_0022_2R.jpg,0,130,85,1450,626,150,таблица,,15.0,6.0,2.0,0.02,0.047,1.0,0.0858,0.631,0.821,47.0,1.0
1968_04,39,1968/04/IMG_0023_1L.jpg,0,199,115,1431,599,150,нет,"не таблица: рёбер на месте 33%, букв в краске 39%, колонок 12",12.0,30.0,10.0,0.465,0.002,1.0,0.0362,0.388,0.329,26.0,0.692
1968_04,40,1968/04/IMG_0023_2R.jpg,0,241,98,1416,599,150,таблица,,18.0,12.0,6.0,0.118,0.003,1.0,0.0524,0.548,0.257,18.0,0.833
1968_04,71,1968/04/IMG_0039_1L.jpg,0,65,812,834,1227,150,таблица,,11.0,2.0,4.0,0.074,0.046,1.0,0.12,0.69,0.851,24.0,0.958
1968_05,55,1968/05/IMG_0080_2R.jpg,0,376,422,840,1175,150,таблица,,6.0,6.0,3.0,0.084,0.041,1.0,0.0128,0.203,0.741,25.0,0.36
1968_05,60,1968/05/IMG_0083_1L.jpg,0,67,545,823,804,150,таблица,,5.0,3.0,4.0,0.174,0.044,1.0,0.0433,0.449,0.684,13.0,1.0
1968_05,61,1968/05/IMG_0083_2R.jpg,0,54,122,836,555,150,таблица,,10.0,2.0,5.0,0.136,0.024,1.0,0.0556,0.559,0.703,16.0,1.0
1968_05,63,1968/05/IMG_0084_2R.jpg,0,110,131,775,449,150,таблица,,2.0,1.0,8.0,0.157,0.077,1.0,0.0855,0.718,1.0,6.0,1.0
1968_05,64,1968/05/IMG_0085_1L.jpg,0,58,604,840,873,150,таблица,,6.0,2.0,3.0,0.038,0.035,1.0,0.0566,0.538,1.0,21.0,0.905
1968_05,65,1968/05/IMG_0085_2R.jpg,0,63,125,828,778,150,таблица,,2.0,4.0,6.0,0.077,0.012,1.0,0.0622,0.686,0.864,12.0,1.0
1968_05,71,1968/05/IMG_0088_2R.jpg,0,60,394,817,785,150,таблица,,5.0,1.0,2.0,0.054,0.061,1.0,0.0711,0.657,1.0,12.0,1.0
1968_05,71,1968/05/IMG_0088_2R.jpg,1,65,1012,826,1274,150,таблица,,5.0,2.0,0.0,0.0,0.047,1.0,0.0617,0.596,1.0,15.0,1.0
1968_05,72,1968/05/IMG_0089_1L.jpg,0,62,133,818,457,150,таблица,,14.0,4.0,0.0,0.0,0.045,1.0,0.0777,0.622,0.898,32.0,1.0
1968_05,72,1968/05/IMG_0089_1L.jpg,1,450,621,834,948,150,таблица,,8.0,4.0,0.0,0.0,0.07,1.0,0.0807,0.624,0.903,18.0,0.944
1968_05,72,1968/05/IMG_0089_1L.jpg,2,456,1156,835,1430,150,таблица,,6.0,3.0,1.0,0.036,0.074,1.0,0.0992,0.669,1.0,15.0,1.0
1968_05,73,1968/05/IMG_0089_2R.jpg,0,54,662,833,978,150,таблица,,14.0,6.0,0.0,0.0,0.028,1.0,0.0691,0.593,0.8,37.0,0.892
1968_05,74,1968/05/IMG_0090_1L.jpg,0,64,146,833,411,150,таблица,,12.0,4.0,2.0,0.042,0.035,1.0,0.0599,0.532,0.776,21.0,0.952
1968_05,74,1968/05/IMG_0090_1L.jpg,1,49,656,431,976,150,таблица,,3.0,3.0,1.0,0.027,0.093,1.0,0.0762,0.577,0.833,12.0,1.0
1968_05,77,1968/05/IMG_0091_2R.jpg,0,56,389,828,567,150,таблица,,6.0,3.0,3.0,0.066,0.047,1.0,0.0942,0.649,0.556,14.0,1.0
1968_05,93,1968/05/IMG_0099_2R.jpg,0,57,523,818,782,150,таблица,,5.0,3.0,5.0,0.195,0.034,1.0,0.0432,0.47,0.889,15.0,1.0
1968_06,6,1968/06/IMG_0105_2R.jpg,0,65,91,816,543,150,таблица,,3.0,3.0,7.0,0.152,0.047,1.0,0.0895,0.711,0.708,9.0,0.889
1968_06,28,1968/06/IMG_0116_2R.jpg,0,64,93,814,639,150,таблица,,3.0,1.0,3.0,0.068,0.052,1.0,0.0852,0.752,1.0,8.0,0.875
1968_06,29,1968/06/IMG_0117_1L.jpg,0,55,119,820,358,150,таблица,,4.0,3.0,0.0,0.0,0.044,1.0,0.076,0.597,0.613,13.0,0.846
1968_06,30,1968/06/IMG_0117_2R.jpg,0,60,644,804,873,150,таблица,,6.0,2.0,4.0,0.099,0.052,1.0,0.0967,0.673,0.844,17.0,0.882
1968_06,38,1968/06/IMG_0122_2R.jpg,0,65,453,812,1386,150,таблица,,5.0,9.0,3.0,0.06,0.122,1.0,0.0725,0.684,0.872,24.0,1.0
1968_06,39,1968/06/IMG_0123_1L.jpg,0,153,405,721,890,150,таблица,,1.0,2.0,1.0,0.065,0.174,1.0,0.1112,0.789,0.857,5.0,1.0
1968_06,43,1968/06/IMG_0124_1_1L.jpg,0,127,123,1450,824,150,таблица,,20.0,7.0,2.0,0.028,0.022,1.0,0.0733,0.594,0.701,56.0,0.964
1968_06,44,1968/06/IMG_0124_1_2R.jpg,0,68,1184,810,1420,150,таблица,,4.0,2.0,2.0,0.04,0.042,1.0,0.0687,0.583,0.773,10.0,1.0
1968_06,47,1968/06/IMG_0126_1L.jpg,0,55,168,825,568,150,таблица,,12.0,3.0,7.0,0.201,0.013,1.0,0.0822,0.609,0.609,22.0,1.0
1968_06,61,1968/06/IMG_0133_1L.jpg,0,52,946,828,1399,150,таблица,,6.0,2.0,5.0,0.199,0.052,1.0,0.093,0.714,0.727,10.0,0.9
1968_06,65,1968/06/IMG_0135_1L.jpg,0,53,660,826,1199,150,таблица,,6.0,3.0,1.0,0.033,0.067,1.0,0.0753,0.643,0.889,23.0,1.0
1968_06,67,1968/06/IMG_0136_1L.jpg,0,36,492,370,975,150,таблица,,4.0,3.0,2.0,0.094,0.135,1.0,0.0866,0.666,0.882,10.0,1.0
1968_06,77,1968/06/IMG_0141_1L.jpg,0,51,292,823,472,150,таблица,,9.0,1.0,14.0,0.481,0.014,1.0,0.0424,0.509,0.955,15.0,0.867
1968_06,78,1968/06/IMG_0141_2R.jpg,0,59,94,816,327,150,таблица,,4.0,2.0,4.0,0.111,0.032,1.0,0.0469,0.53,1.0,15.0,0.867
1968_06,79,1968/06/IMG_0142_1L.jpg,0,55,538,825,941,150,таблица,,6.0,3.0,8.0,0.118,0.023,1.0,0.0663,0.618,1.0,24.0,0.833
1968_06,81,1968/06/IMG_0143_1L.jpg,0,108,367,773,705,150,таблица,,6.0,4.0,2.0,0.042,0.052,1.0,0.0424,0.467,0.714,20.0,0.85
1968_06,81,1968/06/IMG_0143_1L.jpg,1,50,802,831,1278,150,таблица,,12.0,5.0,2.0,0.042,0.022,1.0,0.0583,0.545,0.678,44.0,0.909
1968_06,82,1968/06/IMG_0143_2R.jpg,0,64,551,814,1095,150,таблица,,6.0,5.0,9.0,0.285,0.023,1.0,0.0467,0.531,0.901,35.0,1.0
1968_06,83,1968/06/IMG_0144_1L.jpg,0,46,201,826,748,150,таблица,,9.0,6.0,0.0,0.0,0.039,1.0,0.0903,0.708,0.768,37.0,0.946
1968_06,83,1968/06/IMG_0144_1L.jpg,1,103,1227,767,1403,150,таблица,,3.0,1.0,2.0,0.227,0.075,1.0,0.0771,0.636,1.0,8.0,1.0
1968_06,85,1968/06/IMG_0145_1L.jpg,0,39,883,831,1140,150,таблица,,13.0,4.0,1.0,0.034,0.016,1.0,0.0917,0.586,0.545,23.0,1.0
1968_07,23,1968/07/IMG_0014_2R.jpg,0,37,578,838,812,150,таблица,,4.0,1.0,6.0,0.088,0.115,1.0,0.1076,0.698,1.0,10.0,1.0
1968_07,48,1968/07/IMG_0027_1L.jpg,0,50,156,812,396,150,таблица,,2.0,2.0,4.0,0.304,0.059,1.0,0.0543,0.536,1.0,9.0,0.889
1968_07,63,1968/07/IMG_0034_2R.jpg,0,56,948,813,1217,150,таблица,,9.0,2.0,4.0,0.109,0.024,1.0,0.1028,0.635,0.787,20.0,1.0
1968_07,67,1968/07/IMG_0036_2R.jpg,0,90,281,784,811,150,нет,"не таблица: рёбер на месте 28%, букв в краске 23%, колонок 29",29.0,25.0,3.0,0.094,0.024,1.0,0.0321,0.234,0.279,35.0,0.543
1968_07,76,1968/07/IMG_0041_1L.jpg,0,62,598,807,953,150,таблица,,8.0,10.0,3.0,0.125,0.017,1.0,0.0314,0.285,0.74,46.0,0.239
1968_09,80,1968/09/IMG_0143_2R.jpg,0,442,771,815,1029,150,таблица,,2.0,1.0,1.0,0.031,0.072,1.0,0.1033,0.672,1.0,6.0,1.0
1968_09,85,1968/09/IMG_0146_1L.jpg,0,38,812,418,1100,150,таблица,,7.0,2.0,4.0,0.205,0.087,1.0,0.1033,0.609,0.778,13.0,1.0
1968_10,6,1968/10/IMG_0006_2R.jpg,0,42,889,826,1206,150,таблица,,8.0,5.0,2.0,0.03,0.047,1.0,0.0884,0.59,0.816,34.0,0.971
1968_10,9,1968/10/IMG_0008_1L.jpg,0,70,205,795,572,150,таблица,,9.0,3.0,0.0,0.0,0.057,1.0,0.1018,0.658,0.692,20.0,0.9
1968_10,14,1968/10/IMG_0010_2R.jpg,0,40,839,829,1433,150,таблица,,26.0,5.0,1.0,0.02,0.047,1.0,0.0642,0.53,0.6,41.0,0.341
1968_10,18,1968/10/IMG_0012_2R.jpg,0,50,916,819,1430,150,таблица,,5.0,2.0,3.0,0.079,0.036,1.0,0.0774,0.645,0.815,12.0,1.0
1968_10,62,1968/10/IMG_0034_2R.jpg,0,39,866,824,1257,150,таблица,,6.0,1.0,4.0,0.159,0.048,1.0,0.0926,0.716,1.0,10.0,1.0
1968_12,20,1968/12/IMG_0113_2R.jpg,0,64,156,797,376,150,таблица,,12.0,3.0,4.0,0.076,0.011,1.0,0.0652,0.528,0.6,24.0,1.0
1968_12,20,1968/12/IMG_0113_2R.jpg,1,66,568,792,901,150,таблица,,17.0,10.0,2.0,0.037,0.047,1.0,0.0731,0.567,0.682,44.0,0.977
1968_12,36,1968/12/IMG_0121_2R.jpg,0,167,879,686,1180,150,таблица,,3.0,2.0,3.0,0.191,0.046,1.0,0.0961,0.662,0.824,9.0,1.0
1968_12,70,1968/12/IMG_0138_2R.jpg,0,123,616,736,912,150,нет,"не таблица: рёбер на месте 43%, букв в краске 6%, колонок 8",8.0,17.0,6.0,0.775,0.016,1.0,0.0123,0.063,0.429,15.0,0.333
1968_12,75,1968/12/IMG_0141_1L.jpg,0,54,696,812,1281,150,таблица,,4.0,6.0,0.0,0.0,0.073,1.0,0.0893,0.677,0.897,31.0,0.903
1968_12,76,1968/12/IMG_0141_2R.jpg,0,62,324,793,690,150,таблица,,5.0,3.0,0.0,0.0,0.051,1.0,0.0953,0.655,0.868,19.0,1.0
1969_01,15,1969/01/IMG_0011_1L.jpg,0,45,180,835,500,150,таблица,,12.0,3.0,8.0,0.144,0.035,1.0,0.1216,0.669,0.575,16.0,1.0
1969_01,16,1969/01/IMG_0011_2R.jpg,0,73,121,1452,810,150,таблица,,39.0,5.0,0.0,0.0,0.025,1.0,0.0592,0.642,0.568,31.0,0.871
1969_01,17,1969/01/IMG_0012_1L.jpg,0,64,740,818,1341,150,таблица,,25.0,3.0,0.0,0.0,0.035,1.0,0.1012,0.711,0.54,17.0,0.882
1969_01,22,1969/01/IMG_0014_2R.jpg,0,41,453,834,606,150,таблица,,8.0,1.0,6.0,0.078,0.052,1.0,0.0785,0.616,1.0,18.0,1.0
1969_01,23,1969/01/IMG_0015_1L.jpg,0,70,182,813,646,150,таблица,,4.0,1.0,0.0,0.0,0.058,1.0,0.0989,0.798,1.0,6.0,0.833
1969_01,31,1969/01/IMG_0019_1L.jpg,0,68,251,814,551,150,таблица,,14.0,5.0,5.0,0.093,0.056,1.0,0.0889,0.645,0.659,29.0,1.0
1969_01,41,1969/01/IMG_0024_1L.jpg,0,69,356,818,710,150,таблица,,5.0,2.0,8.0,0.124,0.024,1.0,0.0995,0.717,0.63,10.0,1.0
1969_01,44,1969/01/IMG_0025_2R.jpg,0,47,679,828,828,150,таблица,,2.0,1.0,9.0,0.355,0.035,1.0,0.0302,0.381,1.0,6.0,1.0
1969_01,44,1969/01/IMG_0025_2R.jpg,1,49,939,833,1431,150,таблица,,9.0,5.0,0.0,0.0,0.043,1.0,0.0752,0.649,0.667,25.0,0.84
1969_01,45,1969/01/IMG_0026_1L.jpg,0,70,190,820,572,150,таблица,,6.0,3.0,3.0,0.068,0.033,1.0,0.0754,0.619,0.689,15.0,0.867
1969_01,46,1969/01/IMG_0026_2R.jpg,0,55,131,819,649,150,таблица,,2.0,2.0,0.0,0.0,0.092,1.0,0.0905,0.768,1.0,9.0,0.889
1969_01,77,1969/01/IMG_0042_1L.jpg,0,164,988,723,1241,150,таблица,,1.0,1.0,0.0,0.0,0.263,1.0,0.123,0.769,1.0,4.0,1.0
1969_01,82,1969/01/IMG_0044_2R.jpg,0,42,115,838,817,150,таблица,,15.0,4.0,0.0,0.0,0.034,1.0,0.0755,0.654,0.682,26.0,0.923
1969_01,83,1969/01/IMG_0045_1L.jpg,0,65,531,816,922,150,таблица,,6.0,2.0,7.0,0.117,0.035,1.0,0.0613,0.629,0.773,10.0,0.9
1969_01,85,1969/01/IMG_0046_1L.jpg,0,72,133,811,1049,150,таблица,,9.0,2.0,1.0,0.022,0.045,1.0,0.0538,0.6,0.784,16.0,1.0
1969_02,14,1969/02/IMG_0060_2R.jpg,0,52,150,821,498,150,таблица,,3.0,1.0,2.0,0.025,0.057,1.0,0.0915,0.722,1.0,8.0,1.0
1969_02,18,1969/02/IMG_0062_2R.jpg,0,52,313,815,708,150,таблица,,14.0,5.0,2.0,0.031,0.047,1.0,0.0974,0.685,0.791,27.0,1.0
1969_02,19,1969/02/IMG_0063_1L.jpg,0,56,127,811,510,150,таблица,,5.0,3.0,5.0,0.096,0.048,1.0,0.0834,0.68,0.806,15.0,1.0
1969_02,26,1969/02/IMG_0066_2R.jpg,0,48,264,822,1001,150,таблица,,11.0,6.0,0.0,0.0,0.062,1.0,0.0484,0.523,0.5,19.0,0.316
1969_02,27,1969/02/IMG_0067_1L.jpg,0,63,139,814,548,150,таблица,,10.0,7.0,3.0,0.047,0.051,1.0,0.0446,0.452,0.493,19.0,0.316
1969_02,35,1969/02/IMG_0071_1L.jpg,0,62,580,817,924,150,таблица,,7.0,3.0,2.0,0.055,0.06,1.0,0.0842,0.657,0.778,19.0,0.947
1969_02,39,1969/02/IMG_0073_1L.jpg,0,218,93,464,443,150,нет,"не таблица: рёбер на месте 46%, букв в краске 5%, колонок 38",38.0,7.0,3.0,0.273,0.126,1.0,0.0093,0.053,0.462,14.0,0.286
1969_02,40,1969/02/IMG_0073_2R.jpg,0,51,186,827,640,150,таблица,,3.0,3.0,2.0,0.038,0.054,1.0,0.0872,0.734,0.875,13.0,1.0
1969_02,40,1969/02/IMG_0073_2R.jpg,1,71,775,823,1064,150,нет,"не таблица: рёбер на месте 59%, букв в краске 19%, колонок 46",46.0,29.0,5.0,0.243,0.032,1.0,0.0366,0.187,0.588,260.0,0.123
1969_02,41,1969/02/IMG_0074_1L.jpg,0,498,440,785,972,150,нет,"не таблица: рёбер на месте 43%, букв в краске 8%, колонок 5",5.0,50.0,6.0,0.628,0.045,1.0,0.0177,0.076,0.429,18.0,0.444
1969_02,42,1969/02/IMG_0074_2R.jpg,0,38,164,844,1069,150,нет,"не таблица: рёбер на месте 57%, букв в краске 29%, колонок 45",45.0,15.0,2.0,0.03,0.016,1.0,0.0386,0.287,0.569,120.0,0.275
1969_02,43,1969/02/IMG_0075_1L.jpg,0,118,112,792,573,150,нет,"не таблица: рёбер на месте 33%, букв в краске 31%, колонок 22",22.0,48.0,3.0,0.058,0.009,1.0,0.0458,0.313,0.33,22.0,0.409
1969_02,43,1969/02/IMG_0075_1L.jpg,1,65,737,817,1150,150,таблица,,14.0,5.0,2.0,0.053,0.029,1.0,0.0659,0.616,0.755,19.0,1.0
1969_02,44,1969/02/IMG_0075_2R.jpg,0,55,748,820,1111,150,таблица,,3.0,3.0,0.0,0.0,0.051,1.0,0.0977,0.747,0.458,7.0,1.0
1969_02,55,1969/02/IMG_0081_1L.jpg,0,63,360,816,707,150,таблица,,3.0,1.0,2.0,0.037,0.121,1.0,0.1186,0.786,0.857,5.0,1.0
1969_03,10,1969/03/IMG_0108_2R.jpg,0,145,851,733,1112,150,таблица,,2.0,2.0,1.0,0.046,0.134,1.0,0.0815,0.619,0.75,6.0,1.0
1969_03,12,1969/03/IMG_0109_2R.jpg,0,497,223,815,465,150,таблица,,2.0,2.0,0.0,0.0,0.047,1.0,0.0741,0.561,1.0,9.0,1.0
1969_03,71,1969/03/IMG_0139_1L.jpg,0,31,186,851,1041,150,нет,"не таблица: рёбер на месте 32%, букв в краске 11%, колонок 29",29.0,30.0,6.0,0.166,0.017,1.0,0.0087,0.108,0.318,32.0,0.375
1969_03,78,1969/03/IMG_0142_2R.jpg,0,70,438,475,1347,150,нет,"не таблица: рёбер на месте 40%, букв в краске 3%, колонок 24",24.0,18.0,5.0,0.588,0.03,1.0,0.0034,0.032,0.4,23.0,0.13
1969_03,85,1969/03/IMG_0146_1L.jpg,0,98,420,783,885,150,таблица,,6.0,2.0,5.0,0.096,0.053,1.0,0.0882,0.715,0.647,8.0,0.875
1969_04,40,1969/04/IMG_0024_2R.jpg,0,41,173,814,457,150,таблица,,7.0,3.0,1.0,0.028,0.048,1.0,0.0796,0.618,0.756,18.0,0.944
1969_04,41,1969/04/IMG_0025_1L.jpg,0,218,39,1364,686,150,нет,"не таблица: рёбер на месте 33%, букв в краске 18%, колонок 15",15.0,64.0,7.0,0.442,0.016,1.0,0.0257,0.177,0.327,12.0,0.5
1969_04,80,1969/04/IMG_0044_2R.jpg,0,42,618,814,985,150,таблица,,8.0,2.0,2.0,0.029,0.035,1.0,0.1053,0.688,0.643,12.0,0.917
1969_04,81,1969/04/IMG_0045_1L.jpg,0,71,778,719,931,150,нет,"не таблица: рёбер на месте 43%, букв в краске 20%, колонок 5",5.0,10.0,1.0,0.05,0.016,1.0,0.04,0.199,0.429,7.0,0.714
1969_05,10,1969/05/IMG_0059_2R.jpg,0,90,738,765,997,150,таблица,,2.0,1.0,12.0,0.266,0.053,1.0,0.0833,0.669,1.0,6.0,0.833
1969_05,29,1969/05/IMG_0069_1L.jpg,0,54,341,806,628,150,таблица,,9.0,6.0,2.0,0.027,0.044,1.0,0.0979,0.611,0.776,37.0,0.946
1969_05,30,1969/05/IMG_0069_2R.jpg,0,45,139,807,397,150,таблица,,5.0,3.0,7.0,0.175,0.041,1.0,0.0594,0.537,0.816,18.0,1.0
1969_05,30,1969/05/IMG_0069_2R.jpg,1,477,1233,806,1408,150,таблица,,2.0,2.0,1.0,0.036,0.119,1.0,0.0932,0.568,0.667,5.0,1.0
1969_05,34,1969/05/IMG_0071_2R.jpg,0,107,341,746,626,150,таблица,,3.0,2.0,4.0,0.11,0.055,1.0,0.093,0.674,1.0,12.0,0.917
1969_05,50,1969/05/IMG_0079_2R.jpg,0,379,496,802,843,150,таблица,,3.0,3.0,0.0,0.0,0.097,1.0,0.1023,0.698,0.75,12.0,1.0
1969_05,52,1969/05/IMG_0080_2R.jpg,0,429,153,800,538,150,таблица,,2.0,1.0,3.0,0.173,0.116,1.0,0.1081,0.722,1.0,6.0,1.0
1969_05,77,1969/05/IMG_0093_1L.jpg,0,80,1002,774,1203,150,таблица,,5.0,2.0,6.0,0.248,0.05,1.0,0.06,0.534,0.591,7.0,1.0
1969_05,78,1969/05/IMG_0093_2R.jpg,0,54,701,808,1085,150,таблица,,4.0,2.0,7.0,0.139,0.076,1.0,0.0832,0.707,0.765,8.0,1.0
1969_05,84,1969/05/IMG_0096_2R.jpg,0,114,783,741,1039,150,таблица,,3.0,2.0,2.0,0.047,0.041,1.0,0.0849,0.66,0.765,8.0,1.0
1969_06,7,1969/06/IMG_0108_1L.jpg,0,59,503,812,745,150,таблица,,9.0,1.0,7.0,0.257,0.036,1.0,0.0701,0.573,1.0,12.0,0.833
1969_06,19,1969/06/IMG_0114_1L.jpg,0,63,122,813,543,150,таблица,,3.0,3.0,2.0,0.038,0.06,1.0,0.097,0.713,0.75,10.0,0.9
1969_06,30,1969/06/IMG_0119_2R.jpg,0,73,527,803,906,150,таблица,,4.0,2.0,1.0,0.021,0.033,1.0,0.1104,0.733,0.773,10.0,1.0
1969_06,39,1969/06/IMG_0124_1L.jpg,0,50,1227,818,1421,150,таблица,,7.0,2.0,2.0,0.028,0.036,1.0,0.1005,0.594,0.865,24.0,1.0
1969_06,40,1969/06/IMG_0124_2R.jpg,0,59,803,808,1187,150,таблица,,12.0,3.0,0.0,0.0,0.012,1.0,0.1021,0.6,0.821,47.0,0.957
1969_06,44,1969/06/IMG_0126_2R.jpg,0,58,647,808,1198,150,таблица,,26.0,5.0,0.0,0.0,0.012,1.0,0.0915,0.577,0.726,64.0,0.891
1969_06,58,1969/06/IMG_0133_2R.jpg,0,74,158,806,803,150,таблица,,11.0,8.0,8.0,0.244,0.02,1.0,0.0354,0.437,0.882,53.0,0.981
1969_06,60,1969/06/IMG_0134_2R.jpg,0,60,158,801,865,150,таблица,,7.0,8.0,5.0,0.105,0.022,1.0,0.0484,0.561,0.913,64.0,0.891
1969_06,61,1969/06/IMG_0135_1L.jpg,0,51,563,820,1015,150,таблица,,7.0,8.0,0.0,0.0,0.048,1.0,0.0658,0.51,0.89,61.0,0.885
1969_06,62,1969/06/IMG_0135_2R.jpg,0,68,189,801,640,150,таблица,,7.0,8.0,0.0,0.0,0.033,1.0,0.064,0.52,0.89,61.0,0.885
1969_06,65,1969/06/IMG_0137_1L.jpg,0,102,212,1415,774,150,таблица,,26.0,25.0,0.0,0.0,0.009,1.0,0.0541,0.419,0.48,46.0,0.652
1969_06,67,1969/06/IMG_0138_1L.jpg,0,119,114,460,1418,150,нет,"не таблица: рёбер на месте 54%, букв в краске 40%, колонок 16",16.0,31.0,4.0,0.15,0.029,1.0,0.0472,0.402,0.537,102.0,0.725
1969_06,68,1969/06/IMG_0138_2R.jpg,0,70,121,797,578,150,таблица,,4.0,3.0,1.0,0.027,0.155,1.0,0.0923,0.682,0.71,12.0,1.0
1969_07,13,1969/07/IMG_0010_1L.jpg,0,121,696,750,961,150,таблица,,3.0,2.0,3.0,0.124,0.054,1.0,0.0532,0.545,0.647,7.0,1.0
1969_07,48,1969/07/IMG_0027_2R.jpg,0,461,413,828,937,150,нет,"не таблица: рёбер на месте 66%, букв в краске 13%, колонок 16",16.0,4.0,4.0,0.674,0.008,1.0,0.0239,0.132,0.661,31.0,0.194
1969_08,25,1969/08/IMG_0066_1L.jpg,0,439,115,803,1456,150,таблица,,5.0,68.0,1.0,0.051,0.03,1.0,0.0633,0.579,0.662,110.0,0.582
1969_08,26,1969/08/IMG_0066_2R.jpg,0,49,343,811,633,150,таблица,,13.0,3.0,0.0,0.0,0.033,1.0,0.0881,0.626,0.46,19.0,0.632
1969_08,28,1969/08/IMG_0067_2R.jpg,0,60,130,807,901,150,таблица,,3.0,2.0,0.0,0.0,0.024,1.0,0.0859,0.767,0.824,9.0,1.0
1969_08,40,1969/08/IMG_0073_2R.jpg,0,56,292,814,817,150,таблица,,8.0,3.0,1.0,0.014,0.053,1.0,0.1233,0.789,0.467,14.0,1.0
1969_08,41,1969/08/IMG_0074_1L.jpg,0,57,264,806,668,150,таблица,,8.0,3.0,3.0,0.041,0.033,1.0,0.0831,0.616,0.814,27.0,0.963
1969_08,53,1969/08/IMG_0080_1L.jpg,0,124,733,403,1014,150,таблица,,9.0,9.0,5.0,0.732,0.011,1.0,0.0118,0.057,0.8,80.0,0.212
1969_08,54,1969/08/IMG_0080_2R.jpg,0,58,203,813,495,150,таблица,,13.0,3.0,3.0,0.047,0.033,1.0,0.1003,0.661,0.877,35.0,0.971
1969_08,54,1969/08/IMG_0080_2R.jpg,1,55,765,806,913,150,таблица,,8.0,2.0,10.0,0.23,0.047,1.0,0.0627,0.492,0.656,14.0,1.0
1969_08,56,1969/08/IMG_0081_2R.jpg,0,55,277,809,566,150,таблица,,4.0,1.0,9.0,0.157,0.06,1.0,0.0715,0.677,1.0,8.0,1.0
1969_08,56,1969/08/IMG_0081_2R.jpg,1,54,773,806,1031,150,таблица,,3.0,1.0,10.0,0.185,0.061,1.0,0.062,0.607,1.0,8.0,1.0
1969_08,56,1969/08/IMG_0081_2R.jpg,2,57,1105,808,1392,150,таблица,,3.0,1.0,9.0,0.162,0.069,1.0,0.0747,0.668,1.0,8.0,1.0
1969_08,57,1969/08/IMG_0082_1L.jpg,0,59,398,811,580,150,таблица,,4.0,3.0,6.0,0.132,0.012,1.0,0.0586,0.475,0.774,15.0,1.0
1969_08,57,1969/08/IMG_0082_1L.jpg,1,57,926,812,1077,150,таблица,,6.0,2.0,5.0,0.129,0.053,1.0,0.0623,0.514,0.682,10.0,1.0
1969_11,11,1969/11/IMG_0056_2R.jpg,0,58,277,815,509,150,таблица,,6.0,2.0,2.0,0.027,0.036,1.0,0.0694,0.589,0.593,12.0,0.917
1969_11,11,1969/11/IMG_0056_2R.jpg,1,61,855,815,1389,150,таблица,,5.0,2.0,0.0,0.0,0.044,1.0,0.1135,0.779,0.593,12.0,0.917
1969_11,12,1969/11/IMG_0057_1L.jpg,0,75,605,809,1002,150,таблица,,14.0,2.0,1.0,0.02,0.035,1.0,0.0923,0.699,1.0,21.0,0.952
1969_11,14,1969/11/IMG_0058_1L.jpg,0,70,181,808,585,150,таблица,,4.0,2.0,3.0,0.045,0.046,1.0,0.103,0.712,1.0,15.0,0.933
1969_11,15,1969/11/IMG_0058_2R.jpg,0,63,808,813,1293,150,таблица,,4.0,5.0,1.0,0.017,0.049,1.0,0.0751,0.655,1.0,20.0,1.0
1969_11,52,1969/11/IMG_0077_1L.jpg,0,114,962,759,1249,150,таблица,,4.0,2.0,8.0,0.166,0.053,1.0,0.0898,0.657,0.706,8.0,0.875
1969_11,62,1969/11/IMG_0082_1L.jpg,0,59,799,817,1139,150,таблица,,4.0,1.0,3.0,0.051,0.058,1.0,0.0805,0.715,1.0,6.0,0.833
1969_11,63,1969/11/IMG_0082_2R.jpg,0,52,111,799,368,150,таблица,,11.0,1.0,8.0,0.299,0.032,1.0,0.071,0.585,1.0,14.0,0.929
1969_11,66,1969/11/IMG_0084_1L.jpg,0,587,298,774,763,150,таблица,,3.0,8.0,3.0,0.676,0.078,1.0,0.0032,0.019,0.909,13.0,0.308
1969_11,66,1969/11/IMG_0084_1L.jpg,1,119,844,509,1097,150,нет,"не таблица: рёбер на месте 69%, букв в краске 11%, колонок 9",9.0,10.0,5.0,0.175,0.024,1.0,0.0154,0.108,0.69,14.0,0.714
1969_11,69,1969/11/IMG_0085_2R.jpg,0,25,106,716,549,150,таблица,,4.0,2.0,1.0,0.051,0.049,1.0,0.0777,0.72,0.591,8.0,0.625
1969_11,70,1969/11/IMG_0086_1L.jpg,0,65,383,814,557,150,таблица,,3.0,2.0,8.0,0.138,0.046,1.0,0.0728,0.58,0.706,8.0,0.875
1969_11,92,1969/11/IMG_0097_1L.jpg,0,45,709,835,1398,150,таблица,,13.0,3.0,4.0,0.08,0.052,1.0,0.0881,0.688,0.778,21.0,0.952
1969_12,51,1969/12/IMG_0126_2R.jpg,0,117,859,846,1199,150,таблица,,2.0,2.0,2.0,0.073,0.133,1.0,0.0942,0.719,0.833,7.0,1.0
1969_12,54,1969/12/IMG_0128_1L.jpg,0,166,1279,815,1427,150,таблица,,3.0,1.0,6.0,0.218,0.045,1.0,0.0868,0.583,1.0,8.0,1.0
1969_12,55,1969/12/IMG_0128_2R.jpg,0,112,546,858,697,150,таблица,,4.0,1.0,8.0,0.135,0.042,1.0,0.1034,0.644,1.0,10.0,1.0
1970_01,16,1970/01/IMG_0011_2R.jpg,0,55,1081,846,1232,150,таблица,,4.0,2.0,6.0,0.307,0.023,1.0,0.0526,0.469,0.636,9.0,1.0
1970_01,17,1970/01/IMG_0012_1L.jpg,0,85,128,452,326,150,таблица,,2.0,2.0,2.0,0.069,0.091,1.0,0.0813,0.552,0.75,6.0,1.0
1970_01,18,1970/01/IMG_0012_2R.jpg,0,233,251,766,980,150,нет,"не таблица: рёбер на месте 58%, букв в краске 6%, колонок 15",15.0,32.0,11.0,0.505,0.046,1.0,0.0073,0.062,0.578,62.0,0.177
1970_01,19,1970/01/IMG_0013_1L.jpg,0,70,1139,835,1483,150,таблица,,7.0,3.0,0.0,0.0,0.103,1.0,0.0922,0.689,0.71,11.0,1.0
1970_01,79,1970/01/IMG_0043_1L.jpg,0,111,529,488,761,150,нет,"не таблица: рёбер на месте 57%, букв в краске 5%, колонок 14",14.0,7.0,2.0,0.784,0.159,1.0,0.0084,0.052,0.567,22.0,0.045
1970_01,82,1970/01/IMG_0044_2R.jpg,0,128,812,763,1074,150,нет,"не таблица: рёбер на месте 46%, букв в краске 37%, колонок 11",11.0,14.0,0.0,0.0,0.013,1.0,0.0603,0.374,0.461,15.0,0.667
1970_01,82,1970/01/IMG_0044_2R.jpg,1,193,1154,704,1320,150,нет,"не таблица: рёбер на месте 36%, букв в краске 11%, колонок 15",15.0,4.0,7.0,0.51,0.025,1.0,0.0216,0.109,0.355,10.0,0.5
1970_01,83,1970/01/IMG_0045_1L.jpg,0,104,906,482,1392,150,нет,"не таблица: рёбер на месте 41%, букв в краске 21%, колонок 9",9.0,22.0,1.0,0.067,0.044,1.0,0.0357,0.208,0.414,28.0,0.429
1970_01,83,1970/01/IMG_0045_1L.jpg,1,516,957,833,1282,150,нет,"не таблица: рёбер на месте 48%, букв в краске 12%, колонок 9",9.0,17.0,3.0,0.201,0.032,1.0,0.0221,0.117,0.481,8.0,0.625
1970_01,84,1970/01/IMG_0045_2R.jpg,0,72,627,821,921,150,нет,"не таблица: рёбер на месте 35%, букв в краске 6%, колонок 28",28.0,23.0,15.0,0.504,0.011,1.0,0.0144,0.065,0.35,19.0,0.211
1970_02,11,1970/02/IMG_0059_1L.jpg,0,49,604,827,1062,150,таблица,,6.0,3.0,0.0,0.0,0.049,1.0,0.083,0.654,0.711,15.0,1.0
1970_02,16,1970/02/IMG_0061_2R.jpg,0,46,957,832,1423,150,таблица,,12.0,3.0,1.0,0.028,0.033,1.0,0.0961,0.637,0.562,22.0,0.955
1970_02,63,1970/02/IMG_0085_1L.jpg,0,169,1208,415,1427,150,таблица,,3.0,1.0,0.0,0.0,0.114,1.0,0.1236,0.627,0.7,4.0,1.0
1970_02,63,1970/02/IMG_0085_1L.jpg,1,496,1210,717,1430,150,таблица,,3.0,1.0,2.0,0.335,0.127,1.0,0.086,0.534,0.7,4.0,1.0
1970_02,69,1970/02/IMG_0088_1L.jpg,0,101,1138,774,1433,150,таблица,,1.0,2.0,10.0,0.198,0.135,1.0,0.0729,0.644,1.0,6.0,1.0
1970_02,71,1970/02/IMG_0089_1L.jpg,0,121,172,776,485,150,таблица,,1.0,2.0,6.0,0.13,0.062,1.0,0.0792,0.655,1.0,6.0,1.0
1970_02,72,1970/02/IMG_0089_2R.jpg,0,110,899,769,1214,150,таблица,,2.0,2.0,0.0,0.0,0.115,1.0,0.0846,0.689,1.0,6.0,1.0
1970_02,73,1970/02/IMG_0090_1L.jpg,0,58,613,830,936,150,таблица,,4.0,2.0,6.0,0.145,0.044,1.0,0.0444,0.546,1.0,12.0,1.0
1970_02,74,1970/02/IMG_0090_2R.jpg,0,65,699,545,1164,150,нет,"одна вертикаль и всего 2 ячейки — это колонтитул, а не таблица",1.0,5.0,2.0,0.125,0.021,1.0,0.019,0.429,0.714,2.0,0.5
1970_02,76,1970/02/IMG_0091_2R.jpg,0,52,532,822,792,150,таблица,,3.0,1.0,9.0,0.141,0.051,1.0,0.0747,0.645,1.0,8.0,1.0
1970_02,76,1970/02/IMG_0091_2R.jpg,1,50,1093,821,1244,150,таблица,,3.0,1.0,8.0,0.148,0.065,1.0,0.0756,0.585,1.0,8.0,1.0
1970_02,77,1970/02/IMG_0092_1L.jpg,0,60,446,822,957,150,таблица,,3.0,1.0,4.0,0.062,0.085,1.0,0.093,0.784,1.0,8.0,1.0
1970_02,78,1970/02/IMG_0092_2R.jpg,0,167,636,437,815,150,таблица,,3.0,2.0,2.0,0.108,0.026,1.0,0.0641,0.563,0.75,6.0,0.667
1970_02,95,1970/02/IMG_0101_1L.jpg,0,57,865,830,1240,150,таблица,,3.0,2.0,5.0,0.073,0.108,1.0,0.0923,0.721,1.0,9.0,0.889
1970_03,20,1970/03/IMG_0113_2R.jpg,0,68,122,825,663,150,таблица,,9.0,4.0,0.0,0.0,0.018,1.0,0.0659,0.582,0.974,43.0,0.953
1970_03,79,1970/03/IMG_0143_1L.jpg,0,58,943,848,1151,150,таблица,,3.0,2.0,5.0,0.115,0.065,1.0,0.0655,0.559,0.647,6.0,0.833
1970_03,80,1970/03/IMG_0143_2R.jpg,0,163,57,1347,701,150,нет,"не таблица: рёбер на месте 24%, букв в краске 11%, колонок 41",41.0,76.0,2.0,0.017,0.011,1.0,0.0282,0.115,0.24,9.0,1.0
1970_03,85,1970/03/IMG_0146_1L.jpg,0,51,861,858,1441,150,таблица,,4.0,1.0,2.0,0.071,0.047,1.0,0.0991,0.793,1.0,6.0,1.0
1970_04,3,1970/04/IMG_0004_2R.jpg,0,37,119,875,1471,150,нет,"не таблица: рёбер на месте 26%, букв в краске 45%, колонок 9",9.0,18.0,3.0,0.12,0.088,1.0,0.043,0.451,0.26,4.0,0.75
1970_04,4,1970/04/IMG_0005_1L.jpg,0,64,108,849,1483,150,нет,"одна вертикаль и всего 2 ячейки — это колонтитул, а не таблица",1.0,2.0,0.0,0.0,0.134,0.0,0.0404,0.653,0.714,2.0,1.0
1970_04,41,1970/04/IMG_0023_2R.jpg,0,55,1005,852,1403,150,таблица,,3.0,2.0,16.0,0.312,0.062,1.0,0.0719,0.706,0.824,8.0,0.875
1970_05,36,1970/05/IMG_0071_1L.jpg,0,59,1044,831,1283,150,таблица,,9.0,3.0,1.0,0.014,0.036,1.0,0.0707,0.566,0.441,11.0,0.909
1970_05,37,1970/05/IMG_0071_2R.jpg,0,102,744,777,1204,150,таблица,,5.0,3.0,5.0,0.193,0.027,1.0,0.053,0.535,0.763,16.0,0.875
1970_05,53,1970/05/IMG_0079_2R.jpg,0,51,236,833,500,150,таблица,,8.0,3.0,1.0,0.022,0.047,1.0,0.0792,0.589,0.756,18.0,0.944
1970_05,53,1970/05/IMG_0079_2R.jpg,1,108,736,772,942,150,таблица,,3.0,2.0,3.0,0.054,0.056,1.0,0.0799,0.605,0.765,8.0,1.0
1970_05,54,1970/05/IMG_0080_1L.jpg,0,104,164,780,567,150,таблица,,4.0,1.0,1.0,0.021,0.038,1.0,0.0847,0.686,1.0,10.0,1.0
1970_05,70,1970/05/IMG_0088_1L.jpg,0,112,1155,776,1455,150,таблица,,1.0,2.0,10.0,0.231,0.096,1.0,0.0495,0.521,1.0,6.0,1.0
1970_05,73,1970/05/IMG_0089_2R.jpg,0,58,261,830,549,150,таблица,,18.0,3.0,3.0,0.043,0.025,1.0,0.0754,0.521,0.69,28.0,1.0
1970_05,78,1970/05/IMG_0092_1L.jpg,0,45,523,839,1462,150,таблица,,5.0,2.0,4.0,0.08,0.132,1.0,0.0629,0.694,0.682,10.0,0.5
1970_06,3,1970/06/IMG_0104_2R.jpg,0,55,134,875,1460,150,нет,"не таблица: рёбер на месте 30%, букв в краске 58%, колонок 5",5.0,16.0,1.0,0.087,0.087,1.0,0.0636,0.584,0.303,4.0,0.75
1970_06,4,1970/06/IMG_0105_1L.jpg,0,61,126,870,1464,150,нет,"одна вертикаль и всего 2 ячейки — это колонтитул, а не таблица",1.0,2.0,0.0,0.0,0.122,0.0,0.0585,0.777,0.714,2.0,1.0
1970_06,24,1970/06/IMG_0115_1L.jpg,0,79,985,859,1423,150,таблица,,5.0,3.0,9.0,0.148,0.028,1.0,0.0754,0.674,0.714,18.0,0.889
1970_06,26,1970/06/IMG_0116_1L.jpg,0,72,316,862,753,150,таблица,,3.0,2.0,7.0,0.185,0.067,1.0,0.0743,0.691,1.0,12.0,0.917
1970_06,36,1970/06/IMG_0121_1L.jpg,0,68,840,464,1080,150,таблица,,2.0,1.0,4.0,0.195,0.091,1.0,0.0899,0.649,1.0,6.0,1.0
1970_06,37,1970/06/IMG_0121_2R.jpg,0,77,440,854,838,150,таблица,,4.0,1.0,0.0,0.0,0.048,1.0,0.108,0.778,1.0,8.0,1.0
1970_06,62,1970/06/IMG_0134_1L.jpg,0,73,204,865,711,150,таблица,,13.0,9.0,1.0,0.016,0.076,1.0,0.0657,0.62,0.434,18.0,0.556
1970_06,64,1970/06/IMG_0135_1L.jpg,0,102,303,1466,851,150,таблица,,31.0,20.0,5.0,0.095,0.016,1.0,0.0505,0.573,0.37,37.0,0.676
1970_06,79,1970/06/IMG_0142_2R.jpg,0,79,651,847,1225,150,таблица,,24.0,5.0,0.0,0.0,0.057,1.0,0.0797,0.636,0.646,40.0,1.0
1970_06,80,1970/06/IMG_0143_1L.jpg,0,61,220,868,379,150,таблица,,10.0,2.0,1.0,0.034,0.048,1.0,0.0733,0.529,0.784,16.0,0.938
1970_06,81,1970/06/IMG_0143_2R.jpg,0,88,151,850,500,150,таблица,,13.0,2.0,10.0,0.329,0.014,1.0,0.085,0.554,0.821,30.0,1.0
1970_06,81,1970/06/IMG_0143_2R.jpg,1,86,770,845,1004,150,таблица,,9.0,2.0,5.0,0.124,0.052,1.0,0.0696,0.537,0.703,16.0,1.0
1970_06,82,1970/06/IMG_0144_1L.jpg,0,54,143,892,483,150,таблица,,16.0,6.0,1.0,0.011,0.046,1.0,0.077,0.555,0.549,33.0,1.0
1970_06,82,1970/06/IMG_0144_1L.jpg,1,51,1072,888,1468,150,таблица,,5.0,2.0,1.0,0.011,0.059,1.0,0.0623,0.632,0.667,12.0,1.0
1970_06,83,1970/06/IMG_0144_2R.jpg,0,83,501,845,1144,150,таблица,,14.0,7.0,0.0,0.0,0.062,1.0,0.0701,0.577,0.746,53.0,0.849
1970_06,86,1970/06/IMG_0146_1L.jpg,0,71,737,869,898,150,таблица,,6.0,2.0,17.0,0.336,0.023,1.0,0.0527,0.466,0.625,9.0,0.889
1970_06,87,1970/06/IMG_0146_2R.jpg,0,72,181,856,586,150,таблица,,3.0,2.0,0.0,0.0,0.105,1.0,0.1134,0.79,0.75,6.0,1.0
1970_10,2,1970/10/IMG_0004_2R.jpg,0,35,88,852,1444,150,нет,"не таблица: рёбер на месте 29%, букв в краске 61%, колонок 4",4.0,20.0,1.0,0.013,0.084,1.0,0.0725,0.612,0.287,6.0,0.5
1970_10,3,1970/10/IMG_0005_1L.jpg,0,66,88,822,1436,150,таблица,,2.0,2.0,0.0,0.0,0.151,0.0,0.0601,0.798,0.714,2.0,1.0
1970_10,11,1970/10/IMG_0009_1L.jpg,0,73,199,823,658,150,таблица,,8.0,4.0,3.0,0.067,0.048,1.0,0.1004,0.767,0.667,16.0,0.938
1970_10,33,1970/10/IMG_0020_1L.jpg,0,57,1265,836,1416,150,таблица,,8.0,2.0,8.0,0.138,0.009,1.0,0.0847,0.683,0.622,10.0,0.9
1970_10,34,1970/10/IMG_0020_2R.jpg,0,51,731,835,1190,150,таблица,,8.0,2.0,3.0,0.069,0.05,1.0,0.059,0.644,1.0,21.0,1.0
1970_10,35,1970/10/IMG_0021_1L.jpg,0,72,310,819,633,150,таблица,,6.0,2.0,4.0,0.076,0.044,1.0,0.0613,0.665,1.0,15.0,1.0
1970_10,46,1970/10/IMG_0026_2R.jpg,0,53,955,836,1403,150,таблица,,6.0,2.0,5.0,0.116,0.051,1.0,0.1068,0.775,0.688,14.0,1.0
1970_10,47,1970/10/IMG_0027_1L.jpg,0,74,592,821,829,150,таблица,,4.0,1.0,1.0,0.021,0.046,1.0,0.0721,0.712,1.0,10.0,1.0
1970_10,48,1970/10/IMG_0027_2R.jpg,0,43,688,845,1045,150,таблица,,5.0,2.0,6.0,0.122,0.056,1.0,0.096,0.782,0.667,12.0,0.917
1970_10,59,1970/10/IMG_0033_1L.jpg,0,65,850,826,1177,150,таблица,,5.0,1.0,9.0,0.168,0.049,1.0,0.1088,0.793,1.0,12.0,1.0
1970_10,81,1970/10/IMG_0044_1L.jpg,0,63,139,832,429,150,таблица,,2.0,1.0,1.0,0.085,0.09,1.0,0.0925,0.808,1.0,6.0,1.0
1970_10,85,1970/10/IMG_0046_1L.jpg,0,57,874,838,1107,150,таблица,,8.0,3.0,1.0,0.014,0.065,1.0,0.0615,0.532,0.525,11.0,1.0
1970_10,85,1970/10/IMG_0046_1L.jpg,1,57,1146,836,1321,150,таблица,,8.0,4.0,2.0,0.047,0.033,1.0,0.0736,0.49,0.605,18.0,0.778
1970_10,86,1970/10/IMG_0046_2R.jpg,0,47,817,841,996,150,таблица,,17.0,3.0,7.0,0.229,0.011,1.0,0.0928,0.585,0.529,30.0,0.9
1970_11,3,1970/11/IMG_0054_2R.jpg,0,31,91,848,1403,150,нет,"не таблица: рёбер на месте 22%, букв в краске 61%, колонок 4",4.0,16.0,2.0,0.062,0.072,1.0,0.0698,0.614,0.224,4.0,0.75
1970_11,4,1970/11/IMG_0055_1L.jpg,0,34,88,842,1393,150,нет,"одна вертикаль и всего 2 ячейки — это колонтитул, а не таблица",1.0,2.0,0.0,0.0,0.123,0.0,0.0526,0.776,0.714,2.0,1.0
1970_11,26,1970/11/IMG_0066_1L.jpg,0,54,1081,844,1418,150,таблица,,5.0,2.0,9.0,0.218,0.052,1.0,0.0935,0.776,0.778,12.0,1.0
1970_11,65,1970/11/IMG_0085_2R.jpg,0,50,749,816,1040,150,таблица,,9.0,2.0,12.0,0.208,0.029,1.0,0.0954,0.685,1.0,30.0,1.0
1970_11,67,1970/11/IMG_0086_2R.jpg,0,59,404,818,943,150,таблица,,4.0,4.0,1.0,0.013,0.051,1.0,0.0785,0.702,1.0,25.0,1.0
1970_11,68,1970/11/IMG_0087_1L.jpg,0,53,392,828,1119,150,таблица,,14.0,8.0,0.0,0.0,0.065,1.0,0.0706,0.645,0.72,45.0,0.956
1970_11,69,1970/11/IMG_0087_2R.jpg,0,55,479,820,793,150,таблица,,5.0,2.0,5.0,0.106,0.024,1.0,0.0538,0.639,0.955,14.0,1.0
1970_11,72,1970/11/IMG_0089_1L.jpg,0,52,716,835,1195,150,таблица,,5.0,3.0,5.0,0.105,0.033,1.0,0.0817,0.759,0.737,16.0,0.938
1970_11,83,1970/11/IMG_0094_2R.jpg,0,118,785,774,1042,150,нет,"не таблица: рёбер на месте 36%, букв в краске 42%, колонок 17",17.0,5.0,1.0,0.026,0.061,1.0,0.0605,0.416,0.357,18.0,0.722
1970_11,86,1970/11/IMG_0096_1L.jpg,0,162,410,719,647,150,таблица,,4.0,2.0,5.0,0.346,0.016,1.0,0.0313,0.466,0.773,10.0,1.0
1970_11,88,1970/11/IMG_0097_1L.jpg,0,43,325,838,643,150,таблица,,21.0,14.0,3.0,0.124,0.092,1.0,0.0706,0.435,0.571,70.0,0.243
1970_11,92,1970/11/IMG_0099_1L.jpg,0,49,788,829,1052,150,таблица,,3.0,2.0,6.0,0.107,0.101,1.0,0.0784,0.699,0.882,10.0,1.0
1970_12,3,1970/12/IMG_0104_2R.jpg,0,65,89,814,1401,150,таблица,,8.0,15.0,1.0,0.047,0.101,1.0,0.0726,0.602,0.291,4.0,0.75
1970_12,4,1970/12/IMG_0105_1L.jpg,0,45,89,837,1422,150,нет,"одна вертикаль и всего 2 ячейки — это колонтитул, а не таблица",1.0,4.0,0.0,0.0,0.104,0.0,0.0826,0.821,0.462,2.0,1.0
1970_12,66,1970/12/IMG_0136_1L.jpg,0,53,337,831,684,150,таблица,,4.0,2.0,6.0,0.081,0.06,1.0,0.1037,0.777,1.0,15.0,1.0
1971_01,3,1971/01/IMG_0004_2R.jpg,0,61,167,849,1491,150,нет,"не таблица: рёбер на месте 42%, букв в краске 39%, колонок 4",4.0,4.0,3.0,0.084,0.084,1.0,0.0581,0.393,0.419,5.0,0.6
1971_01,4,1971/01/IMG_0005_0_1L.jpg,0,80,88,822,1437,150,нет,"одна вертикаль и всего 2 ячейки — это колонтитул, а не таблица",1.0,2.0,0.0,0.0,0.121,0.0,0.0604,0.773,0.714,2.0,1.0
1971_01,6,1971/01/IMG_0005_1_1L.jpg,0,89,377,502,643,150,таблица,,4.0,2.0,1.0,0.036,0.099,1.0,0.0966,0.716,0.636,7.0,1.0
1971_01,22,1971/01/IMG_0013_1L.jpg,0,127,320,781,706,150,таблица,,3.0,3.0,3.0,0.068,0.054,1.0,0.0987,0.779,0.875,13.0,0.923
1971_01,26,1971/01/IMG_0015_1L.jpg,0,84,357,822,1066,150,таблица,,1.0,4.0,1.0,0.038,0.256,1.0,0.1211,0.881,1.0,10.0,1.0
1971_01,27,1971/01/IMG_0015_2R.jpg,0,64,1040,841,1449,150,таблица,,3.0,1.0,10.0,0.169,0.054,1.0,0.0639,0.783,1.0,8.0,1.0
1971_01,28,1971/01/IMG_0016_1L.jpg,0,86,674,825,908,150,таблица,,2.0,2.0,8.0,0.169,0.133,1.0,0.0483,0.612,0.833,6.0,0.667
1971_01,63,1971/01/IMG_0033_2R.jpg,0,63,292,833,493,150,таблица,,5.0,3.0,2.0,0.037,0.058,1.0,0.0772,0.635,0.632,12.0,0.833
1971_01,91,1971/01/IMG_0047_2R.jpg,0,59,91,845,606,150,таблица,,11.0,2.0,7.0,0.145,0.015,1.0,0.0939,0.781,1.0,18.0,0.944
1971_02,3,1971/02/IMG_0053_2R.jpg,0,44,90,809,1410,150,нет,"не таблица: рёбер на месте 35%, букв в краске 39%, колонок 2",2.0,4.0,3.0,0.113,0.082,1.0,0.0574,0.387,0.353,3.0,1.0
1971_02,4,1971/02/IMG_0054_1L.jpg,0,42,87,809,1417,150,нет,"одна вертикаль и всего 2 ячейки — это колонтитул, а не таблица",1.0,2.0,0.0,0.0,0.123,0.0,0.0671,0.82,0.714,2.0,1.0
1971_03,3,1971/03/IMG_0103_2R.jpg,0,49,104,821,1410,150,нет,"не таблица: рёбер на месте 37%, букв в краске 42%, колонок 17",17.0,4.0,4.0,0.109,0.083,1.0,0.0659,0.416,0.366,11.0,0.273
1971_03,4,1971/03/IMG_0104_1L.jpg,0,62,89,815,1398,150,нет,"одна вертикаль и всего 2 ячейки — это колонтитул, а не таблица",1.0,2.0,0.0,0.0,0.088,0.0,0.0859,0.836,0.714,2.0,1.0
1971_03,27,1971/03/IMG_0115_2R.jpg,0,53,93,818,397,150,таблица,,6.0,3.0,4.0,0.073,0.047,1.0,0.0608,0.666,0.833,12.0,1.0
1971_03,38,1971/03/IMG_0121_1L.jpg,0,57,247,823,721,150,таблица,,6.0,1.0,5.0,0.093,0.082,1.0,0.0696,0.735,1.0,12.0,1.0
1971_03,42,1971/03/IMG_0123_1L.jpg,0,72,67,504,1253,150,таблица,,8.0,28.0,1.0,0.06,0.023,1.0,0.0441,0.479,0.647,58.0,0.5
1971_03,96,1971/03/IMG_0150_1L.jpg,0,53,389,817,571,150,таблица,,3.0,1.0,4.0,0.088,0.084,1.0,0.0598,0.662,1.0,8.0,1.0
1971_04,3,1971/04/IMG_0004_2R.jpg,0,61,95,826,1406,150,нет,"не таблица: рёбер на месте 41%, букв в краске 46%, колонок 3",3.0,4.0,3.0,0.102,0.103,0.0,0.0698,0.458,0.412,4.0,0.75
1971_04,4,1971/04/IMG_0005_1L.jpg,0,66,91,815,1422,150,нет,"одна вертикаль и всего 2 ячейки — это колонтитул, а не таблица",1.0,2.0,0.0,0.0,0.142,0.0,0.067,0.801,0.714,2.0,1.0
1971_04,7,1971/04/IMG_0006_2R.jpg,0,63,501,816,883,150,таблица,,6.0,1.0,5.0,0.116,0.071,1.0,0.0911,0.773,1.0,12.0,1.0
1971_04,15,1971/04/IMG_0010_2R.jpg,0,59,348,822,665,150,таблица,,8.0,5.0,1.0,0.027,0.072,1.0,0.081,0.613,0.817,38.0,1.0
1971_04,31,1971/04/IMG_0018_2R.jpg,0,71,769,817,1020,150,таблица,,3.0,1.0,5.0,0.13,0.047,1.0,0.0928,0.799,1.0,8.0,1.0
1971_04,33,1971/04/IMG_0019_2R.jpg,0,66,833,818,1019,150,таблица,,3.0,1.0,11.0,0.253,0.047,1.0,0.0529,0.606,1.0,8.0,1.0
1971_04,69,1971/04/IMG_0037_2R.jpg,0,68,639,817,833,150,таблица,,4.0,2.0,6.0,0.234,0.047,1.0,0.055,0.611,0.727,10.0,1.0
1971_04,76,1971/04/IMG_0041_1L.jpg,0,75,139,807,529,150,таблица,,9.0,8.0,0.0,0.0,0.052,1.0,0.0685,0.623,0.673,28.0,1.0
1971_04,77,1971/04/IMG_0041_2R.jpg,0,68,282,812,562,150,таблица,,11.0,3.0,4.0,0.076,0.079,1.0,0.1004,0.692,0.789,25.0,0.88
1971_05,4,1971/05/IMG_0055_1L.jpg,0,56,88,804,1411,150,нет,"одна вертикаль и всего 2 ячейки — это колонтитул, а не таблица",1.0,2.0,0.0,0.0,0.128,0.0,0.0729,0.81,0.714,2.0,1.0
1971_05,28,1971/05/IMG_0067_1L.jpg,0,37,131,821,781,150,таблица,,11.0,5.0,1.0,0.015,0.033,1.0,0.1181,0.733,0.722,39.0,0.974
1971_05,31,1971/05/IMG_0068_2R.jpg,0,62,651,796,1133,150,таблица,,6.0,4.0,1.0,0.025,0.044,1.0,0.0938,0.762,0.816,24.0,0.917
1971_05,37,1971/05/IMG_0071_2R.jpg,0,54,430,832,852,150,таблица,,7.0,2.0,4.0,0.123,0.046,1.0,0.0733,0.761,0.688,12.0,0.833
1971_05,43,1971/05/IMG_0074_2R.jpg,0,57,139,803,1355,150,таблица,,31.0,27.0,0.0,0.0,0.019,1.0,0.0722,0.648,0.835,174.0,0.621
1971_05,44,1971/05/IMG_0075_1L.jpg,0,54,118,809,1111,150,таблица,,18.0,19.0,0.0,0.0,0.036,1.0,0.0637,0.608,0.781,108.0,0.583
1971_05,45,1971/05/IMG_0075_2R.jpg,0,57,137,801,1352,150,таблица,,15.0,16.0,1.0,0.026,0.019,1.0,0.0698,0.622,0.771,97.0,0.784
1971_05,46,1971/05/IMG_0076_1L.jpg,0,61,114,804,689,150,таблица,,18.0,11.0,5.0,0.108,0.012,1.0,0.0538,0.531,0.702,55.0,0.745
1971_05,47,1971/05/IMG_0076_2R.jpg,0,60,148,800,932,150,таблица,,2.0,1.0,2.0,0.03,0.078,1.0,0.1052,0.899,1.0,6.0,1.0
1971_05,55,1971/05/IMG_0080_2R.jpg,0,58,527,801,831,150,таблица,,4.0,1.0,8.0,0.332,0.047,1.0,0.0588,0.71,1.0,10.0,1.0
1971_05,65,1971/05/IMG_0085_2R.jpg,0,61,109,798,330,150,таблица,,16.0,2.0,1.0,0.013,0.011,1.0,0.085,0.603,0.636,32.0,1.0
1971_05,77,1971/05/IMG_0091_2R.jpg,0,62,299,799,581,150,таблица,,5.0,3.0,3.0,0.096,0.058,1.0,0.0755,0.695,0.742,14.0,0.929
1971_05,77,1971/05/IMG_0091_2R.jpg,1,189,1193,663,1362,150,таблица,,1.0,1.0,5.0,0.146,0.251,1.0,0.0643,0.7,1.0,4.0,1.0
1971_06,3,1971/06/IMG_0104_2R.jpg,0,65,95,791,1377,150,нет,"не таблица: рёбер на месте 41%, букв в краске 49%, колонок 3",3.0,4.0,2.0,0.069,0.098,1.0,0.0839,0.485,0.412,4.0,0.75
1971_06,4,1971/06/IMG_0105_1L.jpg,0,53,91,804,1377,150,нет,"одна вертикаль и всего 2 ячейки — это колонтитул, а не таблица",1.0,2.0,0.0,0.0,0.127,0.0,0.076,0.842,0.714,2.0,1.0
1971_06,13,1971/06/IMG_0109_2R.jpg,0,61,108,795,355,150,таблица,,4.0,1.0,9.0,0.182,0.063,1.0,0.0903,0.772,1.0,10.0,1.0
1971_06,31,1971/06/IMG_0118_2R.jpg,0,56,134,806,632,150,таблица,,16.0,5.0,0.0,0.0,0.048,1.0,0.0634,0.626,0.623,37.0,0.892
1971_06,75,1971/06/IMG_0140_2R.jpg,0,67,92,791,351,150,таблица,,3.0,2.0,13.0,0.256,0.05,1.0,0.073,0.743,0.75,6.0,1.0
1971_06,84,1971/06/IMG_0145_1L.jpg,0,51,229,808,518,150,таблица,,2.0,3.0,4.0,0.078,0.089,1.0,0.0682,0.701,0.882,10.0,1.0
1971_07,3,1971/07/IMG_0004_2R.jpg,0,54,82,810,1414,150,таблица,,2.0,6.0,2.0,0.081,0.091,0.0,0.0672,0.432,0.6,4.0,0.75
1971_07,4,1971/07/IMG_0005_1L.jpg,0,73,94,796,1393,150,таблица,,3.0,2.0,0.0,0.0,0.149,0.0,0.0841,0.855,0.714,2.0,1.0
1971_07,86,1971/07/IMG_0046_1L.jpg,0,66,347,800,730,150,таблица,,7.0,1.0,7.0,0.224,0.015,1.0,0.0796,0.757,1.0,12.0,1.0
1971_07,88,1971/07/IMG_0047_1L.jpg,0,85,578,402,838,150,нет,"не таблица: рёбер на месте 60%, букв в краске 3%, колонок 32",32.0,0.0,3.0,0.781,0.027,1.0,0.007,0.03,0.596,15.0,0.067
1971_07,88,1971/07/IMG_0047_1L.jpg,1,448,669,784,822,150,нет,"не таблица: рёбер на месте 34%, букв в краске 2%, колонок 16",16.0,3.0,1.0,1.0,0.045,1.0,0.0053,0.023,0.338,13.0,0.077
1971_07,95,1971/07/IMG_0050_2R.jpg,0,50,235,428,634,150,таблица,,5.0,3.0,2.0,0.079,0.094,1.0,0.1259,0.809,0.708,9.0,1.0
1971_08,3,1971/08/IMG_0054_2R.jpg,0,92,97,865,1417,150,нет,"не таблица: рёбер на месте 50%, букв в краске 40%, колонок 4",4.0,4.0,2.0,0.128,0.105,0.0,0.0609,0.403,0.5,3.0,1.0
1971_08,4,1971/08/IMG_0055_1L.jpg,0,105,87,842,1402,150,нет,"одна вертикаль и всего 2 ячейки — это колонтитул, а не таблица",1.0,2.0,0.0,0.0,0.143,0.0,0.07,0.825,0.714,2.0,1.0
1971_08,20,1971/08/IMG_0062_1L.jpg,0,96,764,846,1154,150,таблица,,3.0,1.0,3.0,0.057,0.079,1.0,0.0953,0.818,1.0,8.0,1.0
1971_08,22,1971/08/IMG_0063_1L.jpg,0,101,89,848,315,150,таблица,,3.0,1.0,2.0,0.044,0.102,1.0,0.0977,0.77,1.0,8.0,1.0
1971_08,28,1971/08/IMG_0066_1L.jpg,0,101,807,856,1020,150,таблица,,13.0,3.0,6.0,0.124,0.015,1.0,0.1011,0.649,0.724,27.0,1.0
1971_08,29,1971/08/IMG_0066_2R.jpg,0,89,332,865,753,150,таблица,,14.0,3.0,1.0,0.012,0.015,1.0,0.0822,0.612,0.871,35.0,0.971
1971_08,33,1971/08/IMG_0068_2R.jpg,0,100,212,854,742,150,таблица,,3.0,2.0,0.0,0.0,0.048,1.0,0.0821,0.843,0.765,8.0,1.0
1971_08,33,1971/08/IMG_0068_2R.jpg,1,100,786,858,934,150,таблица,,4.0,2.0,3.0,0.277,0.119,1.0,0.0822,0.62,0.636,9.0,0.889
1971_08,34,1971/08/IMG_0069_1L.jpg,0,98,749,862,1285,150,таблица,,7.0,5.0,3.0,0.039,0.101,1.0,0.11,0.801,0.789,17.0,1.0
1971_08,63,1971/08/IMG_0083_2R.jpg,0,104,91,852,348,150,таблица,,4.0,1.0,7.0,0.176,0.032,1.0,0.0944,0.793,1.0,6.0,1.0
1971_08,68,1971/08/IMG_0086_1L.jpg,0,99,204,850,437,150,таблица,,2.0,2.0,9.0,0.186,0.111,1.0,0.0763,0.727,0.833,7.0,1.0
1971_08,70,1971/08/IMG_0087_1L.jpg,0,103,457,365,693,150,таблица,,1.0,1.0,2.0,0.121,0.13,1.0,0.0824,0.781,1.0,4.0,1.0
1971_08,71,1971/08/IMG_0087_2R.jpg,0,106,581,848,750,150,таблица,,8.0,1.0,4.0,0.073,0.022,1.0,0.0987,0.786,1.0,12.0,1.0
1971_08,79,1971/08/IMG_0091_2R.jpg,0,103,638,849,914,150,таблица,,5.0,1.0,6.0,0.295,0.034,1.0,0.0385,0.527,1.0,12.0,0.833
1971_09,3,1971/09/IMG_0103_2R.jpg,0,68,90,802,1424,150,нет,"одна вертикаль, и краска на 55% состоит из штрихов",1.0,4.0,1.0,0.066,0.099,1.0,0.0701,0.452,0.6,4.0,0.75
1971_09,4,1971/09/IMG_0104_1L.jpg,0,47,89,814,1424,150,таблица,,2.0,2.0,0.0,0.0,0.149,0.0,0.093,0.853,0.714,2.0,1.0
1971_09,14,1971/09/IMG_0109_1L.jpg,0,49,547,812,867,150,таблица,,1.0,2.0,8.0,0.141,0.124,1.0,0.0611,0.771,0.857,5.0,1.0
1971_09,50,1971/09/IMG_0127_1L.jpg,0,55,1129,811,1439,150,таблица,,11.0,1.0,7.0,0.148,0.029,1.0,0.1076,0.73,1.0,22.0,1.0
1971_09,78,1971/09/IMG_0141_1L.jpg,0,56,880,819,1141,150,таблица,,10.0,2.0,4.0,0.092,0.084,1.0,0.0576,0.616,0.667,12.0,0.583
1971_09,79,1971/09/IMG_0141_2R.jpg,0,65,945,800,1393,150,таблица,,14.0,6.0,0.0,0.0,0.029,1.0,0.0841,0.639,0.838,39.0,0.974
1971_09,81,1971/09/IMG_0142_2R.jpg,0,56,430,801,658,150,таблица,,14.0,4.0,0.0,0.0,0.012,1.0,0.1141,0.666,0.386,17.0,1.0
1971_09,95,1971/09/IMG_0149_2R.jpg,0,123,219,1465,803,150,таблица,,6.0,1.0,4.0,0.053,0.053,1.0,0.0667,0.785,1.0,14.0,1.0
1971_09,96,1971/09/IMG_0150_1L.jpg,0,116,64,1454,813,150,таблица,,6.0,1.0,4.0,0.039,0.047,1.0,0.0691,0.823,1.0,14.0,1.0
1971_09,98,1971/09/IMG_0151_1L.jpg,0,51,92,1453,604,150,таблица,,6.0,1.0,4.0,0.038,0.058,1.0,0.0718,0.798,1.0,14.0,0.929
1971_10,3,1971/10/IMG_0004_2R.jpg,0,48,98,812,1400,150,таблица,,2.0,4.0,2.0,0.066,0.084,1.0,0.0714,0.44,0.529,5.0,0.6
1971_10,4,1971/10/IMG_0005_1L.jpg,0,44,89,816,1455,150,нет,"одна вертикаль и всего 2 ячейки — это колонтитул, а не таблица",1.0,2.0,0.0,0.0,0.142,0.0,0.0597,0.815,0.714,2.0,1.0
1971_10,57,1971/10/IMG_0031_2R.jpg,0,50,929,812,1157,150,таблица,,4.0,1.0,5.0,0.134,0.053,1.0,0.0897,0.734,1.0,10.0,0.9
1971_10,58,1971/10/IMG_0032_1L.jpg,0,65,360,799,620,150,таблица,,4.0,1.0,1.0,0.013,0.034,1.0,0.1057,0.799,1.0,10.0,0.9
1971_10,67,1971/10/IMG_0036_2R.jpg,0,55,1156,812,1381,150,таблица,,9.0,1.0,8.0,0.217,0.048,1.0,0.0981,0.761,1.0,12.0,1.0
1971_10,94,1971/10/IMG_0050_1L.jpg,0,67,691,803,1025,150,таблица,,2.0,1.0,7.0,0.201,0.089,1.0,0.0868,0.802,1.0,6.0,1.0
1971_10,97,1971/10/IMG_0051_2R.jpg,0,52,905,437,1254,150,таблица,,6.0,2.0,1.0,0.074,0.096,1.0,0.102,0.774,0.824,10.0,0.9
1971_11,3,1971/11/IMG_0054_2R.jpg,0,51,96,800,1391,150,нет,"не таблица: рёбер на месте 42%, букв в краске 45%, колонок 3",3.0,4.0,2.0,0.14,0.095,1.0,0.071,0.449,0.417,4.0,0.75
1971_11,4,1971/11/IMG_0055_1L.jpg,0,58,964,790,1413,150,нет,нет внутренних вертикальных линеек — это рамка вокруг текста,0.0,2.0,0.0,0.0,0.21,0.0,0.0592,0.796,1.0,1.0,1.0
1971_11,9,1971/11/IMG_0057_2R.jpg,0,47,208,803,435,150,таблица,,4.0,2.0,6.0,0.155,0.06,1.0,0.0917,0.682,0.864,13.0,0.923
1971_11,14,1971/11/IMG_0060_1L.jpg,0,51,313,795,490,150,таблица,,1.0,1.0,11.0,0.23,0.119,1.0,0.0594,0.621,1.0,4.0,1.0
1971_11,20,1971/11/IMG_0063_1L.jpg,0,50,492,795,941,150,таблица,,7.0,3.0,3.0,0.049,0.06,1.0,0.1149,0.761,0.75,19.0,1.0
1971_11,21,1971/11/IMG_0063_2R.jpg,0,45,451,800,899,150,таблица,,7.0,3.0,3.0,0.089,0.06,1.0,0.128,0.775,0.712,17.0,1.0
1971_11,23,1971/11/IMG_0064_2R.jpg,0,51,482,802,764,150,таблица,,12.0,2.0,0.0,0.0,0.032,1.0,0.0995,0.668,0.774,26.0,1.0
1971_11,47,1971/11/IMG_0076_2R.jpg,0,49,97,801,266,150,таблица,,1.0,1.0,5.0,0.237,0.044,1.0,0.0516,0.582,1.0,4.0,1.0
1971_11,51,1971/11/IMG_0078_2R.jpg,0,57,365,805,964,150,таблица,,5.0,3.0,1.0,0.019,0.053,1.0,0.1119,0.793,0.895,22.0,0.955
1971_11,59,1971/11/IMG_0082_2R.jpg,0,109,89,448,1391,150,таблица,,3.0,32.0,1.0,0.062,0.032,1.0,0.0699,0.522,0.702,53.0,0.962
1971_11,60,1971/11/IMG_0083_1L.jpg,0,55,397,800,1004,150,таблица,,11.0,3.0,5.0,0.136,0.046,1.0,0.1096,0.753,0.833,20.0,1.0
1971_11,69,1971/11/IMG_0087_2R.jpg,0,143,237,702,1039,150,нет,"не таблица: рёбер на месте 45%, букв в краске 0%, колонок 31",31.0,11.0,4.0,0.949,0.004,1.0,0.0005,0.002,0.446,8.0,0.125
1971_11,71,1971/11/IMG_0088_2R.jpg,0,58,510,797,814,150,таблица,,3.0,2.0,2.0,0.064,0.053,1.0,0.0922,0.768,0.647,7.0,1.0
1971_11,73,1971/11/IMG_0089_2R.jpg,0,166,531,696,705,150,таблица,,4.0,2.0,1.0,0.046,0.066,1.0,0.0875,0.66,0.75,6.0,1.0
1971_11,77,1971/11/IMG_0091_2R.jpg,0,52,169,802,447,150,таблица,,8.0,3.0,2.0,0.084,0.036,1.0,0.1123,0.682,0.712,19.0,1.0
1971_12,3,1971/12/IMG_0104_2R.jpg,0,66,93,801,1368,150,нет,"одна вертикаль, и краска на 57% состоит из штрихов",1.0,4.0,3.0,0.128,0.089,1.0,0.0673,0.432,0.6,4.0,0.75
1971_12,4,1971/12/IMG_0105_1L.jpg,0,58,90,812,1386,150,нет,"одна вертикаль и всего 1 ячейки — это колонтитул, а не таблица",1.0,2.0,0.0,0.0,0.115,0.0,0.0639,0.817,0.571,1.0,1.0
1971_12,28,1971/12/IMG_0117_1L.jpg,0,48,469,821,869,150,таблица,,12.0,3.0,1.0,0.015,0.03,1.0,0.1172,0.724,0.849,35.0,0.971
1971_12,30,1971/12/IMG_0118_1L.jpg,0,57,633,811,947,150,таблица,,9.0,3.0,5.0,0.118,0.038,1.0,0.0902,0.707,0.864,31.0,0.871
1971_12,32,1971/12/IMG_0119_1L.jpg,0,52,289,808,632,150,таблица,,13.0,3.0,2.0,0.037,0.012,1.0,0.1161,0.708,0.839,39.0,1.0
1971_12,32,1971/12/IMG_0119_1L.jpg,1,55,840,808,1126,150,таблица,,4.0,3.0,6.0,0.132,0.064,1.0,0.0711,0.645,0.774,15.0,1.0
1971_12,64,1971/12/IMG_0135_1L.jpg,0,47,324,820,744,150,таблица,,9.0,2.0,3.0,0.074,0.035,1.0,0.0838,0.731,0.781,14.0,1.0
1972_01,3,1972/01/IMG_0004_2R.jpg,0,53,89,817,1422,150,таблица,,2.0,4.0,1.0,0.106,0.092,0.0,0.065,0.43,0.6,4.0,0.75
1972_01,4,1972/01/IMG_0005_1L.jpg,0,68,87,800,1437,150,нет,"одна вертикаль и всего 2 ячейки — это колонтитул, а не таблица",1.0,2.0,0.0,0.0,0.126,0.0,0.0915,0.864,0.714,2.0,1.0
1972_01,38,1972/01/IMG_0022_1L.jpg,0,65,856,805,1066,150,таблица,,6.0,1.0,0.0,0.0,0.047,1.0,0.0787,0.693,1.0,14.0,1.0
1972_01,59,1972/01/IMG_0032_2R.jpg,0,37,95,834,525,150,таблица,,8.0,2.0,7.0,0.204,0.045,1.0,0.0904,0.709,0.738,18.0,1.0
1972_01,63,1972/01/IMG_0034_2R.jpg,0,42,338,825,809,150,таблица,,10.0,3.0,2.0,0.039,0.02,1.0,0.0692,0.65,0.877,35.0,0.743
1972_01,64,1972/01/IMG_0035_1L.jpg,0,53,288,819,442,150,таблица,,8.0,1.0,6.0,0.114,0.051,1.0,0.1012,0.73,1.0,12.0,1.0
1972_01,66,1972/01/IMG_0036_1L.jpg,0,70,796,802,1094,150,таблица,,8.0,3.0,5.0,0.101,0.045,1.0,0.0626,0.658,0.806,15.0,1.0
1972_01,67,1972/01/IMG_0036_2R.jpg,0,55,770,820,1081,150,таблица,,4.0,1.0,4.0,0.163,0.044,1.0,0.0893,0.79,1.0,8.0,1.0
1972_01,69,1972/01/IMG_0037_2R.jpg,0,48,626,818,999,150,таблица,,14.0,10.0,1.0,0.012,0.01,1.0,0.0633,0.549,0.388,19.0,0.947
1972_01,69,1972/01/IMG_0037_2R.jpg,1,49,1186,817,1338,150,таблица,,8.0,3.0,5.0,0.106,0.004,1.0,0.0549,0.475,0.492,9.0,1.0
1972_01,71,1972/01/IMG_0038_2R.jpg,0,76,331,800,768,150,нет,"не таблица: рёбер на месте 31%, букв в краске 23%, колонок 28",28.0,36.0,1.0,0.031,0.059,1.0,0.0477,0.23,0.311,47.0,0.191
1972_01,75,1972/01/IMG_0040_2R.jpg,0,50,243,822,529,150,таблица,,4.0,2.0,4.0,0.106,0.087,1.0,0.061,0.653,0.941,12.0,1.0
1972_02,3,1972/02/IMG_0054_2R.jpg,0,47,90,816,1424,150,нет,"одна вертикаль, и краска на 56% состоит из штрихов",1.0,4.0,2.0,0.065,0.102,1.0,0.0696,0.442,0.7,5.0,0.6
1972_02,4,1972/02/IMG_0055_1L.jpg,0,49,91,807,1414,150,нет,"одна вертикаль и всего 1 ячейки — это колонтитул, а не таблица",1.0,2.0,0.0,0.0,0.155,0.0,0.055,0.805,0.571,1.0,1.0
1972_02,63,1972/02/IMG_0084_2R.jpg,0,42,288,809,629,150,таблица,,2.0,2.0,2.0,0.035,0.054,1.0,0.0933,0.782,0.75,6.0,1.0
1972_02,66,1972/02/IMG_0086_1L.jpg,0,159,407,697,607,150,таблица,,1.0,1.0,2.0,0.065,0.213,1.0,0.1173,0.776,1.0,4.0,1.0
1972_02,77,1972/02/IMG_0091_2R.jpg,0,47,260,803,522,150,таблица,,5.0,2.0,3.0,0.042,0.076,1.0,0.0795,0.683,1.0,12.0,1.0
1972_03,3,1972/03/IMG_0104_2R.jpg,0,68,133,819,1423,150,нет,"не таблица: рёбер на месте 36%, букв в краске 43%, колонок 2",2.0,5.0,2.0,0.08,0.119,1.0,0.064,0.426,0.364,4.0,0.75
1972_03,4,1972/03/IMG_0105_1L.jpg,0,59,127,825,1428,150,нет,"одна вертикаль и всего 2 ячейки — это колонтитул, а не таблица",1.0,2.0,0.0,0.0,0.123,0.0,0.0723,0.83,0.714,2.0,1.0
1972_03,20,1972/03/IMG_0113_1L.jpg,0,59,389,837,618,150,таблица,,5.0,2.0,6.0,0.115,0.045,1.0,0.0776,0.666,0.741,12.0,1.0
1972_03,56,1972/03/IMG_0131_1L.jpg,0,68,390,836,620,150,таблица,,4.0,2.0,3.0,0.151,0.06,1.0,0.0745,0.68,0.818,11.0,1.0
1972_03,57,1972/03/IMG_0131_2R.jpg,0,73,558,811,787,150,таблица,,7.0,2.0,6.0,0.142,0.037,1.0,0.1168,0.731,0.811,17.0,1.0
1972_04,3,1972/04/IMG_0004_2R.jpg,0,54,88,826,1446,150,нет,"не таблица: рёбер на месте 59%, букв в краске 40%, колонок 3",3.0,4.0,1.0,0.083,0.092,1.0,0.0575,0.403,0.588,5.0,0.6
1972_04,4,1972/04/IMG_0005_1L.jpg,0,71,89,818,1435,150,нет,"одна вертикаль и всего 2 ячейки — это колонтитул, а не таблица",1.0,2.0,0.0,0.0,0.14,0.0,0.0648,0.817,0.714,2.0,1.0
1972_04,29,1972/04/IMG_0017_2R.jpg,0,62,500,833,784,150,таблица,,3.0,2.0,7.0,0.169,0.036,1.0,0.0855,0.754,0.824,9.0,1.0
1972_04,98,1972/04/IMG_0052_1L.jpg,0,55,429,833,826,150,таблица,,2.0,1.0,4.0,0.1,0.024,1.0,0.0904,0.831,1.0,6.0,1.0
1972_05,3,1972/05/IMG_0054_2R.jpg,0,52,87,813,1407,150,нет,"одна вертикаль, и краска на 60% состоит из штрихов",1.0,4.0,3.0,0.123,0.106,1.0,0.0606,0.403,0.6,4.0,0.25
1972_05,4,1972/05/IMG_0055_1L.jpg,0,60,90,808,1412,150,нет,"одна вертикаль и всего 2 ячейки — это колонтитул, а не таблица",1.0,2.0,0.0,0.0,0.147,0.0,0.0741,0.847,0.714,2.0,1.0
1972_05,7,1972/05/IMG_0056_2R.jpg,0,51,405,814,823,150,таблица,,4.0,2.0,4.0,0.109,0.044,1.0,0.0844,0.794,0.682,10.0,1.0
1972_05,11,1972/05/IMG_0058_2R.jpg,0,51,199,817,457,150,таблица,,3.0,1.0,9.0,0.205,0.048,1.0,0.0937,0.752,1.0,8.0,1.0
1972_05,12,1972/05/IMG_0059_1L.jpg,0,56,772,817,1030,150,таблица,,6.0,1.0,5.0,0.137,0.059,1.0,0.0947,0.752,1.0,10.0,1.0
1972_05,33,1972/05/IMG_0069_2R.jpg,0,57,680,815,952,150,таблица,,6.0,2.0,3.0,0.134,0.051,1.0,0.07,0.645,0.875,18.0,1.0
1972_05,44,1972/05/IMG_0075_1L.jpg,0,100,246,767,704,150,нет,"не таблица: рёбер на месте 61%, букв в краске 19%, колонок 12",12.0,5.0,0.0,0.0,0.011,1.0,0.0188,0.191,0.606,23.0,0.826
1972_05,58,1972/05/IMG_0082_1L.jpg,0,55,326,810,501,150,таблица,,5.0,2.0,4.0,0.129,0.025,1.0,0.0839,0.678,0.727,11.0,0.818
1972_05,67,1972/05/IMG_0086_2R.jpg,0,53,178,814,378,150,таблица,,4.0,1.0,4.0,0.083,0.141,1.0,0.0861,0.687,1.0,10.0,1.0
1972_05,74,1972/05/IMG_0090_1L.jpg,0,55,375,819,711,150,таблица,,3.0,1.0,3.0,0.085,0.115,1.0,0.1007,0.804,1.0,8.0,1.0
1972_05,74,1972/05/IMG_0090_1L.jpg,1,55,760,819,960,150,таблица,,3.0,1.0,3.0,0.134,0.13,1.0,0.0796,0.722,1.0,8.0,1.0
1972_06,3,1972/06/IMG_0104_2R.jpg,0,66,90,815,1375,150,нет,"одна вертикаль, и краска на 58% состоит из штрихов",1.0,6.0,2.0,0.077,0.121,1.0,0.0664,0.422,0.538,4.0,0.75
1972_06,4,1972/06/IMG_0105_1L.jpg,0,65,87,820,1386,150,нет,"одна вертикаль и всего 1 ячейки — это колонтитул, а не таблица",1.0,2.0,0.0,0.0,0.159,0.0,0.0593,0.794,0.571,1.0,1.0
1972_06,31,1972/06/IMG_0118_2R.jpg,0,69,458,815,797,150,таблица,,6.0,2.0,3.0,0.05,0.058,1.0,0.0927,0.732,0.781,14.0,1.0
1972_06,35,1972/06/IMG_0120_2R.jpg,0,69,764,826,1079,150,таблица,,4.0,2.0,4.0,0.118,0.055,1.0,0.1001,0.782,0.773,10.0,1.0
1972_06,37,1972/06/IMG_0121_2R.jpg,0,57,477,828,863,150,таблица,,2.0,3.0,5.0,0.112,0.058,1.0,0.0801,0.775,0.75,6.0,1.0
1972_06,42,1972/06/IMG_0124_1L.jpg,0,52,517,830,774,150,таблица,,3.0,2.0,4.0,0.107,0.073,1.0,0.0836,0.676,0.647,7.0,1.0
1972_06,71,1972/06/IMG_0138_2R.jpg,0,69,250,812,797,150,таблица,,20.0,15.0,0.0,0.0,0.1,1.0,0.0596,0.638,0.328,23.0,0.696
1972_06,73,1972/06/IMG_0139_2R.jpg,0,133,75,1442,794,150,нет,"не таблица: рёбер на месте 52%, букв в краске 36%, колонок 38",38.0,23.0,5.0,0.103,0.008,1.0,0.0313,0.365,0.518,117.0,0.547
1972_06,75,1972/06/IMG_0140_2R.jpg,0,71,89,815,368,150,таблица,,14.0,7.0,0.0,0.0,0.011,1.0,0.0838,0.549,0.556,18.0,1.0
1972_06,77,1972/06/IMG_0141_2R.jpg,0,67,278,813,885,150,таблица,,4.0,3.0,1.0,0.017,0.058,1.0,0.1057,0.817,0.871,15.0,1.0
1972_06,83,1972/06/IMG_0144_2R.jpg,0,64,583,820,786,150,таблица,,9.0,1.0,1.0,0.014,0.046,1.0,0.0825,0.597,0.964,19.0,1.0
1972_06,85,1972/06/IMG_0145_2R.jpg,0,72,344,825,545,150,таблица,,12.0,2.0,6.0,0.108,0.013,1.0,0.0772,0.614,0.774,30.0,0.7
1972_07,3,1972/07/IMG_0004_2R.jpg,0,70,90,830,1404,150,нет,"одна вертикаль, и краска на 62% состоит из штрихов",1.0,4.0,2.0,0.094,0.088,1.0,0.0534,0.379,0.7,5.0,0.6
1972_07,4,1972/07/IMG_0005_1L.jpg,0,80,87,814,1412,150,нет,"одна вертикаль и всего 2 ячейки — это колонтитул, а не таблица",1.0,2.0,0.0,0.0,0.129,0.0,0.0726,0.836,0.714,2.0,1.0
1972_07,28,1972/07/IMG_0017_1L.jpg,0,65,369,832,1262,150,таблица,,8.0,15.0,0.0,0.0,0.057,1.0,0.0547,0.577,0.906,84.0,0.929
1972_07,51,1972/07/IMG_0028_2R.jpg,0,67,622,834,798,150,таблица,,5.0,2.0,5.0,0.197,0.01,1.0,0.0447,0.537,0.778,12.0,0.917
1972_07,60,1972/07/IMG_0033_1L.jpg,0,77,1117,821,1384,150,таблица,,11.0,4.0,4.0,0.103,0.035,1.0,0.0861,0.635,0.678,20.0,1.0
1972_07,61,1972/07/IMG_0033_2R.jpg,0,64,637,830,838,150,таблица,,3.0,2.0,7.0,0.131,0.048,1.0,0.0562,0.586,0.765,8.0,1.0
1972_07,71,1972/07/IMG_0038_2R.jpg,0,65,153,831,575,150,таблица,,9.0,2.0,2.0,0.047,0.051,1.0,0.1181,0.772,0.865,21.0,1.0
1972_07,74,1972/07/IMG_0040_1L.jpg,0,76,1240,819,1412,150,таблица,,6.0,3.0,7.0,0.165,0.051,1.0,0.0442,0.458,0.733,15.0,0.533
1972_07,75,1972/07/IMG_0040_2R.jpg,0,65,144,832,317,150,таблица,,6.0,3.0,6.0,0.15,0.03,1.0,0.0459,0.458,0.733,15.0,0.533
1972_07,75,1972/07/IMG_0040_2R.jpg,1,65,389,829,563,150,таблица,,6.0,3.0,5.0,0.14,0.042,1.0,0.0459,0.48,0.689,15.0,0.533
1972_07,96,1972/07/IMG_0051_1L.jpg,0,82,189,812,1407,150,таблица,,2.0,1.0,2.0,0.05,0.032,1.0,0.0784,0.882,0.857,5.0,1.0
1972_07,97,1972/07/IMG_0051_2R.jpg,0,54,116,806,1390,150,таблица,,3.0,1.0,2.0,0.055,0.035,1.0,0.0854,0.889,0.6,3.0,1.0
1972_07,98,1972/07/IMG_0052_1L.jpg,0,74,119,822,930,150,таблица,,3.0,1.0,3.0,0.05,0.035,1.0,0.0849,0.876,1.0,6.0,1.0
1972_08,3,1972/08/IMG_0054_2R.jpg,0,55,89,807,1388,150,нет,"одна вертикаль, и краска на 58% состоит из штрихов",1.0,4.0,3.0,0.109,0.092,1.0,0.063,0.419,0.7,5.0,0.6
1972_08,4,1972/08/IMG_0055_1L.jpg,0,60,89,796,1385,150,нет,"одна вертикаль и всего 2 ячейки — это колонтитул, а не таблица",1.0,2.0,0.0,0.0,0.125,0.0,0.0853,0.854,0.714,2.0,1.0
1972_08,53,1972/08/IMG_0079_2R.jpg,0,49,268,815,1053,150,таблица,,9.0,2.0,0.0,0.0,0.048,1.0,0.101,0.83,0.778,12.0,1.0
1972_08,54,1972/08/IMG_0080_1L.jpg,0,54,677,811,935,150,таблица,,9.0,2.0,12.0,0.216,0.012,1.0,0.0961,0.725,0.809,21.0,1.0
1972_08,58,1972/08/IMG_0082_1L.jpg,0,56,1156,806,1410,150,таблица,,4.0,3.0,1.0,0.028,0.047,1.0,0.066,0.613,0.742,13.0,1.0
1972_08,69,1972/08/IMG_0087_2R.jpg,0,49,135,810,1390,150,таблица,,2.0,1.0,2.0,0.046,0.116,1.0,0.1869,0.95,0.857,5.0,1.0
1972_08,70,1972/08/IMG_0088_1L.jpg,0,53,124,810,706,150,таблица,,2.0,2.0,2.0,0.035,0.13,1.0,0.1366,0.895,0.75,6.0,1.0
1972_08,70,1972/08/IMG_0088_1L.jpg,1,55,805,813,1392,150,таблица,,2.0,1.0,2.0,0.037,0.102,1.0,0.1528,0.906,0.857,5.0,1.0
1972_08,71,1972/08/IMG_0088_2R.jpg,0,44,102,795,1383,150,таблица,,2.0,1.0,2.0,0.037,0.14,1.0,0.1942,0.951,0.714,4.0,1.0
1972_08,72,1972/08/IMG_0089_1L.jpg,0,59,118,802,741,150,таблица,,4.0,2.0,0.0,0.0,0.104,1.0,0.1508,0.907,0.667,5.0,1.0
1972_09,3,1972/09/IMG_0104_2R.jpg,0,59,90,822,1390,150,нет,"одна вертикаль, и краска на 57% состоит из штрихов",1.0,4.0,4.0,0.094,0.092,1.0,0.0676,0.433,0.7,5.0,0.6
1972_09,4,1972/09/IMG_0105_1L.jpg,0,62,92,812,1397,150,нет,"одна вертикаль и всего 2 ячейки — это колонтитул, а не таблица",1.0,2.0,0.0,0.0,0.104,0.0,0.0934,0.863,0.714,2.0,1.0
1972_09,12,1972/09/IMG_0109_1L.jpg,0,59,166,817,559,150,таблица,,4.0,2.0,1.0,0.028,0.045,1.0,0.0757,0.735,0.727,10.0,1.0
1972_09,13,1972/09/IMG_0109_2R.jpg,0,66,169,811,505,150,таблица,,6.0,3.0,6.0,0.112,0.047,1.0,0.1111,0.759,0.733,17.0,0.941
1972_09,13,1972/09/IMG_0109_2R.jpg,1,467,808,741,1002,150,нет,"одна вертикаль и всего 2 ячейки — это колонтитул, а не таблица",1.0,2.0,3.0,0.597,0.131,1.0,0.0143,0.087,0.286,2.0,0.5
1972_09,13,1972/09/IMG_0109_2R.jpg,2,148,813,417,1006,150,нет,"одна вертикаль и всего 2 ячейки — это колонтитул, а не таблица",1.0,2.0,3.0,0.71,0.03,1.0,0.0107,0.097,0.286,2.0,0.5
1972_09,14,1972/09/IMG_0110_1L.jpg,0,109,399,768,705,150,нет,нет внутренних вертикальных линеек — это рамка вокруг текста,0.0,5.0,8.0,0.339,0.029,0.0,0.0325,0.382,0.2,1.0,0.0
1972_09,30,1972/09/IMG_0118_1L.jpg,0,61,437,817,776,150,таблица,,3.0,1.0,2.0,0.047,0.06,1.0,0.1039,0.822,1.0,6.0,1.0
1972_09,53,1972/09/IMG_0129_2R.jpg,0,67,349,808,1392,150,таблица,,2.0,5.0,7.0,0.141,0.067,1.0,0.066,0.774,1.0,18.0,1.0
1972_09,74,1972/09/IMG_0140_1L.jpg,0,450,119,835,708,150,таблица,,1.0,1.0,1.0,0.027,0.196,1.0,0.1406,0.907,1.0,4.0,1.0
1972_09,76,1972/09/IMG_0141_1L.jpg,0,444,583,833,933,150,таблица,,4.0,1.0,3.0,0.123,0.067,1.0,0.0772,0.683,1.0,10.0,1.0
1972_09,76,1972/09/IMG_0141_1L.jpg,1,444,1196,832,1355,150,таблица,,3.0,1.0,0.0,0.0,0.13,1.0,0.085,0.671,1.0,8.0,1.0
1972_09,78,1972/09/IMG_0142_1L.jpg,0,38,644,845,1377,150,таблица,,4.0,1.0,4.0,0.125,0.046,1.0,0.1147,0.86,1.0,10.0,1.0
1972_10,3,1972/10/IMG_0004_2R.jpg,0,54,91,829,1423,150,нет,"одна вертикаль, и краска на 58% состоит из штрихов",1.0,4.0,2.0,0.124,0.105,0.0,0.0632,0.418,0.6,4.0,0.75
1972_10,4,1972/10/IMG_0005_1L.jpg,0,68,90,813,1448,150,нет,"одна вертикаль и всего 2 ячейки — это колонтитул, а не таблица",1.0,2.0,0.0,0.0,0.133,0.0,0.1008,0.853,0.714,2.0,1.0
1972_10,5,1972/10/IMG_0005_2R.jpg,0,41,952,826,1100,150,таблица,,3.0,1.0,7.0,0.251,0.048,1.0,0.0697,0.627,1.0,8.0,0.875
1972_10,28,1972/10/IMG_0017_1L.jpg,0,61,640,815,965,150,таблица,,7.0,4.0,4.0,0.153,0.046,1.0,0.0749,0.608,0.657,21.0,0.81
1972_10,33,1972/10/IMG_0019_2R.jpg,0,49,350,824,650,150,таблица,,10.0,2.0,1.0,0.026,0.055,1.0,0.1005,0.705,0.667,15.0,1.0
1972_10,33,1972/10/IMG_0019_2R.jpg,1,47,696,823,848,150,таблица,,3.0,1.0,14.0,0.371,0.046,1.0,0.064,0.623,1.0,8.0,1.0
1972_10,36,1972/10/IMG_0021_1L.jpg,0,55,460,823,614,150,таблица,,5.0,1.0,5.0,0.113,0.041,1.0,0.0664,0.608,1.0,12.0,1.0
1972_10,36,1972/10/IMG_0021_1L.jpg,1,56,1266,823,1440,150,таблица,,6.0,2.0,1.0,0.029,0.032,1.0,0.0618,0.629,0.778,12.0,1.0
1972_10,38,1972/10/IMG_0022_1L.jpg,0,62,136,814,649,150,таблица,,16.0,7.0,1.0,0.021,0.055,1.0,0.0919,0.611,0.481,32.0,1.0
1972_10,44,1972/10/IMG_0025_1L.jpg,0,122,114,752,356,150,таблица,,3.0,1.0,2.0,0.057,0.042,1.0,0.0806,0.716,1.0,8.0,1.0
1972_10,48,1972/10/IMG_0027_1L.jpg,0,72,869,816,1438,150,таблица,,15.0,2.0,7.0,0.171,0.013,1.0,0.0823,0.587,0.766,32.0,1.0
1972_11,3,1972/11/IMG_0055_2R.jpg,0,58,90,834,1400,150,нет,"одна вертикаль, и краска на 58% состоит из штрихов",1.0,4.0,2.0,0.085,0.106,1.0,0.0657,0.423,0.7,5.0,0.6
1972_11,4,1972/11/IMG_0056_1L.jpg,0,71,84,819,1383,150,нет,"одна вертикаль и всего 2 ячейки — это колонтитул, а не таблица",1.0,2.0,0.0,0.0,0.148,0.0,0.0778,0.841,0.714,2.0,1.0
1972_11,5,1972/11/IMG_0056_2R.jpg,0,63,1215,833,1387,150,таблица,,4.0,1.0,7.0,0.179,0.048,1.0,0.0921,0.697,1.0,10.0,1.0
1972_11,8,1972/11/IMG_0058_1L.jpg,0,74,445,824,729,150,таблица,,3.0,1.0,5.0,0.137,0.057,1.0,0.1049,0.787,1.0,8.0,1.0
1972_11,32,1972/11/IMG_0070_1L.jpg,0,107,111,1413,832,150,таблица,,37.0,10.0,4.0,0.048,0.014,1.0,0.0692,0.638,0.892,181.0,0.994
1972_11,34,1972/11/IMG_0071_1L.jpg,0,73,456,448,768,150,таблица,,3.0,2.0,2.0,0.061,0.064,1.0,0.0859,0.686,1.0,12.0,0.833
1972_11,35,1972/11/IMG_0071_2R.jpg,0,135,191,804,792,150,нет,нет внутренних вертикальных линеек — это рамка вокруг текста,0.0,1.0,6.0,0.778,0.004,0.0,0.0076,0.213,1.0,1.0,1.0
1972_11,38,1972/11/IMG_0073_1L.jpg,0,70,291,830,456,150,таблица,,1.0,3.0,15.0,0.33,0.047,1.0,0.0912,0.599,0.6,4.0,1.0
1972_11,38,1972/11/IMG_0073_1L.jpg,1,71,546,831,710,150,таблица,,1.0,3.0,17.0,0.364,0.052,1.0,0.094,0.626,0.7,5.0,1.0
1972_11,64,1972/11/IMG_0086_1L.jpg,0,70,358,826,651,150,таблица,,3.0,1.0,6.0,0.138,0.058,1.0,0.0992,0.787,1.0,8.0,1.0
1972_12,3,1972/12/IMG_0105_2R.jpg,0,84,89,835,1400,150,нет,"одна вертикаль, и краска на 57% состоит из штрихов",1.0,4.0,2.0,0.071,0.107,0.0,0.0654,0.428,0.6,4.0,0.75
1972_12,4,1972/12/IMG_0106_1L.jpg,0,77,90,844,1401,150,нет,"одна вертикаль и всего 1 ячейки — это колонтитул, а не таблица",1.0,2.0,0.0,0.0,0.153,0.0,0.0578,0.797,0.571,1.0,1.0
1972_12,19,1972/12/IMG_0113_2R.jpg,0,86,98,834,578,150,таблица,,3.0,2.0,9.0,0.169,0.033,1.0,0.0903,0.81,0.824,9.0,0.889
1972_12,22,1972/12/IMG_0115_1L.jpg,0,80,1008,846,1181,150,таблица,,3.0,1.0,4.0,0.07,0.065,1.0,0.0813,0.718,1.0,8.0,0.875
1972_12,33,1972/12/IMG_0120_2R.jpg,0,85,440,834,641,150,таблица,,3.0,1.0,6.0,0.243,0.048,1.0,0.0867,0.741,1.0,8.0,0.875
1972_12,60,1972/12/IMG_0134_1L.jpg,0,74,90,849,374,150,таблица,,3.0,1.0,5.0,0.197,0.057,1.0,0.0885,0.792,1.0,8.0,1.0
1973_01,3,1973/01/IMG_0004_2R.jpg,0,57,90,839,1431,150,нет,"одна вертикаль, и краска на 55% состоит из штрихов",1.0,4.0,2.0,0.082,0.125,0.0,0.0712,0.448,0.6,4.0,0.75
1973_01,4,1973/01/IMG_0005_1L.jpg,0,72,88,817,1475,150,нет,"одна вертикаль и всего 2 ячейки — это колонтитул, а не таблица",1.0,2.0,0.0,0.0,0.133,0.0,0.0991,0.862,0.714,2.0,1.0
1973_01,8,1973/01/IMG_0007_1L.jpg,0,78,443,821,838,150,таблица,,11.0,4.0,6.0,0.135,0.024,1.0,0.0856,0.679,0.776,28.0,1.0
1973_01,22,1973/01/IMG_0014_1L.jpg,0,76,373,820,617,150,таблица,,2.0,1.0,15.0,0.307,0.048,1.0,0.063,0.712,0.714,3.0,1.0
1973_01,58,1973/01/IMG_0032_1L.jpg,0,68,827,827,1006,150,таблица,,3.0,1.0,17.0,0.318,0.032,1.0,0.0664,0.709,1.0,8.0,1.0
1973_01,69,1973/01/IMG_0037_2R.jpg,0,67,665,832,1126,150,нет,"не таблица: рёбер на месте 37%, букв в краске 10%, колонок 18",18.0,33.0,6.0,0.199,0.004,1.0,0.0205,0.102,0.375,22.0,0.545
1973_01,78,1973/01/IMG_0042_1L.jpg,0,64,425,831,936,150,таблица,,20.0,15.0,2.0,0.04,0.037,1.0,0.0914,0.628,0.474,54.0,0.593
1973_01,83,1973/01/IMG_0044_2R.jpg,0,55,831,833,1006,150,таблица,,2.0,1.0,4.0,0.092,0.048,1.0,0.0944,0.736,1.0,6.0,0.833
1973_02,3,1973/02/IMG_0054_2R.jpg,0,56,88,819,1409,150,нет,"одна вертикаль, и краска на 57% состоит из штрихов",1.0,4.0,1.0,0.084,0.1,0.0,0.0673,0.432,0.6,4.0,0.75
1973_02,4,1973/02/IMG_0055_1L.jpg,0,55,89,816,1414,150,нет,"одна вертикаль и всего 2 ячейки — это колонтитул, а не таблица",1.0,2.0,0.0,0.0,0.11,0.0,0.0768,0.846,0.714,2.0,1.0
1973_02,12,1973/02/IMG_0059_1L.jpg,0,58,1151,815,1328,150,таблица,,5.0,1.0,7.0,0.192,0.057,1.0,0.0743,0.647,1.0,10.0,1.0
1973_02,46,1973/02/IMG_0076_1L.jpg,0,49,158,827,588,150,таблица,,4.0,2.0,1.0,0.04,0.048,1.0,0.0932,0.778,0.818,12.0,0.917
1973_02,47,1973/02/IMG_0076_2R.jpg,0,52,667,816,1010,150,таблица,,4.0,3.0,3.0,0.05,0.059,1.0,0.0952,0.74,0.839,15.0,1.0
1973_02,70,1973/02/IMG_0088_1L.jpg,0,52,631,820,972,150,таблица,,10.0,3.0,6.0,0.249,0.035,1.0,0.1017,0.702,0.576,19.0,1.0
1973_02,73,1973/02/IMG_0089_2R.jpg,0,58,952,813,1157,150,таблица,,4.0,2.0,9.0,0.187,0.048,1.0,0.064,0.627,1.0,12.0,1.0
1973_02,74,1973/02/IMG_0090_1L.jpg,0,51,326,821,679,150,таблица,,8.0,2.0,4.0,0.12,0.034,1.0,0.0763,0.646,0.786,18.0,1.0
1973_03,2,1973/03/IMG_0104_1L.jpg,0,70,91,826,1409,150,нет,"одна вертикаль и всего 2 ячейки — это колонтитул, а не таблица",1.0,2.0,0.0,0.0,0.099,0.0,0.0875,0.842,0.714,2.0,1.0
1973_03,35,1973/03/IMG_0120_2R.jpg,0,70,469,824,781,150,таблица,,7.0,4.0,3.0,0.064,0.069,1.0,0.0649,0.588,0.731,18.0,1.0
1973_03,59,1973/03/IMG_0132_2R.jpg,0,441,474,833,1338,150,нет,"не таблица: рёбер на месте 47%, букв в краске 27%, колонок 26",26.0,20.0,2.0,0.099,0.046,1.0,0.03,0.267,0.471,24.0,0.375
1973_03,76,1973/03/IMG_0141_1L.jpg,0,52,182,847,360,150,таблица,,13.0,3.0,7.0,0.143,0.062,1.0,0.0816,0.494,0.543,18.0,1.0
1973_04,3,1973/04/IMG_0004_2R.jpg,0,54,90,838,1408,150,нет,"одна вертикаль, и краска на 62% состоит из штрихов",1.0,4.0,4.0,0.109,0.092,1.0,0.0542,0.38,0.7,5.0,0.6
1973_04,4,1973/04/IMG_0005_1L.jpg,0,71,81,821,1453,150,нет,"одна вертикаль и всего 2 ячейки — это колонтитул, а не таблица",1.0,2.0,0.0,0.0,0.162,0.0,0.0834,0.828,0.714,2.0,1.0
1973_04,51,1973/04/IMG_0028_2R.jpg,0,56,856,837,1424,150,таблица,,12.0,5.0,3.0,0.06,0.055,1.0,0.1072,0.791,0.895,22.0,0.773
1973_04,55,1973/04/IMG_0030_2R.jpg,0,389,1044,841,1413,150,таблица,,4.0,5.0,4.0,0.819,0.038,1.0,0.0067,0.053,0.816,26.0,0.308
1973_04,56,1973/04/IMG_0031_1L.jpg,0,98,152,523,492,150,нет,"не таблица: рёбер на месте 66%, букв в краске 5%, колонок 9",9.0,5.0,4.0,0.777,0.038,1.0,0.0073,0.053,0.659,24.0,0.292
1973_04,56,1973/04/IMG_0031_1L.jpg,1,368,634,818,980,150,нет,"не таблица: рёбер на месте 66%, букв в краске 5%, колонок 8",8.0,7.0,6.0,0.756,0.033,1.0,0.0069,0.052,0.659,25.0,0.28
1973_04,57,1973/04/IMG_0031_2R.jpg,0,198,1051,713,1393,150,таблица,,6.0,6.0,5.0,0.777,0.029,1.0,0.0082,0.064,0.714,26.0,0.308
1973_04,58,1973/04/IMG_0032_1L.jpg,0,198,639,688,980,150,таблица,,7.0,6.0,5.0,0.799,0.031,1.0,0.0089,0.057,0.701,30.0,0.267
1973_04,59,1973/04/IMG_0032_2R.jpg,0,64,162,835,401,150,таблица,,4.0,2.0,1.0,0.028,0.021,1.0,0.0463,0.546,0.682,9.0,0.889
1973_05,3,1973/05/IMG_0054_2R.jpg,0,58,91,815,1398,150,таблица,,2.0,4.0,2.0,0.118,0.092,1.0,0.0654,0.43,0.471,4.0,0.75
1973_05,4,1973/05/IMG_0055_1L.jpg,0,59,89,815,1404,150,нет,"одна вертикаль и всего 2 ячейки — это колонтитул, а не таблица",1.0,2.0,0.0,0.0,0.122,0.0,0.0653,0.818,0.714,2.0,1.0
1973_05,54,1973/05/IMG_0080_1L.jpg,0,54,162,824,475,150,таблица,,5.0,2.0,2.0,0.046,0.047,1.0,0.082,0.722,0.815,15.0,0.933
1973_05,55,1973/05/IMG_0080_2R.jpg,0,52,155,820,473,150,таблица,,5.0,3.0,1.0,0.014,0.082,1.0,0.0906,0.703,0.895,21.0,0.905
1973_05,67,1973/05/IMG_0086_2R.jpg,0,56,631,816,923,150,таблица,,9.0,1.0,0.0,0.0,0.092,1.0,0.1457,0.807,1.0,16.0,1.0
1973_05,89,1973/05/IMG_0097_2R.jpg,0,72,151,807,452,150,таблица,,9.0,2.0,3.0,0.093,0.059,1.0,0.1032,0.742,0.688,14.0,1.0
1973_05,89,1973/05/IMG_0097_2R.jpg,1,57,1168,816,1408,150,таблица,,4.0,2.0,5.0,0.138,0.049,1.0,0.0857,0.674,0.824,8.0,1.0
1973_05,90,1973/05/IMG_0098_1L.jpg,0,56,588,821,876,150,таблица,,4.0,2.0,5.0,0.098,0.056,1.0,0.1115,0.783,0.727,10.0,1.0
1973_06,3,1973/06/IMG_0104_2R.jpg,0,84,91,828,1411,150,нет,"одна вертикаль, и краска на 56% состоит из штрихов",1.0,4.0,1.0,0.103,0.103,1.0,0.0665,0.437,0.6,4.0,0.75
1973_06,4,1973/06/IMG_0105_1L.jpg,0,67,91,841,1406,150,нет,"одна вертикаль и всего 2 ячейки — это колонтитул, а не таблица",1.0,4.0,0.0,0.0,0.12,0.0,0.0925,0.852,0.462,2.0,1.0
1973_06,18,1973/06/IMG_0112_1L.jpg,0,73,365,846,686,150,таблица,,6.0,2.0,11.0,0.259,0.046,1.0,0.0782,0.698,1.0,18.0,1.0
1973_06,18,1973/06/IMG_0112_1L.jpg,1,75,769,847,1035,150,таблица,,5.0,2.0,13.0,0.249,0.047,1.0,0.0697,0.632,1.0,18.0,1.0
1973_06,29,1973/06/IMG_0117_2R.jpg,0,87,303,825,568,150,таблица,,3.0,3.0,5.0,0.084,0.045,1.0,0.061,0.612,0.708,10.0,1.0
1973_06,71,1973/06/IMG_0138_2R.jpg,0,84,451,829,924,150,таблица,,5.0,2.0,8.0,0.212,0.048,1.0,0.0605,0.713,0.682,10.0,0.5
1973_06,81,1973/06/IMG_0143_2R.jpg,0,87,581,830,896,150,таблица,,5.0,2.0,3.0,0.072,0.071,1.0,0.0934,0.733,0.815,15.0,0.867
1973_06,81,1973/06/IMG_0143_2R.jpg,1,86,977,829,1180,150,таблица,,2.0,1.0,4.0,0.095,0.07,1.0,0.0513,0.616,1.0,6.0,1.0
1973_07,3,1973/07/IMG_0004_2R.jpg,0,47,97,836,1482,150,нет,"одна вертикаль, и краска на 59% состоит из штрихов",1.0,4.0,2.0,0.059,0.091,1.0,0.0595,0.411,0.7,5.0,0.6
1973_07,4,1973/07/IMG_0005_1L.jpg,0,60,90,818,1471,150,нет,"одна вертикаль и всего 2 ячейки — это колонтитул, а не таблица",1.0,2.0,0.0,0.0,0.095,0.0,0.0807,0.845,0.714,2.0,1.0
1973_07,30,1973/07/IMG_0018_1L.jpg,0,60,377,822,618,150,таблица,,3.0,2.0,5.0,0.134,0.033,1.0,0.0616,0.662,0.824,10.0,0.9
1973_07,30,1973/07/IMG_0018_1L.jpg,1,57,888,825,1132,150,таблица,,3.0,3.0,8.0,0.175,0.056,1.0,0.0583,0.644,0.708,9.0,1.0
1973_07,31,1973/07/IMG_0018_2R.jpg,0,38,460,843,673,150,таблица,,3.0,2.0,7.0,0.153,0.058,1.0,0.0806,0.679,0.706,7.0,1.0
1973_07,32,1973/07/IMG_0019_1L.jpg,0,53,352,824,745,150,таблица,,6.0,4.0,5.0,0.169,0.034,1.0,0.0596,0.612,0.741,22.0,1.0
1973_07,63,1973/07/IMG_0034_2R.jpg,0,49,463,813,1064,150,таблица,,17.0,3.0,0.0,0.0,0.046,1.0,0.1004,0.704,0.774,25.0,1.0
1973_07,65,1973/07/IMG_0035_2R.jpg,0,55,1081,831,1426,150,таблица,,1.0,1.0,15.0,0.288,0.063,1.0,0.0751,0.797,1.0,4.0,1.0
1973_07,66,1973/07/IMG_0036_1L.jpg,0,63,348,445,557,150,нет,"не таблица: рёбер на месте 41%, букв в краске 62%, колонок 3",3.0,2.0,0.0,0.0,0.233,1.0,0.0824,0.625,0.412,3.0,1.0
1973_07,66,1973/07/IMG_0036_1L.jpg,1,84,612,441,1052,150,нет,"не таблица: рёбер на месте 52%, букв в краске 38%, колонок 3",3.0,8.0,1.0,0.032,0.025,1.0,0.0392,0.383,0.52,6.0,1.0
1973_08,3,1973/08/IMG_0054_2R.jpg,0,61,90,822,1409,150,нет,"одна вертикаль, и краска на 56% состоит из штрихов",1.0,4.0,2.0,0.107,0.089,1.0,0.0685,0.437,0.5,4.0,0.25
1973_08,4,1973/08/IMG_0055_1L.jpg,0,65,90,821,1411,150,нет,"одна вертикаль и всего 2 ячейки — это колонтитул, а не таблица",1.0,2.0,0.0,0.0,0.146,0.0,0.0545,0.791,0.714,2.0,1.0
1973_08,6,1973/08/IMG_0056_1L.jpg,0,65,182,822,437,150,таблица,,3.0,2.0,2.0,0.068,0.071,1.0,0.0809,0.701,0.824,9.0,1.0
1973_08,9,1973/08/IMG_0057_2R.jpg,0,58,162,830,453,150,таблица,,3.0,1.0,3.0,0.108,0.083,1.0,0.0912,0.774,1.0,8.0,1.0
1973_08,14,1973/08/IMG_0060_1L.jpg,0,60,571,827,833,150,таблица,,7.0,2.0,5.0,0.125,0.046,1.0,0.0682,0.62,0.838,18.0,1.0
1973_08,23,1973/08/IMG_0064_2R.jpg,0,83,84,1412,837,150,таблица,,16.0,1.0,8.0,0.116,0.02,1.0,0.0917,0.717,1.0,34.0,1.0
1973_08,25,1973/08/IMG_0065_2R.jpg,0,59,542,825,1006,150,таблица,,14.0,3.0,6.0,0.095,0.033,1.0,0.0886,0.617,0.702,29.0,1.0
1973_08,27,1973/08/IMG_0066_2R.jpg,0,60,633,822,982,150,таблица,,5.0,1.0,5.0,0.134,0.076,1.0,0.0811,0.751,1.0,12.0,1.0
1973_08,31,1973/08/IMG_0068_2R.jpg,0,50,623,835,891,150,таблица,,4.0,2.0,3.0,0.065,0.057,1.0,0.0759,0.637,0.682,8.0,1.0
1973_08,31,1973/08/IMG_0068_2R.jpg,1,48,1193,838,1391,150,таблица,,7.0,2.0,9.0,0.194,0.046,1.0,0.0875,0.659,0.688,14.0,1.0
1973_08,32,1973/08/IMG_0069_1L.jpg,0,60,631,830,927,150,таблица,,5.0,2.0,2.0,0.058,0.048,1.0,0.0727,0.626,0.778,12.0,1.0
1973_08,41,1973/08/IMG_0073_2R.jpg,0,59,551,827,863,150,таблица,,2.0,1.0,10.0,0.197,0.061,1.0,0.0679,0.757,1.0,6.0,1.0
1973_08,58,1973/08/IMG_0082_1L.jpg,0,54,1124,830,1385,150,таблица,,4.0,1.0,6.0,0.246,0.08,1.0,0.0859,0.754,1.0,10.0,1.0
1973_09,3,1973/09/IMG_0104_2R.jpg,0,70,89,823,1404,150,нет,"одна вертикаль, и краска на 58% состоит из штрихов",1.0,4.0,2.0,0.101,0.102,1.0,0.0653,0.422,0.6,4.0,0.75
1973_09,4,1973/09/IMG_0105_1L.jpg,0,63,90,829,1418,150,нет,"одна вертикаль и всего 2 ячейки — это колонтитул, а не таблица",1.0,2.0,0.0,0.0,0.119,0.0,0.0727,0.829,0.714,2.0,1.0
1973_09,10,1973/09/IMG_0108_1L.jpg,0,59,159,836,508,150,таблица,,5.0,3.0,8.0,0.118,0.036,1.0,0.0881,0.727,0.842,18.0,1.0
1973_09,37,1973/09/IMG_0121_2R.jpg,0,72,197,828,430,150,таблица,,16.0,2.0,2.0,0.062,0.045,1.0,0.0948,0.667,0.83,26.0,0.962
1973_09,39,1973/09/IMG_0122_2R.jpg,0,71,1207,822,1408,150,таблица,,2.0,1.0,2.0,0.028,0.077,1.0,0.1173,0.794,1.0,6.0,1.0
1973_09,46,1973/09/IMG_0126_1L.jpg,0,58,1181,837,1444,150,таблица,,3.0,1.0,5.0,0.13,0.058,1.0,0.0977,0.771,0.9,7.0,0.857
1973_09,48,1973/09/IMG_0127_1L.jpg,0,61,204,837,586,150,таблица,,5.0,2.0,5.0,0.092,0.045,1.0,0.0745,0.725,0.864,13.0,0.846
1973_09,51,1973/09/IMG_0128_2R.jpg,0,71,112,825,358,150,таблица,,5.0,2.0,7.0,0.133,0.059,1.0,0.0748,0.63,0.818,10.0,1.0
1973_09,51,1973/09/IMG_0128_2R.jpg,1,71,422,818,714,150,таблица,,2.0,3.0,4.0,0.084,0.05,1.0,0.062,0.62,0.824,9.0,1.0
1973_09,51,1973/09/IMG_0128_2R.jpg,2,72,1191,823,1424,150,таблица,,4.0,2.0,3.0,0.06,0.061,1.0,0.0792,0.671,0.818,11.0,1.0
1973_09,65,1973/09/IMG_0135_2R.jpg,0,64,606,820,967,150,таблица,,6.0,1.0,2.0,0.045,0.041,1.0,0.1023,0.786,1.0,12.0,1.0
1973_10,3,1973/10/IMG_0159_2R.jpg,0,54,90,828,1425,150,таблица,,3.0,4.0,3.0,0.113,0.092,0.0,0.0633,0.418,0.588,5.0,0.6
1973_10,4,1973/10/IMG_0160_1L.jpg,0,65,89,813,1450,150,нет,"одна вертикаль и всего 2 ячейки — это колонтитул, а не таблица",1.0,2.0,0.0,0.0,0.098,0.0,0.079,0.838,0.714,2.0,1.0
1973_10,6,1973/10/IMG_0161_1L.jpg,0,79,166,808,543,150,таблица,,7.0,2.0,2.0,0.06,0.036,1.0,0.1023,0.755,0.811,19.0,0.947
1973_10,11,1973/10/IMG_0163_2R.jpg,0,51,873,827,1274,150,таблица,,5.0,3.0,2.0,0.029,0.045,1.0,0.1006,0.777,0.763,16.0,0.938
1973_10,12,1973/10/IMG_0164_1L.jpg,0,46,146,835,527,150,таблица,,3.0,2.0,8.0,0.209,0.025,1.0,0.0639,0.729,0.824,9.0,1.0
1973_10,27,1973/10/IMG_0171_2R.jpg,0,616,1110,827,1332,150,таблица,,4.0,3.0,0.0,0.0,0.033,1.0,0.095,0.648,0.45,8.0,0.625
1973_10,45,1973/10/IMG_0180_2R.jpg,0,58,239,825,668,150,таблица,,4.0,3.0,3.0,0.072,0.059,1.0,0.0758,0.77,0.833,13.0,1.0
1973_10,48,1973/10/IMG_0182_1L.jpg,0,63,154,809,579,150,таблица,,10.0,3.0,5.0,0.095,0.033,1.0,0.0883,0.702,0.83,22.0,1.0
1973_10,50,1973/10/IMG_0183_1L.jpg,0,70,86,1432,765,150,таблица,,38.0,50.0,0.0,0.0,0.007,1.0,0.0747,0.604,0.259,49.0,0.735
1973_10,62,1973/10/IMG_0189_1L.jpg,0,69,390,812,907,150,таблица,,2.0,2.0,11.0,0.222,0.035,1.0,0.0777,0.833,0.833,7.0,1.0
1973_10,71,1973/10/IMG_0193_2R.jpg,0,41,1081,828,1397,150,таблица,,18.0,3.0,5.0,0.095,0.036,1.0,0.1208,0.655,0.657,28.0,1.0
1973_11,3,1973/11/IMG_0209_2R.jpg,0,51,90,812,1400,150,таблица,,2.0,6.0,3.0,0.126,0.099,1.0,0.059,0.432,0.5,4.0,0.75
1973_11,4,1973/11/IMG_0210_1L.jpg,0,49,87,805,1405,150,нет,"одна вертикаль и всего 2 ячейки — это колонтитул, а не таблица",1.0,2.0,0.0,0.0,0.179,0.0,0.0554,0.808,0.714,2.0,1.0
1973_11,41,1973/11/IMG_0228_2R.jpg,0,46,113,811,305,150,таблица,,4.0,1.0,17.0,0.354,0.047,1.0,0.0631,0.566,0.818,10.0,0.9
1973_11,52,1973/11/IMG_0234_1L.jpg,0,48,946,812,1150,150,таблица,,6.0,1.0,7.0,0.101,0.069,1.0,0.0807,0.685,1.0,14.0,0.929
1973_11,53,1973/11/IMG_0234_2R.jpg,0,54,114,815,335,150,таблица,,7.0,1.0,4.0,0.091,0.058,1.0,0.0737,0.603,0.812,14.0,0.929
1973_11,67,1973/11/IMG_0241_2R.jpg,0,49,820,808,993,150,таблица,,5.0,2.0,3.0,0.089,0.058,1.0,0.075,0.657,0.773,11.0,0.909
1973_11,80,1973/11/IMG_0248_1L.jpg,0,103,189,752,503,150,таблица,,2.0,1.0,3.0,0.068,0.066,1.0,0.0795,0.806,1.0,4.0,0.75
1973_11,82,1973/11/IMG_0249_1L.jpg,0,55,210,809,605,150,таблица,,1.0,1.0,1.0,0.031,0.097,1.0,0.1031,0.857,1.0,4.0,0.75
1973_11,83,1973/11/IMG_0249_2R.jpg,0,52,1074,811,1389,150,таблица,,2.0,1.0,3.0,0.083,0.069,1.0,0.064,0.705,1.0,6.0,0.833
1973_11,84,1973/11/IMG_0250_1L.jpg,0,101,1173,761,1399,150,таблица,,3.0,1.0,1.0,0.015,0.072,1.0,0.0811,0.74,1.0,6.0,0.833
1973_12,3,1973/12/IMG_0259_2R.jpg,0,66,90,811,1394,150,нет,"не таблица: рёбер на месте 41%, букв в краске 45%, колонок 2",2.0,4.0,2.0,0.098,0.086,1.0,0.0713,0.448,0.412,4.0,0.75
1973_12,4,1973/12/IMG_0260_1L.jpg,0,52,91,827,1415,150,нет,"одна вертикаль и всего 2 ячейки — это колонтитул, а не таблица",1.0,2.0,0.0,0.0,0.125,0.0,0.069,0.843,0.714,2.0,1.0
1973_12,82,1973/12/IMG_0299_1L.jpg,0,45,626,824,1371,150,таблица,,2.0,1.0,2.0,0.037,0.067,1.0,0.0901,0.878,1.0,6.0,1.0
1973_12,83,1973/12/IMG_0299_2R.jpg,0,49,152,825,1371,150,таблица,,2.0,1.0,2.0,0.044,0.15,1.0,0.123,0.925,1.0,6.0,1.0
1973_12,84,1973/12/IMG_0300_1L.jpg,0,37,160,842,1366,150,таблица,,2.0,1.0,2.0,0.042,0.118,1.0,0.0987,0.913,1.0,6.0,1.0
1973_12,85,1973/12/IMG_0300_2R.jpg,0,73,149,803,1376,150,таблица,,7.0,1.0,0.0,0.0,0.064,1.0,0.0876,0.91,0.692,6.0,1.0
1973_12,86,1973/12/IMG_0301_1L.jpg,0,67,163,783,1432,150,таблица,,4.0,1.0,2.0,0.048,0.066,1.0,0.0705,0.883,0.769,7.0,0.857
1973_12,87,1973/12/IMG_0301_2R.jpg,0,54,152,848,1409,150,таблица,,10.0,2.0,0.0,0.0,0.053,1.0,0.0721,0.816,0.595,12.0,0.917
1973_12,88,1973/12/IMG_0302_1L.jpg,0,38,156,836,1413,150,таблица,,5.0,2.0,1.0,0.012,0.08,1.0,0.0849,0.841,0.704,11.0,1.0
1973_12,89,1973/12/IMG_0302_2R.jpg,0,51,151,833,1410,150,таблица,,6.0,2.0,0.0,0.0,0.088,1.0,0.0839,0.844,0.562,8.0,1.0
1973_12,90,1973/12/IMG_0303_1L.jpg,0,23,155,839,1444,150,таблица,,11.0,2.0,1.0,0.016,0.075,1.0,0.0777,0.828,0.656,11.0,0.909
1973_12,91,1973/12/IMG_0303_2R.jpg,0,59,155,816,974,150,таблица,,5.0,2.0,1.0,0.021,0.083,1.0,0.0788,0.812,0.741,12.0,0.917
1974_01,3,1974/01/IMG_0004_2R.jpg,0,50,90,824,1413,150,нет,"одна вертикаль, и краска на 56% состоит из штрихов",1.0,4.0,4.0,0.099,0.093,0.0,0.0703,0.444,0.6,4.0,0.75
1974_01,4,1974/01/IMG_0005_1_1L.jpg,0,58,86,808,1448,150,нет,"одна вертикаль и всего 2 ячейки — это колонтитул, а не таблица",1.0,2.0,0.0,0.0,0.151,0.0,0.059,0.812,0.714,2.0,1.0
1974_01,36,1974/01/IMG_0021_1L.jpg,0,54,359,811,1255,150,таблица,,35.0,18.0,0.0,0.0,0.095,1.0,0.0708,0.631,0.484,57.0,0.474
1974_01,37,1974/01/IMG_0021_2R.jpg,0,104,267,775,452,150,нет,"одна вертикаль и всего 2 ячейки — это колонтитул, а не таблица",1.0,1.0,3.0,0.127,0.174,1.0,0.0804,0.767,0.75,2.0,1.0
1974_01,65,1974/01/IMG_0035_2R.jpg,0,105,1234,767,1408,150,таблица,,1.0,1.0,2.0,0.171,0.086,1.0,0.0621,0.663,1.0,4.0,1.0
1974_01,68,1974/01/IMG_0037_1L.jpg,0,66,708,807,1321,150,таблица,,11.0,2.0,0.0,0.0,0.046,1.0,0.0703,0.707,0.682,18.0,0.611
1974_01,89,1974/01/IMG_0047_2R.jpg,0,45,1030,822,1429,150,таблица,,5.0,2.0,1.0,0.045,0.046,1.0,0.0818,0.769,0.818,12.0,0.833
1974_02,3,1974/02/IMG_0054_2R.jpg,0,55,90,828,1386,150,таблица,,2.0,4.0,2.0,0.119,0.093,1.0,0.0701,0.45,0.471,4.0,0.75
1974_02,4,1974/02/IMG_0055_1L.jpg,0,71,89,814,1407,150,нет,"одна вертикаль и всего 1 ячейки — это колонтитул, а не таблица",1.0,2.0,0.0,0.0,0.151,0.0,0.0519,0.783,0.571,1.0,1.0
1974_02,28,1974/02/IMG_0067_1L.jpg,0,86,470,827,671,150,таблица,,8.0,2.0,4.0,0.081,0.049,1.0,0.0766,0.652,0.781,14.0,1.0
1974_02,38,1974/02/IMG_0072_1L.jpg,0,69,345,821,820,150,таблица,,18.0,3.0,1.0,0.018,0.048,1.0,0.1104,0.749,0.712,24.0,0.958
1974_02,65,1974/02/IMG_0085_2R.jpg,0,65,1123,819,1377,150,таблица,,2.0,2.0,10.0,0.238,0.033,1.0,0.0409,0.565,1.0,9.0,1.0
1974_02,92,1974/02/IMG_0099_1L.jpg,0,60,100,833,269,150,таблица,,6.0,3.0,3.0,0.05,0.014,1.0,0.0447,0.455,0.733,17.0,0.471
1974_02,96,1974/02/IMG_0101_1L.jpg,0,66,573,818,751,150,таблица,,3.0,2.0,4.0,0.628,0.078,1.0,0.01,0.198,1.0,6.0,0.333
1974_03,3,1974/03/IMG_0104_2R.jpg,0,66,90,808,1395,150,таблица,,2.0,4.0,2.0,0.118,0.113,0.0,0.068,0.439,0.588,6.0,0.5
1974_03,4,1974/03/IMG_0105_1L.jpg,0,58,91,814,1415,150,нет,"одна вертикаль и всего 2 ячейки — это колонтитул, а не таблица",1.0,2.0,0.0,0.0,0.171,0.0,0.0482,0.782,0.714,2.0,1.0
1974_03,55,1974/03/IMG_0130_2R.jpg,0,61,367,812,681,150,таблица,,6.0,2.0,4.0,0.168,0.035,1.0,0.0816,0.729,0.667,12.0,1.0
1974_03,55,1974/03/IMG_0130_2R.jpg,1,62,949,811,1150,150,таблица,,6.0,1.0,7.0,0.138,0.036,1.0,0.0971,0.744,1.0,12.0,1.0
1974_03,57,1974/03/IMG_0131_2R.jpg,0,71,1091,804,1395,150,таблица,,6.0,2.0,5.0,0.174,0.035,1.0,0.0734,0.713,0.667,12.0,1.0
1974_03,60,1974/03/IMG_0133_1L.jpg,0,57,800,819,1118,150,таблица,,3.0,1.0,6.0,0.235,0.047,1.0,0.0787,0.782,1.0,8.0,1.0
1974_03,61,1974/03/IMG_0133_2R.jpg,0,73,296,803,500,150,таблица,,3.0,1.0,6.0,0.227,0.048,1.0,0.0685,0.689,1.0,8.0,1.0
1974_03,79,1974/03/IMG_0142_2R.jpg,0,73,309,805,939,150,таблица,,12.0,3.0,2.0,0.028,0.03,1.0,0.0914,0.66,0.736,35.0,0.943
1974_03,80,1974/03/IMG_0143_1L.jpg,0,122,285,394,1090,150,нет,"не таблица: рёбер на месте 44%, букв в краске 1%, колонок 19",19.0,13.0,8.0,0.723,0.011,1.0,0.0016,0.012,0.436,24.0,0.0
1974_03,89,1974/03/IMG_0147_2R.jpg,0,270,888,617,1150,150,таблица,,5.0,4.0,1.0,0.07,0.251,1.0,0.0818,0.42,0.525,9.0,0.778
1974_04,3,1974/04/IMG_0004_2R.jpg,0,69,90,829,1421,150,нет,"не таблица: рёбер на месте 37%, букв в краске 45%, колонок 6",6.0,13.0,2.0,0.119,0.136,1.0,0.076,0.446,0.367,8.0,0.375
1974_04,4,1974/04/IMG_0005_1L.jpg,0,57,88,837,1501,150,нет,"одна вертикаль и всего 1 ячейки — это колонтитул, а не таблица",1.0,2.0,0.0,0.0,0.121,0.0,0.0501,0.766,0.571,1.0,1.0
1974_04,63,1974/04/IMG_0034_2R.jpg,0,66,365,829,1092,150,таблица,,33.0,18.0,0.0,0.0,0.083,1.0,0.068,0.604,0.418,47.0,0.617
1974_04,69,1974/04/IMG_0037_2R.jpg,0,59,392,836,948,150,таблица,,7.0,7.0,1.0,0.018,0.048,1.0,0.0759,0.672,0.714,28.0,0.893
1974_04,70,1974/04/IMG_0038_1L.jpg,0,71,216,831,609,150,таблица,,5.0,4.0,4.0,0.107,0.03,1.0,0.0529,0.564,0.783,23.0,0.87
1974_04,72,1974/04/IMG_0039_1L.jpg,0,76,319,823,631,150,таблица,,21.0,4.0,11.0,0.253,0.015,1.0,0.0738,0.572,0.641,28.0,0.571
1974_04,73,1974/04/IMG_0039_2R.jpg,0,66,318,829,488,150,таблица,,2.0,1.0,3.0,0.063,0.161,1.0,0.0857,0.72,1.0,4.0,1.0
1974_04,74,1974/04/IMG_0040_1L.jpg,0,68,745,829,1269,150,таблица,,10.0,6.0,1.0,0.028,0.02,1.0,0.0379,0.47,0.831,60.0,0.35
1974_04,75,1974/04/IMG_0040_2R.jpg,0,66,264,834,1365,150,таблица,,9.0,15.0,2.0,0.036,0.126,1.0,0.0594,0.657,0.522,22.0,0.545
1974_04,97,1974/04/IMG_0051_2R.jpg,0,77,907,397,1359,150,нет,"не таблица: рёбер на месте 34%, букв в краске 5%, колонок 7",7.0,13.0,5.0,0.945,0.025,1.0,0.005,0.048,0.341,7.0,0.0
1974_05,3,1974/05/IMG_0054_2R.jpg,0,71,89,823,1394,150,таблица,,2.0,4.0,3.0,0.109,0.1,1.0,0.0617,0.414,0.529,5.0,0.2
1974_05,4,1974/05/IMG_0055_1L.jpg,0,72,86,822,1420,150,нет,"одна вертикаль и всего 1 ячейки — это колонтитул, а не таблица",1.0,2.0,0.0,0.0,0.147,0.0,0.0557,0.795,0.571,1.0,1.0
1974_05,39,1974/05/IMG_0072_2R.jpg,0,66,109,832,462,150,таблица,,6.0,3.0,2.0,0.131,0.046,1.0,0.0764,0.669,0.714,19.0,0.895
1974_05,49,1974/05/IMG_0077_2R.jpg,0,69,519,823,883,150,таблица,,7.0,3.0,2.0,0.059,0.055,1.0,0.0801,0.692,1.0,20.0,1.0
1974_05,50,1974/05/IMG_0078_1L.jpg,0,73,699,825,1040,150,таблица,,4.0,2.0,5.0,0.125,0.059,1.0,0.0804,0.719,0.773,10.0,1.0
1974_05,51,1974/05/IMG_0078_2R.jpg,0,59,368,830,1002,150,таблица,,18.0,3.0,1.0,0.021,0.047,1.0,0.1218,0.773,0.872,26.0,1.0
1974_05,52,1974/05/IMG_0079_1L.jpg,0,72,401,826,601,150,таблица,,2.0,1.0,5.0,0.164,0.106,1.0,0.0686,0.697,1.0,6.0,1.0
1974_05,55,1974/05/IMG_0080_2R.jpg,0,69,448,824,651,150,таблица,,4.0,2.0,6.0,0.164,0.044,1.0,0.0549,0.583,0.636,9.0,1.0
1974_05,68,1974/05/IMG_0087_1L.jpg,0,189,416,676,606,150,нет,"не таблица: рёбер на месте 47%, букв в краске 32%, колонок 10",10.0,11.0,0.0,0.0,0.146,1.0,0.0789,0.324,0.465,17.0,0.353
1974_05,69,1974/05/IMG_0087_2R.jpg,0,82,407,819,986,150,таблица,,6.0,3.0,3.0,0.104,0.056,1.0,0.0896,0.785,0.852,16.0,1.0
1974_05,74,1974/05/IMG_0090_1L.jpg,0,72,458,825,1121,150,таблица,,4.0,9.0,3.0,0.092,0.037,1.0,0.0982,0.836,0.541,16.0,1.0
1974_06,3,1974/06/IMG_0104_2R.jpg,0,68,90,813,1388,150,таблица,,4.0,4.0,2.0,0.099,0.101,1.0,0.0661,0.428,0.583,7.0,0.429
1974_06,4,1974/06/IMG_0105_1L.jpg,0,63,90,817,1406,150,нет,"одна вертикаль и всего 1 ячейки — это колонтитул, а не таблица",1.0,2.0,0.0,0.0,0.115,0.0,0.0701,0.827,0.571,1.0,1.0
1974_06,24,1974/06/IMG_0115_1L.jpg,0,62,1192,820,1396,150,таблица,,11.0,2.0,18.0,0.392,0.011,1.0,0.0659,0.572,0.981,32.0,0.656
1974_06,73,1974/06/IMG_0139_2R.jpg,0,72,602,812,915,150,таблица,,3.0,3.0,4.0,0.094,0.049,1.0,0.0517,0.623,0.833,12.0,1.0
1974_06,97,1974/06/IMG_0151_2R.jpg,0,60,301,446,516,150,таблица,,9.0,2.0,0.0,0.0,0.021,1.0,0.062,0.538,0.762,18.0,0.5
1974_07,3,1974/07/IMG_0004_2R.jpg,0,60,90,802,1377,150,нет,"одна вертикаль, и краска на 56% состоит из штрихов",1.0,6.0,3.0,0.108,0.094,1.0,0.0682,0.436,0.37,4.0,0.75
1974_07,4,1974/07/IMG_0005_1L.jpg,0,63,90,796,1410,150,нет,"одна вертикаль и всего 2 ячейки — это колонтитул, а не таблица",1.0,2.0,0.0,0.0,0.147,0.0,0.0725,0.834,0.714,2.0,1.0
1974_07,26,1974/07/IMG_0016_1L.jpg,0,57,56,1395,799,150,таблица,,28.0,13.0,1.0,0.007,0.024,1.0,0.0684,0.676,0.707,65.0,0.862
1974_07,29,1974/07/IMG_0017_2R.jpg,0,52,313,807,796,150,таблица,,7.0,4.0,3.0,0.054,0.025,1.0,0.0642,0.654,0.825,20.0,0.85
1974_07,67,1974/07/IMG_0036_2R.jpg,0,64,491,798,871,150,таблица,,2.0,1.0,3.0,0.041,0.082,1.0,0.1185,0.862,1.0,6.0,1.0
1974_07,96,1974/07/IMG_0051_1L.jpg,0,54,896,801,1209,150,таблица,,4.0,2.0,2.0,0.207,0.041,1.0,0.0878,0.739,0.818,11.0,1.0
1974_08,3,1974/08/IMG_0054_2R.jpg,0,54,90,780,1361,150,нет,"одна вертикаль, и краска на 58% состоит из штрихов",1.0,4.0,3.0,0.153,0.12,0.0,0.0644,0.424,0.6,4.0,0.75
1974_08,4,1974/08/IMG_0055_1L.jpg,0,52,89,783,1370,150,нет,"одна вертикаль и всего 2 ячейки — это колонтитул, а не таблица",1.0,2.0,0.0,0.0,0.163,0.0,0.0789,0.843,0.714,2.0,1.0
1974_08,27,1974/08/IMG_0066_2R.jpg,0,56,575,782,1033,150,таблица,,2.0,2.0,1.0,0.028,0.062,1.0,0.1092,0.86,0.75,6.0,1.0
1974_08,58,1974/08/IMG_0082_1L.jpg,0,53,951,789,1374,150,таблица,,8.0,8.0,4.0,0.131,0.049,1.0,0.0293,0.421,0.582,20.0,0.6
1974_08,96,1974/08/IMG_0101_1L.jpg,0,43,1086,809,1353,150,таблица,,6.0,2.0,4.0,0.053,0.095,1.0,0.0638,0.677,0.741,12.0,0.917
1974_09,3,1974/09/IMG_0104_2R.jpg,0,61,89,801,1318,150,нет,"одна вертикаль и всего 3 ячейки — это колонтитул, а не таблица",1.0,3.0,2.0,0.155,0.135,0.0,0.0677,0.436,0.571,3.0,0.667
1974_09,4,1974/09/IMG_0105_1L.jpg,0,53,87,800,1357,150,нет,"одна вертикаль и всего 2 ячейки — это колонтитул, а не таблица",1.0,2.0,0.0,0.0,0.147,0.0,0.0736,0.831,0.714,2.0,1.0
1974_09,21,1974/09/IMG_0113_2R.jpg,0,70,261,788,1213,150,таблица,,3.0,2.0,1.0,0.013,0.088,1.0,0.1115,0.875,0.706,8.0,1.0
1974_09,22,1974/09/IMG_0114_1L.jpg,0,56,250,800,718,150,таблица,,5.0,2.0,3.0,0.079,0.056,1.0,0.1481,0.85,0.63,9.0,1.0
1974_09,45,1974/09/IMG_0125_2R.jpg,0,65,528,794,933,150,таблица,,4.0,4.0,3.0,0.073,0.036,1.0,0.0776,0.727,0.725,18.0,0.833
1974_10,3,1974/10/IMG_0004_2R.jpg,0,49,90,791,1386,150,таблица,,4.0,4.0,3.0,0.097,0.096,0.0,0.0632,0.413,0.471,4.0,0.75
1974_10,4,1974/10/IMG_0005_1L.jpg,0,52,89,779,1381,150,нет,"одна вертикаль и всего 2 ячейки — это колонтитул, а не таблица",1.0,2.0,0.0,0.0,0.125,0.0,0.0777,0.845,0.714,2.0,1.0
1974_10,31,1974/10/IMG_0017_2R.jpg,0,81,38,1374,787,150,таблица,,20.0,18.0,0.0,0.0,0.022,1.0,0.0631,0.658,0.752,93.0,0.871
1974_10,54,1974/10/IMG_0029_1L.jpg,0,55,609,772,840,150,нет,"не таблица: рёбер на месте 46%, букв в краске 14%, колонок 2",2.0,0.0,6.0,0.245,0.008,1.0,0.0119,0.137,0.462,5.0,0.4
1974_10,54,1974/10/IMG_0029_1L.jpg,1,71,1027,778,1259,150,нет,нет внутренних вертикальных линеек — это рамка вокруг текста,0.0,1.0,2.0,0.083,0.202,0.0,0.0176,0.181,0.294,3.0,0.333
1974_10,56,1974/10/IMG_0030_1L.jpg,0,54,352,787,733,150,таблица,,10.0,0.0,4.0,0.965,0.007,0.0,0.001,0.009,1.0,9.0,0.222
1974_10,67,1974/10/IMG_0035_2R.jpg,0,45,162,791,445,150,таблица,,3.0,1.0,2.0,0.07,0.035,1.0,0.1009,0.78,1.0,8.0,1.0
1974_10,92,1974/10/IMG_0048_1L.jpg,0,46,513,784,927,150,таблица,,12.0,7.0,0.0,0.0,0.096,1.0,0.0885,0.585,0.567,20.0,0.85
1974_10,96,1974/10/IMG_0050_1L.jpg,0,32,1172,799,1417,150,таблица,,6.0,2.0,8.0,0.281,0.016,1.0,0.0612,0.599,0.812,14.0,0.5
1974_10,97,1974/10/IMG_0050_2R.jpg,0,76,571,759,795,150,нет,нет внутренних вертикальных линеек — это рамка вокруг текста,0.0,3.0,1.0,0.019,0.072,0.0,0.0407,0.42,1.0,1.0,1.0
1974_11,3,1974/11/IMG_0053_2R.jpg,0,60,92,791,1365,150,нет,"не таблица: рёбер на месте 35%, букв в краске 44%, колонок 3",3.0,6.0,1.0,0.117,0.102,1.0,0.0661,0.436,0.355,4.0,0.75
1974_11,4,1974/11/IMG_0054_1L.jpg,0,59,90,789,1372,150,нет,"одна вертикаль и всего 1 ячейки — это колонтитул, а не таблица",1.0,2.0,0.0,0.0,0.148,0.0,0.0613,0.808,0.571,1.0,1.0
1974_11,17,1974/11/IMG_0060_2R.jpg,0,56,180,794,571,150,таблица,,7.0,2.0,2.0,0.062,0.065,1.0,0.1026,0.766,0.704,11.0,1.0
1974_11,17,1974/11/IMG_0060_2R.jpg,1,53,1022,794,1342,150,таблица,,11.0,5.0,2.0,0.052,0.055,1.0,0.0683,0.597,0.821,30.0,0.867
1974_11,18,1974/11/IMG_0061_1L.jpg,0,48,1094,799,1347,150,таблица,,4.0,2.0,9.0,0.215,0.052,1.0,0.0608,0.639,1.0,12.0,1.0
1974_11,48,1974/11/IMG_0076_1L.jpg,0,56,512,791,929,150,таблица,,10.0,3.0,2.0,0.047,0.035,1.0,0.0876,0.668,0.848,30.0,1.0
1974_11,50,1974/11/IMG_0077_1L.jpg,0,49,1055,797,1358,150,таблица,,7.0,3.0,7.0,0.141,0.044,1.0,0.0738,0.645,0.846,24.0,1.0
1974_11,66,1974/11/IMG_0085_1L.jpg,0,55,966,793,1221,150,таблица,,8.0,3.0,4.0,0.08,0.035,1.0,0.0507,0.564,0.839,15.0,1.0
1974_12,3,1974/12/IMG_0103_2R.jpg,0,59,89,786,1361,150,нет,"не таблица: рёбер на месте 38%, букв в краске 45%, колонок 8",8.0,4.0,2.0,0.093,0.107,1.0,0.0706,0.452,0.378,5.0,0.6
1974_12,4,1974/12/IMG_0104_1L.jpg,0,48,90,797,1365,150,нет,"одна вертикаль и всего 2 ячейки — это колонтитул, а не таблица",1.0,2.0,0.0,0.0,0.159,0.0,0.0636,0.809,0.714,2.0,1.0
1974_12,30,1974/12/IMG_0117_1L.jpg,0,51,288,794,482,150,таблица,,6.0,2.0,3.0,0.056,0.047,1.0,0.1046,0.702,0.656,10.0,1.0
1974_12,31,1974/12/IMG_0117_2R.jpg,0,72,154,775,326,150,таблица,,4.0,2.0,3.0,0.058,0.043,1.0,0.0764,0.664,0.682,9.0,0.889
1974_12,34,1974/12/IMG_0119_1L.jpg,0,97,54,1351,767,150,таблица,,47.0,35.0,1.0,0.022,0.039,0.971,0.0741,0.505,0.275,69.0,0.464
1974_12,38,1974/12/IMG_0121_1L.jpg,0,49,345,792,949,150,нет,"не таблица: рёбер на месте 39%, букв в краске 48%, колонок 15",15.0,7.0,3.0,0.216,0.06,1.0,0.0576,0.479,0.39,15.0,0.6
1974_12,38,1974/12/IMG_0121_1L.jpg,1,43,986,794,1316,150,таблица,,13.0,1.0,3.0,0.172,0.083,1.0,0.1358,0.623,0.675,15.0,0.467
1974_12,40,1974/12/IMG_0122_1L.jpg,0,43,275,800,724,150,нет,"не таблица: рёбер на месте 37%, букв в краске 41%, колонок 13",13.0,11.0,2.0,0.045,0.159,1.0,0.0558,0.412,0.367,19.0,0.474
1974_12,40,1974/12/IMG_0122_1L.jpg,1,53,787,798,984,150,таблица,,8.0,0.0,6.0,0.343,0.095,0.0,0.0912,0.489,1.0,9.0,0.556
1974_12,41,1974/12/IMG_0122_2R.jpg,0,64,219,789,1109,150,таблица,,14.0,12.0,6.0,0.167,0.032,1.0,0.0403,0.241,0.829,161.0,0.304
1974_12,42,1974/12/IMG_0123_1L.jpg,0,46,692,275,1036,150,нет,нет внутренних вертикальных линеек — это рамка вокруг текста,0.0,6.0,0.0,0.0,0.437,1.0,0.1007,0.442,0.684,8.0,0.5
1974_12,42,1974/12/IMG_0123_1L.jpg,1,621,786,803,1037,150,таблица,,2.0,1.0,1.0,0.269,0.297,1.0,0.1307,0.535,0.714,4.0,0.75
1974_12,45,1974/12/IMG_0124_2R.jpg,0,67,220,776,791,150,таблица,,8.0,4.0,5.0,0.113,0.034,1.0,0.0978,0.722,0.885,26.0,1.0
1974_12,46,1974/12/IMG_0125_1L.jpg,0,102,239,1367,679,150,таблица,,9.0,2.0,9.0,0.108,0.035,1.0,0.0905,0.79,0.571,13.0,0.923
1974_12,49,1974/12/IMG_0126_2R.jpg,0,69,177,778,537,150,таблица,,5.0,3.0,1.0,0.029,0.047,1.0,0.0765,0.701,0.806,15.0,0.867
1974_12,50,1974/12/IMG_0127_1L.jpg,0,55,671,797,896,150,таблица,,4.0,2.0,7.0,0.166,0.055,1.0,0.0601,0.62,0.864,13.0,0.923
1974_12,58,1974/12/IMG_0131_1L.jpg,0,50,89,793,1324,150,нет,"не таблица: рёбер на месте 26%, букв в краске 50%, колонок 35",35.0,49.0,1.0,0.016,0.058,1.0,0.0946,0.499,0.259,55.0,0.545
1974_12,69,1974/12/IMG_0136_2R.jpg,0,250,481,694,765,150,нет,"не таблица: рёбер на месте 65%, букв в краске 5%, колонок 10",10.0,10.0,8.0,0.563,0.029,1.0,0.0093,0.055,0.647,59.0,0.322
1975_01,3,1975/01/IMG_0004_2R.jpg,0,90,90,837,1373,150,нет,"не таблица: рёбер на месте 42%, букв в краске 42%, колонок 4",4.0,4.0,3.0,0.07,0.111,0.0,0.0656,0.423,0.419,5.0,0.6
1975_01,4,1975/01/IMG_0005_1L.jpg,0,87,85,842,1396,150,нет,"одна вертикаль и всего 3 ячейки — это колонтитул, а не таблица",1.0,2.0,0.0,0.0,0.13,1.0,0.0578,0.735,0.5,3.0,0.667
1975_01,15,1975/01/IMG_0010_2R.jpg,0,87,186,835,354,150,таблица,,3.0,1.0,9.0,0.331,0.047,1.0,0.0735,0.661,1.0,8.0,1.0
1975_01,43,1975/01/IMG_0024_2R.jpg,0,78,109,867,1323,150,таблица,,7.0,3.0,0.0,0.0,0.093,1.0,0.1261,0.915,0.596,8.0,1.0
1975_01,45,1975/01/IMG_0025_2R.jpg,0,88,1064,838,1233,150,таблица,,3.0,2.0,5.0,0.252,0.059,1.0,0.1039,0.681,0.647,6.0,1.0
1975_01,47,1975/01/IMG_0026_2R.jpg,0,90,384,840,671,150,таблица,,4.0,2.0,5.0,0.154,0.057,1.0,0.1121,0.769,0.727,10.0,1.0
1975_01,72,1975/01/IMG_0039_1L.jpg,0,99,768,832,1245,150,таблица,,9.0,4.0,0.0,0.0,0.063,1.0,0.0762,0.708,0.904,29.0,0.931
1975_01,75,1975/01/IMG_0040_2R.jpg,0,96,1106,843,1390,150,таблица,,3.0,1.0,4.0,0.086,0.054,1.0,0.0913,0.745,1.0,8.0,1.0
1975_01,80,1975/01/IMG_0043_1L.jpg,0,104,1080,825,1235,150,нет,нет внутренних вертикальных линеек — это рамка вокруг текста,0.0,0.0,0.0,0.0,0.385,0.0,0.1883,0.838,0.0,1.0,1.0
1975_02,3,1975/02/IMG_0053_2R.jpg,0,64,92,781,1378,150,нет,"не таблица: рёбер на месте 35%, букв в краске 44%, колонок 4",4.0,4.0,2.0,0.06,0.091,1.0,0.0682,0.439,0.355,4.0,0.75
1975_02,4,1975/02/IMG_0054_1L.jpg,0,58,96,793,1385,150,нет,"одна вертикаль и всего 2 ячейки — это колонтитул, а не таблица",1.0,2.0,0.0,0.0,0.115,0.0,0.0733,0.843,0.714,2.0,1.0
1975_02,32,1975/02/IMG_0068_1L.jpg,0,57,472,793,891,150,таблица,,4.0,2.0,0.0,0.0,0.045,1.0,0.081,0.707,0.636,7.0,1.0
1975_02,33,1975/02/IMG_0068_2R.jpg,0,33,619,805,956,150,таблица,,7.0,2.0,5.0,0.141,0.045,1.0,0.1023,0.747,0.75,13.0,1.0
1975_02,35,1975/02/IMG_0069_2R.jpg,0,61,704,784,1239,150,таблица,,6.0,5.0,6.0,0.107,0.053,1.0,0.087,0.723,0.933,34.0,0.971
1975_02,37,1975/02/IMG_0070_2R.jpg,0,50,622,794,1043,150,таблица,,4.0,3.0,9.0,0.172,0.06,1.0,0.0727,0.725,0.903,18.0,0.944
1975_02,42,1975/02/IMG_0073_1L.jpg,0,85,421,408,615,150,нет,"не таблица: рёбер на месте 69%, букв в краске 5%, колонок 7",7.0,4.0,4.0,0.636,0.019,1.0,0.0119,0.048,0.694,30.0,0.2
1975_02,42,1975/02/IMG_0073_1L.jpg,1,70,698,455,957,150,нет,"не таблица: рёбер на месте 57%, букв в краске 9%, колонок 17",17.0,11.0,5.0,0.522,0.026,1.0,0.0193,0.089,0.566,25.0,0.24
1975_02,53,1975/02/IMG_0078_2R.jpg,0,11,84,810,994,150,нет,нет внутренних вертикальных линеек — это рамка вокруг текста,0.0,2.0,1.0,0.02,0.11,0.0,0.1288,0.904,1.0,1.0,1.0
1975_02,66,1975/02/IMG_0085_1L.jpg,0,47,964,810,1169,150,таблица,,17.0,2.0,1.0,0.022,0.034,1.0,0.1029,0.71,0.75,20.0,0.95
1975_02,67,1975/02/IMG_0085_2R.jpg,0,59,421,784,621,150,таблица,,8.0,3.0,8.0,0.18,0.046,1.0,0.0955,0.658,0.61,16.0,1.0
1975_02,67,1975/02/IMG_0085_2R.jpg,1,58,818,784,1178,150,таблица,,9.0,2.0,6.0,0.162,0.045,1.0,0.0614,0.582,0.638,20.0,0.8
1975_02,93,1975/02/IMG_0098_2R.jpg,0,73,131,788,467,150,таблица,,5.0,1.0,4.0,0.081,0.048,1.0,0.0837,0.742,0.824,8.0,1.0
1975_03,3,1975/03/IMG_0103_2R.jpg,0,66,93,771,1379,150,таблица,,3.0,5.0,2.0,0.11,0.104,1.0,0.0668,0.426,0.455,5.0,0.6
1975_03,4,1975/03/IMG_0104_1L.jpg,0,47,95,790,1384,150,нет,"одна вертикаль и всего 2 ячейки — это колонтитул, а не таблица",1.0,2.0,0.0,0.0,0.115,0.0,0.0704,0.835,0.714,2.0,1.0
1975_03,80,1975/03/IMG_0142_1L.jpg,0,46,707,787,909,150,таблица,,4.0,2.0,3.0,0.101,0.074,1.0,0.0721,0.616,0.773,10.0,1.0
1975_03,81,1975/03/IMG_0142_2R.jpg,0,56,362,783,590,150,таблица,,2.0,1.0,3.0,0.227,0.047,1.0,0.0778,0.725,1.0,6.0,1.0
1975_04,3,1975/04/IMG_0004_2R.jpg,0,102,92,859,1392,150,нет,"не таблица: рёбер на месте 38%, букв в краске 42%, колонок 3",3.0,4.0,3.0,0.12,0.1,1.0,0.0641,0.417,0.375,4.0,0.75
1975_04,4,1975/04/IMG_0005_1L.jpg,0,108,90,872,1405,150,таблица,,2.0,2.0,1.0,0.02,0.132,0.0,0.0668,0.794,0.583,4.0,0.75
1975_04,85,1975/04/IMG_0045_2R.jpg,0,91,1096,867,1405,150,таблица,,4.0,4.0,4.0,0.176,0.045,1.0,0.0545,0.588,0.75,16.0,1.0
1975_04,98,1975/04/IMG_0052_1L.jpg,0,88,81,895,533,150,нет,нет внутренних вертикальных линеек — это рамка вокруг текста,0.0,2.0,0.0,0.0,0.097,0.0,0.0908,0.805,1.0,1.0,1.0
1975_05,3,1975/05/IMG_0054_2R.jpg,0,54,95,796,1392,150,нет,"не таблица: рёбер на месте 53%, букв в краске 39%, колонок 2",2.0,4.0,3.0,0.097,0.089,0.0,0.0572,0.388,0.529,4.0,0.5
1975_05,4,1975/05/IMG_0055_1L.jpg,0,51,91,797,1380,150,нет,"одна вертикаль и всего 1 ячейки — это колонтитул, а не таблица",1.0,2.0,0.0,0.0,0.115,0.0,0.0611,0.813,0.571,1.0,1.0
1975_05,21,1975/05/IMG_0063_2R.jpg,0,57,435,790,661,150,таблица,,4.0,2.0,3.0,0.058,0.05,1.0,0.1173,0.744,0.818,13.0,1.0
1975_05,85,1975/05/IMG_0095_2R.jpg,0,303,602,790,880,150,таблица,,6.0,3.0,3.0,0.091,0.154,1.0,0.0531,0.613,0.667,9.0,0.556
1975_05,85,1975/05/IMG_0095_2R.jpg,1,31,956,776,1376,150,таблица,,10.0,2.0,2.0,0.062,0.146,1.0,0.0611,0.61,0.738,18.0,0.5
1975_05,86,1975/05/IMG_0096_1L.jpg,0,43,172,806,639,150,таблица,,11.0,3.0,4.0,0.088,0.09,1.0,0.0467,0.58,0.678,19.0,0.526
1975_05,86,1975/05/IMG_0096_1L.jpg,1,44,675,808,1080,150,таблица,,6.0,3.0,7.0,0.249,0.067,1.0,0.0441,0.56,0.684,15.0,0.4
1975_05,87,1975/05/IMG_0096_2R.jpg,0,36,339,814,1391,150,таблица,,9.0,3.0,7.0,0.24,0.112,1.0,0.0472,0.614,0.746,23.0,0.522
1975_05,88,1975/05/IMG_0097_1L.jpg,0,47,171,804,342,150,нет,"не таблица: рёбер на месте 64%, букв в краске 28%, колонок 8",8.0,2.0,7.0,0.535,0.044,1.0,0.0253,0.277,0.643,14.0,0.786
1975_05,88,1975/05/IMG_0097_1L.jpg,1,47,568,804,809,150,нет,"не таблица: рёбер на месте 59%, букв в краске 39%, колонок 8",8.0,4.0,5.0,0.155,0.05,1.0,0.0375,0.394,0.592,14.0,0.857
1975_06,3,1975/06/IMG_0104_2R.jpg,0,70,94,793,1383,150,таблица,,2.0,4.0,1.0,0.046,0.116,1.0,0.0708,0.438,0.529,5.0,0.6
1975_06,4,1975/06/IMG_0105_1L.jpg,0,67,97,802,1389,150,нет,"одна вертикаль и всего 2 ячейки — это колонтитул, а не таблица",1.0,2.0,0.0,0.0,0.147,0.0,0.08,0.852,0.714,2.0,1.0
1975_06,17,1975/06/IMG_0111_2R.jpg,0,65,452,796,734,150,таблица,,21.0,8.0,0.0,0.0,0.036,1.0,0.0947,0.62,0.851,56.0,0.75
1975_06,18,1975/06/IMG_0112_1L.jpg,0,62,414,803,697,150,таблица,,15.0,8.0,3.0,0.058,0.015,1.0,0.0755,0.546,0.76,42.0,0.667
1975_06,20,1975/06/IMG_0113_1L.jpg,0,63,433,806,638,150,таблица,,12.0,6.0,2.0,0.027,0.023,1.0,0.1044,0.588,0.66,30.0,0.967
1975_06,51,1975/06/IMG_0128_2R.jpg,0,70,341,792,625,150,таблица,,3.0,1.0,3.0,0.046,0.062,1.0,0.1041,0.771,1.0,6.0,1.0
1975_06,67,1975/06/IMG_0136_2R.jpg,0,72,277,789,668,150,таблица,,4.0,7.0,2.0,0.106,0.141,1.0,0.0444,0.454,0.597,19.0,0.632
1975_06,67,1975/06/IMG_0136_2R.jpg,1,71,796,789,1253,150,таблица,,1.0,3.0,3.0,0.048,0.161,1.0,0.0559,0.655,1.0,8.0,0.75
1975_06,71,1975/06/IMG_0138_2R.jpg,0,68,600,792,855,150,таблица,,21.0,1.0,5.0,0.118,0.011,1.0,0.1116,0.553,0.724,24.0,1.0
1975_06,71,1975/06/IMG_0138_2R.jpg,1,67,1023,791,1195,150,таблица,,7.0,2.0,3.0,0.065,0.088,1.0,0.0762,0.615,0.811,17.0,0.529
1975_07,3,1975/07/IMG_0004_2R.jpg,0,60,89,804,1361,150,нет,"не таблица: рёбер на месте 42%, букв в краске 46%, колонок 5",5.0,4.0,4.0,0.126,0.086,1.0,0.0713,0.455,0.419,6.0,0.5
1975_07,4,1975/07/IMG_0005_1L.jpg,0,66,89,801,1389,150,нет,"одна вертикаль и всего 2 ячейки — это колонтитул, а не таблица",1.0,2.0,0.0,0.0,0.112,0.0,0.0802,0.847,0.714,2.0,1.0
1975_07,7,1975/07/IMG_0006_2R.jpg,0,47,223,823,457,150,таблица,,7.0,2.0,9.0,0.261,0.044,1.0,0.0687,0.614,0.811,16.0,1.0
1975_07,8,1975/07/IMG_0007_1L.jpg,0,68,210,792,423,150,таблица,,5.0,1.0,9.0,0.235,0.048,1.0,0.0606,0.609,1.0,12.0,1.0
1975_07,9,1975/07/IMG_0007_2R.jpg,0,51,898,813,1053,150,таблица,,5.0,1.0,9.0,0.189,0.051,1.0,0.0789,0.674,1.0,10.0,0.9
1975_07,35,1975/07/IMG_0020_2R.jpg,0,61,1087,806,1341,150,таблица,,4.0,2.0,3.0,0.168,0.047,1.0,0.074,0.692,0.591,8.0,1.0
1975_07,42,1975/07/IMG_0024_1L.jpg,0,63,190,752,690,150,таблица,,6.0,3.0,3.0,0.055,0.077,1.0,0.0818,0.733,0.733,16.0,1.0
1975_07,44,1975/07/IMG_0025_1L.jpg,0,48,161,724,652,150,таблица,,7.0,1.0,1.0,0.019,0.082,1.0,0.1203,0.825,0.682,9.0,1.0
1975_07,50,1975/07/IMG_0028_1L.jpg,0,72,260,800,542,150,таблица,,3.0,1.0,6.0,0.113,0.056,1.0,0.0892,0.769,1.0,8.0,1.0
1975_07,55,1975/07/IMG_0030_2R.jpg,0,59,1173,806,1366,150,таблица,,6.0,2.0,8.0,0.195,0.056,1.0,0.0864,0.652,0.625,9.0,1.0
1975_07,59,1975/07/IMG_0033_2R.jpg,0,437,374,798,734,150,таблица,,5.0,5.0,2.0,0.911,0.024,1.0,0.0014,0.012,0.983,35.0,0.114
1975_07,64,1975/07/IMG_0036_1L.jpg,0,91,404,755,799,150,нет,"не таблица: рёбер на месте 40%, букв в краске 23%, колонок 22",22.0,10.0,2.0,0.058,0.121,1.0,0.0388,0.229,0.398,21.0,0.524
1975_07,69,1975/07/IMG_0038_2R.jpg,0,54,276,811,593,150,таблица,,9.0,8.0,0.0,0.0,0.083,1.0,0.0665,0.622,0.4,32.0,0.656
1975_07,72,1975/07/IMG_0040_1L.jpg,0,169,1195,692,1399,150,таблица,,2.0,2.0,4.0,0.095,0.065,1.0,0.0644,0.664,1.0,9.0,1.0
1975_08,3,1975/08/IMG_0055_2R.jpg,0,83,93,814,1387,150,таблица,,2.0,4.0,2.0,0.098,0.094,1.0,0.0665,0.422,0.471,4.0,0.5
1975_08,4,1975/08/IMG_0056_1L.jpg,0,78,91,823,1400,150,нет,"одна вертикаль и всего 2 ячейки — это колонтитул, а не таблица",1.0,2.0,0.0,0.0,0.123,0.0,0.0792,0.838,0.714,2.0,1.0
1975_08,39,1975/08/IMG_0073_2R.jpg,0,74,102,817,1394,150,таблица,,5.0,2.0,3.0,0.053,0.035,1.0,0.0864,0.804,0.704,12.0,1.0
1975_08,41,1975/08/IMG_0074_2R.jpg,0,80,280,819,756,150,таблица,,6.0,2.0,1.0,0.02,0.034,1.0,0.101,0.795,0.741,12.0,1.0
1975_08,41,1975/08/IMG_0074_2R.jpg,1,86,980,829,1407,150,таблица,,11.0,2.0,1.0,0.017,0.036,1.0,0.0846,0.733,0.719,14.0,1.0
1975_08,42,1975/08/IMG_0075_1L.jpg,0,78,424,831,851,150,таблица,,4.0,1.0,7.0,0.125,0.037,1.0,0.0793,0.765,1.0,10.0,1.0
1975_08,45,1975/08/IMG_0076_2R.jpg,0,72,402,820,993,150,таблица,,20.0,6.0,5.0,0.159,0.033,1.0,0.0407,0.434,0.761,66.0,0.439
1975_08,52,1975/08/IMG_0080_1L.jpg,0,82,427,824,632,150,таблица,,14.0,3.0,3.0,0.05,0.023,1.0,0.0885,0.664,0.727,23.0,0.913
1975_09,3,1975/09/IMG_0105_2R.jpg,0,92,97,806,1377,150,нет,"одна вертикаль, и краска на 56% состоит из штрихов",1.0,4.0,2.0,0.114,0.122,0.0,0.0719,0.437,0.6,4.0,0.75
1975_09,4,1975/09/IMG_0106_1L.jpg,0,79,97,817,1389,150,нет,"одна вертикаль и всего 1 ячейки — это колонтитул, а не таблица",1.0,2.0,0.0,0.0,0.176,0.0,0.0651,0.807,0.571,1.0,1.0
1975_09,11,1975/09/IMG_0109_2R.jpg,0,34,86,824,1057,150,таблица,,7.0,4.0,1.0,0.018,0.044,1.0,0.1317,0.84,0.731,20.0,0.95
1975_09,51,1975/09/IMG_0129_2R.jpg,0,92,422,802,677,150,таблица,,4.0,2.0,2.0,0.11,0.046,1.0,0.0816,0.672,0.636,8.0,1.0
1975_09,62,1975/09/IMG_0135_1L.jpg,0,84,1048,824,1248,150,таблица,,6.0,1.0,7.0,0.247,0.05,1.0,0.0655,0.605,1.0,12.0,0.917
1975_10,3,1975/10/IMG_0004_2R.jpg,0,43,122,793,1396,150,нет,"одна вертикаль, и краска на 56% состоит из штрихов",1.0,4.0,2.0,0.101,0.108,1.0,0.0702,0.44,0.7,5.0,0.6
1975_10,4,1975/10/IMG_0005_1L.jpg,0,50,111,803,1418,150,таблица,,2.0,2.0,1.0,0.013,0.182,0.0,0.0737,0.839,0.667,5.0,0.8
1975_10,32,1975/10/IMG_0019_1L.jpg,0,56,204,786,408,150,таблица,,5.0,1.0,7.0,0.144,0.067,1.0,0.0982,0.725,1.0,12.0,1.0
1975_10,60,1975/10/IMG_0033_1L.jpg,0,46,257,794,606,150,таблица,,7.0,3.0,5.0,0.104,0.048,1.0,0.0759,0.674,0.895,22.0,0.773
1975_10,63,1975/10/IMG_0034_2R.jpg,0,44,189,791,483,150,таблица,,6.0,2.0,12.0,0.263,0.043,1.0,0.0728,0.663,1.0,21.0,1.0
1975_11,3,1975/11/IMG_0054_2R.jpg,0,45,95,774,1383,150,нет,"одна вертикаль, и краска на 56% состоит из штрихов",1.0,4.0,3.0,0.087,0.125,0.0,0.0727,0.443,0.6,4.0,0.75
1975_11,4,1975/11/IMG_0055_1L.jpg,0,39,95,783,1387,150,нет,нет внутренних вертикальных линеек — это рамка вокруг текста,0.0,2.0,0.0,0.0,0.142,0.0,0.1068,0.884,1.0,1.0,1.0
1975_11,27,1975/11/IMG_0066_2R.jpg,0,42,406,775,606,150,таблица,,5.0,1.0,7.0,0.18,0.046,1.0,0.0947,0.712,1.0,10.0,1.0
1975_11,36,1975/11/IMG_0071_1L.jpg,0,46,1105,773,1387,150,таблица,,6.0,3.0,5.0,0.085,0.047,1.0,0.1001,0.694,0.756,17.0,1.0
1975_11,68,1975/11/IMG_0087_1L.jpg,0,120,709,773,1239,150,таблица,,10.0,8.0,4.0,0.878,0.022,1.0,0.0064,0.058,1.0,99.0,0.101
1975_11,69,1975/11/IMG_0087_2R.jpg,0,111,884,774,1246,150,таблица,,5.0,5.0,11.0,0.657,0.062,1.0,0.0028,0.031,0.898,24.0,0.25
1975_11,70,1975/11/IMG_0088_1L.jpg,0,44,882,774,1190,150,таблица,,4.0,2.0,4.0,0.097,0.06,1.0,0.101,0.754,0.636,7.0,1.0
1975_11,72,1975/11/IMG_0089_1L.jpg,0,45,722,775,1146,150,таблица,,1.0,3.0,8.0,0.249,0.099,1.0,0.0372,0.642,0.8,6.0,1.0
1975_11,73,1975/11/IMG_0089_2R.jpg,0,89,310,773,517,150,таблица,,3.0,3.0,7.0,0.264,0.048,1.0,0.0437,0.518,0.75,11.0,1.0
1975_11,75,1975/11/IMG_0090_2R.jpg,0,50,805,769,1369,150,таблица,,4.0,4.0,1.0,0.013,0.038,1.0,0.0855,0.748,0.8,18.0,0.944
1975_11,97,1975/11/IMG_0101_2R.jpg,0,49,367,765,586,150,таблица,,6.0,3.0,5.0,0.169,0.091,1.0,0.0502,0.483,0.578,7.0,1.0
1975_11,97,1975/11/IMG_0101_2R.jpg,1,49,687,764,846,150,таблица,,4.0,4.0,4.0,0.136,0.066,1.0,0.0599,0.512,0.45,6.0,1.0
1975_11,98,1975/11/IMG_0102_1L.jpg,0,35,78,814,658,150,нет,нет внутренних вертикальных линеек — это рамка вокруг текста,0.0,2.0,1.0,0.029,0.08,0.0,0.0586,0.746,1.0,1.0,0.0
1975_12,3,1975/12/IMG_0104_2R.jpg,0,60,98,780,1385,150,нет,"одна вертикаль, и краска на 58% состоит из штрихов",1.0,4.0,3.0,0.115,0.101,0.0,0.0668,0.424,0.7,5.0,0.6
1975_12,4,1975/12/IMG_0105_1L.jpg,0,46,99,796,1391,150,нет,"одна вертикаль и всего 2 ячейки — это колонтитул, а не таблица",1.0,2.0,0.0,0.0,0.109,0.0,0.098,0.857,0.714,2.0,1.0
1975_12,36,1975/12/IMG_0121_1L.jpg,0,52,271,796,581,150,таблица,,5.0,2.0,3.0,0.18,0.047,1.0,0.0768,0.72,0.818,11.0,1.0
1975_12,91,1975/12/IMG_0148_2R.jpg,0,167,971,672,1143,150,таблица,,2.0,2.0,4.0,0.33,0.077,1.0,0.0538,0.57,0.667,5.0,1.0
1976_01,3,1976/01/IMG_0004_2R.jpg,0,50,90,799,1390,150,таблица,,2.0,4.0,1.0,0.07,0.067,1.0,0.0651,0.42,0.588,5.0,0.6
1976_01,4,1976/01/IMG_0005_1L.jpg,0,35,90,791,1411,150,нет,"не таблица: рёбер на месте 38%, букв в краске 73%, колонок 2",2.0,16.0,0.0,0.0,0.103,1.0,0.0663,0.731,0.375,4.0,0.25
1976_01,24,1976/01/IMG_0015_1L.jpg,0,59,985,789,1217,150,таблица,,8.0,1.0,2.0,0.037,0.097,1.0,0.1142,0.767,1.0,10.0,0.9
1976_01,73,1976/01/IMG_0039_2R.jpg,0,50,177,798,471,150,таблица,,4.0,2.0,7.0,0.126,0.059,1.0,0.0703,0.694,1.0,15.0,0.933
1976_02,3,1976/02/IMG_0054_2R.jpg,0,52,95,803,1386,150,нет,"одна вертикаль, и краска на 57% состоит из штрихов",1.0,4.0,3.0,0.118,0.091,1.0,0.065,0.43,0.7,5.0,0.6
1976_02,4,1976/02/IMG_0055_1L.jpg,0,49,86,810,1397,150,таблица,,2.0,2.0,0.0,0.0,0.12,1.0,0.0745,0.806,0.667,5.0,0.8
1976_02,32,1976/02/IMG_0069_1L.jpg,0,43,83,818,718,150,нет,нет внутренних вертикальных линеек — это рамка вокруг текста,0.0,1.0,0.0,0.0,0.114,0.0,0.1618,0.908,1.0,1.0,1.0
1976_02,33,1976/02/IMG_0069_2R.jpg,0,55,1229,776,1391,150,таблица,,4.0,2.0,6.0,0.116,0.047,1.0,0.1021,0.737,0.773,10.0,1.0
1976_03,3,1976/03/IMG_0104_2R.jpg,0,65,100,773,1396,150,нет,"одна вертикаль, и краска на 58% состоит из штрихов",1.0,4.0,2.0,0.095,0.12,1.0,0.0646,0.418,0.6,4.0,0.25
1976_03,4,1976/03/IMG_0105_1L.jpg,0,55,102,790,1402,150,нет,"одна вертикаль и всего 1 ячейки — это колонтитул, а не таблица",1.0,2.0,0.0,0.0,0.156,0.0,0.084,0.853,0.571,1.0,1.0
1976_03,32,1976/03/IMG_0119_1L.jpg,0,75,363,752,1378,150,таблица,,17.0,8.0,0.0,0.0,0.18,1.0,0.0971,0.619,0.498,30.0,0.367
1976_04,3,1976/04/IMG_0004_2R.jpg,0,52,90,800,1379,150,таблица,,2.0,4.0,2.0,0.104,0.09,1.0,0.0676,0.429,0.529,5.0,0.6
1976_04,4,1976/04/IMG_0005_1L.jpg,0,53,91,801,1408,150,нет,"одна вертикаль и всего 1 ячейки — это колонтитул, а не таблица",1.0,2.0,0.0,0.0,0.114,0.0,0.0744,0.822,0.571,1.0,1.0
1976_04,35,1976/04/IMG_0020_2R.jpg,0,49,723,804,1055,150,таблица,,3.0,1.0,2.0,0.03,0.102,1.0,0.127,0.87,1.0,6.0,1.0
1976_04,36,1976/04/IMG_0021_1L.jpg,0,56,457,794,714,150,таблица,,8.0,1.0,6.0,0.123,0.056,1.0,0.108,0.691,1.0,16.0,1.0
1976_04,38,1976/04/IMG_0022_1L.jpg,0,57,614,808,980,150,таблица,,8.0,2.0,2.0,0.037,0.055,1.0,0.1061,0.752,0.784,16.0,1.0
1976_04,66,1976/04/IMG_0036_1L.jpg,0,48,1099,807,1287,150,таблица,,13.0,3.0,9.0,0.205,0.011,1.0,0.0572,0.499,0.822,30.0,0.833
1976_04,67,1976/04/IMG_0036_2R.jpg,0,51,514,802,664,150,таблица,,7.0,2.0,11.0,0.505,0.009,1.0,0.0439,0.434,0.811,16.0,1.0
1976_04,67,1976/04/IMG_0036_2R.jpg,1,52,859,802,1032,150,таблица,,9.0,1.0,18.0,0.275,0.036,1.0,0.0886,0.691,1.0,20.0,1.0
1976_04,68,1976/04/IMG_0037_1L.jpg,0,63,615,792,981,150,таблица,,15.0,7.0,2.0,0.082,0.048,1.0,0.0842,0.629,0.736,41.0,0.805
1976_04,69,1976/04/IMG_0037_2R.jpg,0,50,185,804,1201,150,таблица,,11.0,23.0,0.0,0.0,0.036,1.0,0.0622,0.537,0.625,77.0,0.649
1976_04,70,1976/04/IMG_0038_1L.jpg,0,60,553,793,782,150,таблица,,4.0,2.0,3.0,0.082,0.06,1.0,0.0739,0.641,0.773,10.0,1.0
1976_04,71,1976/04/IMG_0038_2R.jpg,0,53,670,791,926,150,таблица,,3.0,2.0,5.0,0.132,0.045,1.0,0.069,0.658,0.765,8.0,1.0
1976_04,72,1976/04/IMG_0039_1L.jpg,0,68,571,791,908,150,таблица,,6.0,2.0,3.0,0.129,0.037,1.0,0.0818,0.674,0.781,14.0,1.0
1976_05,3,1976/05/IMG_0054_2R.jpg,0,61,91,795,1370,150,таблица,,3.0,4.0,1.0,0.105,0.147,1.0,0.0723,0.445,0.458,6.0,0.667
1976_05,4,1976/05/IMG_0055_1L.jpg,0,58,91,795,1378,150,нет,"одна вертикаль и всего 2 ячейки — это колонтитул, а не таблица",1.0,2.0,0.0,0.0,0.144,0.0,0.0724,0.822,0.714,2.0,1.0
1976_05,22,1976/05/IMG_0064_1L.jpg,0,61,184,793,685,150,таблица,,4.0,2.0,6.0,0.38,0.046,1.0,0.0848,0.772,0.727,10.0,1.0
1976_05,32,1976/05/IMG_0069_1L.jpg,0,61,1220,795,1384,150,таблица,,4.0,2.0,9.0,0.302,0.045,1.0,0.0639,0.572,0.818,10.0,1.0
1976_05,37,1976/05/IMG_0071_2R.jpg,0,59,189,797,360,150,таблица,,2.0,2.0,3.0,0.174,0.044,1.0,0.07,0.632,0.667,5.0,1.0
1976_05,46,1976/05/IMG_0076_1L.jpg,0,53,183,805,383,150,таблица,,13.0,2.0,0.0,0.0,0.066,1.0,0.0779,0.671,0.597,16.0,0.625
1976_05,46,1976/05/IMG_0076_1L.jpg,1,52,661,803,825,150,таблица,,11.0,1.0,8.0,0.202,0.011,1.0,0.0642,0.639,0.808,22.0,0.5
1976_05,66,1976/05/IMG_0086_1L.jpg,0,61,203,801,519,150,таблица,,15.0,5.0,7.0,0.132,0.012,1.0,0.0967,0.61,0.806,62.0,0.677
1976_05,74,1976/05/IMG_0090_1L.jpg,0,57,970,803,1142,150,таблица,,8.0,1.0,10.0,0.374,0.048,1.0,0.0642,0.609,1.0,12.0,1.0
1976_06,3,1976/06/IMG_0104_2R.jpg,0,66,92,787,1376,150,нет,"одна вертикаль, и краска на 54% состоит из штрихов",1.0,4.0,1.0,0.098,0.141,0.0,0.0737,0.459,0.6,4.0,0.75
1976_06,4,1976/06/IMG_0105_1L.jpg,0,51,94,800,1397,150,нет,"одна вертикаль и всего 2 ячейки — это колонтитул, а не таблица",1.0,2.0,0.0,0.0,0.162,0.0,0.0873,0.853,0.714,2.0,1.0
1976_06,41,1976/06/IMG_0123_2R.jpg,0,122,327,737,755,150,таблица,,14.0,8.0,5.0,0.649,0.233,1.0,0.0129,0.107,0.833,106.0,0.066
1976_06,42,1976/06/IMG_0124_1L.jpg,0,53,343,801,624,150,таблица,,4.0,2.0,4.0,0.104,0.114,1.0,0.0866,0.705,0.636,9.0,1.0
1976_06,85,1976/06/IMG_0145_2R.jpg,0,65,1093,782,1266,150,таблица,,11.0,3.0,4.0,0.075,0.036,1.0,0.0933,0.627,0.712,22.0,0.955
1976_07,3,1976/07/IMG_0004_2R.jpg,0,67,88,814,1372,150,таблица,,2.0,4.0,1.0,0.124,0.09,1.0,0.0704,0.439,0.471,4.0,0.75
1976_07,4,1976/07/IMG_0005_1L.jpg,0,73,90,808,1395,150,нет,"одна вертикаль и всего 1 ячейки — это колонтитул, а не таблица",1.0,2.0,0.0,0.0,0.154,0.0,0.0775,0.821,0.571,1.0,1.0
1976_07,72,1976/07/IMG_0039_1L.jpg,0,74,179,806,681,150,таблица,,2.0,1.0,3.0,0.101,0.146,1.0,0.0767,0.809,0.714,3.0,1.0
1976_07,73,1976/07/IMG_0039_2R.jpg,0,54,195,825,1130,150,таблица,,2.0,1.0,2.0,0.05,0.104,1.0,0.0584,0.827,0.714,3.0,1.0
1976_07,74,1976/07/IMG_0040_1L.jpg,0,154,182,733,415,150,таблица,,2.0,1.0,4.0,0.128,0.046,1.0,0.0858,0.72,0.714,3.0,1.0
1976_07,74,1976/07/IMG_0040_1L.jpg,1,156,1038,733,1400,150,таблица,,2.0,1.0,2.0,0.07,0.121,1.0,0.0923,0.817,1.0,6.0,1.0
1976_07,75,1976/07/IMG_0040_2R.jpg,0,64,223,814,730,150,таблица,,7.0,5.0,2.0,0.078,0.047,1.0,0.1023,0.74,0.648,19.0,0.895
1976_08,3,1976/08/IMG_0054_2R.jpg,0,62,97,792,1393,150,таблица,,4.0,4.0,2.0,0.107,0.103,1.0,0.0728,0.453,0.452,6.0,0.5
1976_08,4,1976/08/IMG_0055_1L.jpg,0,58,92,796,1388,150,нет,"одна вертикаль и всего 2 ячейки — это колонтитул, а не таблица",1.0,2.0,0.0,0.0,0.115,0.0,0.0823,0.847,0.714,2.0,1.0
1976_08,8,1976/08/IMG_0057_1L.jpg,0,67,972,788,1199,150,таблица,,5.0,2.0,4.0,0.162,0.058,1.0,0.0594,0.584,0.773,10.0,1.0
1976_08,28,1976/08/IMG_0067_1L.jpg,0,89,165,1410,785,150,таблица,,23.0,12.0,2.0,0.02,0.036,1.0,0.0598,0.632,0.562,32.0,0.812
1976_08,30,1976/08/IMG_0068_1L.jpg,0,38,115,812,910,150,таблица,,9.0,3.0,0.0,0.0,0.048,1.0,0.1299,0.817,0.758,24.0,0.958
1976_08,40,1976/08/IMG_0073_1L.jpg,0,56,1168,795,1365,150,таблица,,13.0,1.0,10.0,0.449,0.012,1.0,0.1023,0.577,0.675,15.0,1.0
1976_08,41,1976/08/IMG_0073_2R.jpg,0,57,845,785,1070,150,таблица,,3.0,1.0,2.0,0.044,0.08,1.0,0.085,0.703,1.0,8.0,1.0
1976_08,67,1976/08/IMG_0086_2R.jpg,0,67,199,789,728,150,таблица,,2.0,1.0,1.0,0.036,0.12,1.0,0.099,0.849,1.0,6.0,1.0
1976_08,67,1976/08/IMG_0086_2R.jpg,1,65,817,781,1384,150,таблица,,2.0,1.0,2.0,0.039,0.147,1.0,0.128,0.88,1.0,6.0,1.0
1976_08,68,1976/08/IMG_0087_1L.jpg,0,56,559,798,1054,150,таблица,,2.0,1.0,2.0,0.033,0.14,1.0,0.112,0.883,1.0,4.0,1.0
1976_08,70,1976/08/IMG_0088_1L.jpg,0,63,598,792,1151,150,таблица,,1.0,1.0,1.0,0.021,0.126,1.0,0.1424,0.914,1.0,4.0,1.0
1976_08,75,1976/08/IMG_0090_2R.jpg,0,1,81,806,905,150,таблица,,6.0,8.0,1.0,0.025,0.043,1.0,0.085,0.758,0.673,26.0,0.962
1976_08,78,1976/08/IMG_0092_1L.jpg,0,61,845,792,1154,150,таблица,,3.0,3.0,7.0,0.132,0.06,1.0,0.0766,0.712,0.708,9.0,1.0
1976_09,3,1976/09/IMG_0104_2R.jpg,0,75,92,784,1380,150,нет,"одна вертикаль, и краска на 55% состоит из штрихов",1.0,4.0,3.0,0.11,0.1,1.0,0.0739,0.453,0.6,4.0,0.25
1976_09,4,1976/09/IMG_0105_1L.jpg,0,69,98,796,1399,150,нет,"одна вертикаль и всего 2 ячейки — это колонтитул, а не таблица",1.0,2.0,0.0,0.0,0.121,0.0,0.0882,0.853,0.714,2.0,1.0
1976_09,8,1976/09/IMG_0107_1L.jpg,0,68,545,799,881,150,таблица,,8.0,2.0,6.0,0.205,0.056,1.0,0.099,0.733,0.676,16.0,1.0
1976_09,12,1976/09/IMG_0109_1L.jpg,0,70,613,797,1033,150,таблица,,5.0,1.0,3.0,0.144,0.118,1.0,0.0418,0.61,1.0,12.0,0.583
1976_10,3,1976/10/0040_2R.jpg,0,48,93,790,1362,150,таблица,,2.0,4.0,2.0,0.163,0.119,0.0,0.0669,0.431,0.471,4.0,0.75
1976_10,4,1976/10/0050_1L.jpg,0,55,89,780,1393,150,нет,"одна вертикаль и всего 2 ячейки — это колонтитул, а не таблица",1.0,2.0,0.0,0.0,0.153,0.0,0.0804,0.831,0.714,2.0,1.0
1976_10,7,1976/10/0070_2R.jpg,0,47,805,793,1080,150,таблица,,3.0,4.0,5.0,0.35,0.047,1.0,0.0586,0.67,0.765,8.0,1.0
1976_10,13,1976/10/0100_2R.jpg,0,47,110,791,1309,150,нет,"не таблица: рёбер на месте 37%, букв в краске 12%, колонок 17",17.0,16.0,3.0,0.08,0.023,1.0,0.0057,0.121,0.37,12.0,0.5
1976_10,31,1976/10/0190_2R.jpg,0,47,160,792,1184,150,таблица,,2.0,3.0,1.0,0.032,0.066,1.0,0.105,0.873,0.824,9.0,0.889
1976_10,62,1976/10/0350_1L.jpg,0,60,955,785,1206,150,таблица,,6.0,2.0,10.0,0.227,0.059,1.0,0.0815,0.671,0.75,14.0,1.0
1976_10,63,1976/10/0350_2R.jpg,0,53,385,788,667,150,таблица,,5.0,2.0,8.0,0.282,0.048,1.0,0.079,0.687,0.778,12.0,1.0
1976_10,74,1976/10/0410_1L.jpg,0,56,229,784,743,150,таблица,,9.0,2.0,3.0,0.049,0.044,1.0,0.0994,0.747,0.619,11.0,1.0
1976_10,77,1976/10/0420_2R.jpg,0,46,308,788,775,150,таблица,,7.0,2.0,1.0,0.036,0.047,1.0,0.0795,0.725,0.625,9.0,1.0
1976_10,79,1976/10/0430_2R.jpg,0,52,326,786,682,150,таблица,,4.0,1.0,2.0,0.036,0.044,1.0,0.0946,0.785,0.846,8.0,1.0
1976_11,3,1976/11/0020_2R.jpg,0,55,93,820,1372,150,таблица,,2.0,4.0,2.0,0.112,0.102,1.0,0.0688,0.457,0.588,5.0,0.8
1976_11,4,1976/11/0030_1L.jpg,0,59,90,788,1362,150,нет,"одна вертикаль и всего 2 ячейки — это колонтитул, а не таблица",1.0,2.0,0.0,0.0,0.186,0.0,0.0922,0.857,0.714,2.0,1.0
1976_11,38,1976/11/0200_1L.jpg,0,62,553,790,936,150,таблица,,12.0,3.0,0.0,0.0,0.06,1.0,0.1161,0.691,0.586,17.0,0.941
1976_11,39,1976/11/0200_2R.jpg,0,58,213,794,473,150,таблица,,12.0,1.0,14.0,0.369,0.027,1.0,0.0621,0.606,1.0,16.0,1.0
1976_11,55,1976/11/0280_2R.jpg,0,40,520,799,876,150,таблица,,3.0,2.0,2.0,0.044,0.138,1.0,0.0862,0.75,0.647,6.0,1.0
1976_11,70,1976/11/0360_1L.jpg,0,58,726,789,1003,150,таблица,,6.0,2.0,5.0,0.165,0.064,1.0,0.0982,0.732,0.625,12.0,1.0
1976_11,72,1976/11/0370_1L.jpg,0,62,744,793,1385,150,таблица,,7.0,3.0,2.0,0.032,0.048,1.0,0.1341,0.802,0.769,24.0,0.958
1976_11,74,1976/11/0380_1L.jpg,0,100,302,775,957,150,нет,"не таблица: рёбер на месте 45%, букв в краске 15%, колонок 25",25.0,8.0,5.0,0.203,0.018,1.0,0.0205,0.155,0.453,20.0,0.5
1976_11,74,1976/11/0380_1L.jpg,1,101,1175,748,1323,150,нет,"не таблица: рёбер на месте 45%, букв в краске 29%, колонок 9",9.0,11.0,4.0,0.339,0.052,1.0,0.0677,0.294,0.45,10.0,0.2
1976_11,75,1976/11/0380_2R.jpg,0,122,93,1262,652,150,нет,"не таблица: рёбер на месте 25%, букв в краске 19%, колонок 31",31.0,70.0,3.0,0.069,0.021,1.0,0.0377,0.194,0.252,7.0,0.429
1976_11,76,1976/11/0390_1L.jpg,0,116,70,1268,655,150,нет,"не таблица: рёбер на месте 35%, букв в краске 17%, колонок 19",19.0,65.0,1.0,0.021,0.02,1.0,0.0301,0.169,0.351,28.0,0.143
1976_11,77,1976/11/0390_2R.jpg,0,63,689,781,1121,150,таблица,,3.0,2.0,2.0,0.094,0.046,1.0,0.1091,0.825,0.824,9.0,1.0
1976_12,3,1976/12/0020_2R.jpg,0,63,92,779,1364,150,таблица,,2.0,4.0,3.0,0.096,0.096,0.0,0.0666,0.421,0.471,4.0,0.75
1976_12,4,1976/12/0030_1L.jpg,0,53,94,790,1367,150,нет,"одна вертикаль и всего 2 ячейки — это колонтитул, а не таблица",1.0,2.0,0.0,0.0,0.147,0.0,0.0984,0.852,0.714,2.0,1.0
1976_12,23,1976/12/0120_2R.jpg,0,55,967,784,1277,150,таблица,,6.0,3.0,2.0,0.11,0.043,1.0,0.056,0.64,0.774,12.0,1.0
1976_12,24,1976/12/0130_1L.jpg,0,46,443,794,730,150,таблица,,8.0,3.0,0.0,0.0,0.023,1.0,0.0534,0.547,0.642,16.0,0.938
1976_12,25,1976/12/0130_2R.jpg,0,49,390,799,747,150,таблица,,5.0,2.0,4.0,0.14,0.023,1.0,0.0305,0.467,0.871,15.0,0.667
1976_12,25,1976/12/0130_2R.jpg,1,49,905,814,1370,150,таблица,,24.0,6.0,0.0,0.0,0.025,1.0,0.0575,0.455,0.595,53.0,0.642
1976_12,26,1976/12/0140_1L.jpg,0,53,155,797,995,150,таблица,,47.0,6.0,5.0,0.083,0.023,1.0,0.0399,0.353,0.89,108.0,0.435
1976_12,27,1976/12/0140_2R.jpg,0,56,262,783,537,150,таблица,,12.0,3.0,3.0,0.088,0.006,1.0,0.0647,0.688,0.589,20.0,0.65
1976_12,27,1976/12/0140_2R.jpg,1,55,634,778,860,150,таблица,,9.0,4.0,0.0,0.0,0.048,1.0,0.0656,0.566,0.759,20.0,0.65
1976_12,30,1976/12/0160_1L.jpg,0,44,433,796,829,150,таблица,,12.0,3.0,0.0,0.0,0.012,1.0,0.1123,0.699,0.586,14.0,1.0
1976_12,31,1976/12/0160_2R.jpg,0,61,543,777,874,150,таблица,,15.0,3.0,10.0,0.202,0.013,1.0,0.1154,0.613,0.525,16.0,1.0
1976_12,56,1976/12/0290_1L.jpg,0,49,391,796,748,150,таблица,,10.0,1.0,6.0,0.167,0.036,1.0,0.092,0.769,0.677,12.0,0.917
1976_12,58,1976/12/0300_1L.jpg,0,50,767,796,937,150,таблица,,2.0,1.0,11.0,0.322,0.048,1.0,0.0539,0.593,1.0,6.0,1.0
1976_12,67,1976/12/0340_2R.jpg,0,60,441,776,800,150,таблица,,4.0,1.0,4.0,0.09,0.049,1.0,0.0901,0.783,1.0,8.0,1.0
