issue,page_number,scan_rel_path,index,x0,y0,x1,y1,dpi,verdict,reason,inner_v,inner_h,gutters,gutter_share,line_span,lattice,glyph_share,glyph_of_ink,edge_fill,cells,filled_cells
1966_01,28,1966/01/IMG_0017_2R.tif,0,386,124,827,580,150,таблица,,3.0,3.0,1.0,0.041,0.091,1.0,0.0864,0.821,0.824,9.0,1.0
1966_01,28,1966/01/IMG_0017_2R.tif,1,387,646,831,1188,150,таблица,,5.0,2.0,3.0,0.093,0.081,1.0,0.0915,0.828,0.765,8.0,1.0
1966_01,49,1966/01/IMG_0028_1L.tif,0,71,438,558,825,150,таблица,,5.0,1.0,4.0,0.13,0.088,1.0,0.0777,0.797,1.0,10.0,1.0
1966_01,49,1966/01/IMG_0028_1L.tif,1,72,897,501,1246,150,таблица,,2.0,1.0,2.0,0.066,0.098,1.0,0.0805,0.826,0.857,5.0,1.0
1966_01,50,1966/01/IMG_0028_2R.tif,0,448,334,841,484,150,таблица,,2.0,1.0,3.0,0.243,0.089,1.0,0.0556,0.691,1.0,6.0,1.0
1966_01,51,1966/01/IMG_0029_1L.tif,0,63,362,497,719,150,таблица,,4.0,2.0,2.0,0.075,0.085,1.0,0.0957,0.786,0.818,12.0,0.917
1966_01,52,1966/01/IMG_0029_2R.tif,0,387,868,840,1017,150,таблица,,2.0,1.0,2.0,0.479,0.156,1.0,0.0519,0.636,0.714,4.0,1.0
1966_01,76,1966/01/IMG_0042_2R.tif,0,43,97,848,426,150,таблица,,17.0,2.0,7.0,0.149,0.027,1.0,0.0576,0.617,0.769,22.0,1.0
1966_01,76,1966/01/IMG_0042_2R.tif,1,50,1094,848,1421,150,таблица,,11.0,2.0,6.0,0.092,0.03,1.0,0.0531,0.671,0.781,14.0,1.0
1966_01,77,1966/01/IMG_0043_1L.tif,0,70,1021,840,1475,150,таблица,,18.0,5.0,6.0,0.104,0.027,1.0,0.037,0.622,0.634,24.0,0.875
1966_01,78,1966/01/IMG_0043_2R.tif,0,462,153,833,382,150,таблица,,8.0,2.0,3.0,0.136,0.058,1.0,0.0762,0.708,0.667,12.0,1.0
1966_01,80,1966/01/IMG_0044_2R.tif,0,445,1092,849,1330,150,таблица,,5.0,2.0,0.0,0.0,0.057,1.0,0.0893,0.788,0.909,13.0,1.0
1966_01,96,1966/01/IMG_0052_2R.tif,0,53,249,845,530,150,нет,нет внутренних вертикальных линеек — это рамка вокруг текста,0.0,0.0,0.0,0.0,0.148,0.0,0.0725,0.833,0.0,1.0,1.0
1966_01,96,1966/01/IMG_0052_2R.tif,1,51,979,843,1404,150,нет,нет внутренних вертикальных линеек — это рамка вокруг текста,0.0,0.0,0.0,0.0,0.141,0.0,0.0992,0.891,0.0,1.0,1.0
1966_01,97,1966/01/IMG_0053_1L.tif,0,55,91,833,652,150,нет,нет внутренних вертикальных линеек — это рамка вокруг текста,0.0,0.0,0.0,0.0,0.093,0.0,0.0966,0.858,0.0,1.0,1.0
1966_02,14,1966/02/IMG_0061_2R.tif,0,396,955,842,1142,150,таблица,,4.0,1.0,2.0,0.065,0.078,1.0,0.0908,0.73,0.692,5.0,1.0
1966_02,16,1966/02/IMG_0062_2R.tif,0,398,836,836,1080,150,таблица,,2.0,1.0,4.0,0.11,0.079,1.0,0.0656,0.744,0.714,3.0,1.0
1966_02,46,1966/02/IMG_0077_2R.tif,0,59,924,513,1099,150,таблица,,3.0,1.0,1.0,0.022,0.083,1.0,0.0631,0.687,0.7,4.0,1.0
1966_02,47,1966/02/IMG_0078_1L.tif,0,67,430,842,645,150,таблица,,5.0,2.0,2.0,0.028,0.037,1.0,0.0666,0.674,0.63,8.0,0.875
1966_02,50,1966/02/IMG_0079_2R.tif,0,343,317,847,619,150,таблица,,4.0,2.0,2.0,0.042,0.072,1.0,0.0632,0.726,0.647,8.0,0.75
1966_02,54,1966/02/IMG_0081_2R.tif,0,60,1073,839,1314,150,таблица,,5.0,1.0,10.0,0.354,0.051,1.0,0.0694,0.73,0.688,6.0,1.0
1966_02,57,1966/02/IMG_0083_1L.tif,0,113,186,783,481,150,таблица,,6.0,1.0,0.0,0.0,0.057,1.0,0.0896,0.817,1.0,8.0,1.0
1966_02,58,1966/02/IMG_0083_2R.tif,0,395,278,837,498,150,таблица,,3.0,1.0,8.0,0.266,0.059,1.0,0.0568,0.666,1.0,8.0,1.0
1966_02,62,1966/02/IMG_0085_2R.tif,0,122,875,764,1117,150,таблица,,8.0,2.0,6.0,0.133,0.055,1.0,0.0731,0.695,0.852,14.0,1.0
1966_02,68,1966/02/IMG_0088_2R.tif,0,132,688,761,986,150,таблица,,2.0,2.0,0.0,0.0,0.141,1.0,0.0965,0.826,0.667,5.0,1.0
1966_02,79,1966/02/IMG_0094_1L.tif,0,81,851,822,1078,150,таблица,,10.0,1.0,17.0,0.326,0.035,1.0,0.0892,0.734,1.0,20.0,1.0
1966_02,80,1966/02/IMG_0094_2R.tif,0,403,177,816,847,150,таблица,,4.0,6.0,2.0,0.107,0.061,1.0,0.0573,0.763,0.688,11.0,1.0
1966_02,81,1966/02/IMG_0095_1L.tif,0,84,895,820,1434,150,нет,нет внутренних вертикальных линеек — это рамка вокруг текста,0.0,0.0,0.0,0.0,0.182,0.0,0.1498,0.901,0.0,1.0,1.0
1966_02,95,1966/02/IMG_0102_1L.tif,0,87,700,818,1191,150,таблица,,1.0,1.0,2.0,0.059,0.114,1.0,0.1193,0.922,1.0,4.0,1.0
1966_03,16,1966/03/IMG_0112_2R.tif,0,64,580,801,836,150,таблица,,5.0,2.0,5.0,0.205,0.058,1.0,0.067,0.705,0.682,8.0,1.0
1966_03,19,1966/03/IMG_0114_1L.tif,0,67,400,514,759,150,таблица,,2.0,1.0,10.0,0.358,0.076,1.0,0.077,0.802,1.0,6.0,0.833
1966_03,33,1966/03/IMG_0121_1L.tif,0,64,314,808,972,150,таблица,,20.0,10.0,5.0,0.198,0.043,1.0,0.0246,0.117,0.778,159.0,0.208
1966_03,34,1966/03/IMG_0121_2R.tif,0,75,122,525,772,150,таблица,,4.0,2.0,1.0,0.027,0.149,1.0,0.0865,0.839,0.706,8.0,0.875
1966_03,35,1966/03/IMG_0122_1L.tif,0,184,359,782,742,150,нет,"не таблица: рёбер на месте 31%, букв в краске 23%, колонок 21",21.0,17.0,0.0,0.0,0.017,1.0,0.0307,0.227,0.305,9.0,0.444
1966_03,36,1966/03/IMG_0122_2R.tif,0,62,132,802,970,150,таблица,,12.0,2.0,0.0,0.0,0.046,1.0,0.0929,0.822,0.844,17.0,0.941
1966_03,37,1966/03/IMG_0123_1L.tif,0,241,320,615,704,150,таблица,,6.0,2.0,3.0,0.215,0.029,1.0,0.0475,0.388,0.704,11.0,0.455
1966_03,59,1966/03/IMG_0134_1L.tif,0,56,964,813,1277,150,таблица,,13.0,5.0,3.0,0.056,0.067,1.0,0.057,0.596,0.763,32.0,0.781
1966_03,79,1966/03/IMG_0144_1L.tif,0,85,619,809,1179,150,таблица,,2.0,2.0,2.0,0.055,0.058,1.0,0.0607,0.802,1.0,9.0,1.0
1966_03,81,1966/03/IMG_0145_1L.tif,0,57,666,510,1006,150,таблица,,7.0,1.0,5.0,0.269,0.049,1.0,0.0619,0.651,1.0,12.0,0.583
1966_03,96,1966/03/IMG_0152_2R.tif,0,67,125,801,1425,150,нет,нет внутренних вертикальных линеек — это рамка вокруг текста,0.0,0.0,0.0,0.0,0.132,0.0,0.1255,0.893,0.0,1.0,1.0
1966_04,29,1966/04/IMG_0018_1L.tif,0,119,535,781,767,150,таблица,,4.0,1.0,5.0,0.106,0.063,1.0,0.0867,0.699,0.9,7.0,1.0
1966_04,45,1966/04/IMG_0026_1L.tif,0,95,138,776,690,150,таблица,,14.0,3.0,0.0,0.0,0.057,1.0,0.08,0.736,0.763,18.0,0.944
1966_04,56,1966/04/IMG_0031_2R.tif,0,95,524,790,948,150,таблица,,3.0,4.0,1.0,0.019,0.052,1.0,0.088,0.736,0.774,13.0,1.0
1966_04,56,1966/04/IMG_0031_2R.tif,1,97,1179,792,1406,150,таблица,,9.0,3.0,4.0,0.145,0.063,1.0,0.079,0.642,0.658,13.0,1.0
1966_04,69,1966/04/IMG_0038_1L.tif,0,469,770,829,1118,150,таблица,,2.0,2.0,2.0,0.077,0.062,1.0,0.0731,0.659,1.0,9.0,0.889
1966_05,13,1966/05/0080_1L.tif,0,441,193,810,393,150,таблица,,5.0,1.0,4.0,0.15,0.06,1.0,0.0781,0.753,1.0,8.0,1.0
1966_05,15,1966/05/0090_1L.tif,0,53,130,470,339,150,таблица,,3.0,2.0,0.0,0.0,0.094,1.0,0.1022,0.805,0.667,5.0,1.0
1966_05,15,1966/05/0090_1L.tif,1,58,652,425,853,150,таблица,,3.0,1.0,3.0,0.125,0.093,1.0,0.0776,0.757,1.0,6.0,1.0
1966_05,20,1966/05/0110_2R.tif,0,53,136,482,383,150,таблица,,8.0,3.0,2.0,0.1,0.079,1.0,0.0815,0.695,0.742,13.0,0.923
1966_05,26,1966/05/0140_2R.tif,0,351,828,801,1104,150,таблица,,3.0,1.0,2.0,0.055,0.06,1.0,0.0707,0.629,1.0,8.0,1.0
1966_05,27,1966/05/0150_1L.tif,0,46,342,514,682,150,таблица,,6.0,1.0,3.0,0.095,0.058,1.0,0.0674,0.659,1.0,8.0,1.0
1966_05,27,1966/05/0150_1L.tif,1,50,797,515,1079,150,таблица,,3.0,1.0,0.0,0.0,0.06,1.0,0.0923,0.718,1.0,8.0,1.0
1966_05,28,1966/05/0150_2R.tif,0,338,391,790,700,150,таблица,,5.0,2.0,1.0,0.022,0.071,1.0,0.0984,0.718,0.588,8.0,1.0
1966_05,28,1966/05/0150_2R.tif,1,370,886,795,1165,150,таблица,,6.0,1.0,1.0,0.024,0.061,1.0,0.0786,0.691,1.0,8.0,1.0
1966_05,29,1966/05/0160_1L.tif,0,52,179,473,570,150,таблица,,6.0,1.0,1.0,0.038,0.062,1.0,0.0724,0.671,1.0,8.0,1.0
1966_05,29,1966/05/0160_1L.tif,1,51,691,476,1160,150,таблица,,7.0,1.0,5.0,0.249,0.06,1.0,0.104,0.707,1.0,12.0,1.0
1966_05,30,1966/05/0160_2R.tif,0,68,161,818,399,150,нет,"не таблица: рёбер на месте 40%, букв в краске 23%, колонок 28",28.0,10.0,3.0,0.061,0.017,1.0,0.0268,0.232,0.402,108.0,0.213
1966_05,53,1966/05/0280_1L.tif,0,55,248,800,987,150,таблица,,9.0,2.0,0.0,0.0,0.048,1.0,0.1137,0.869,0.704,12.0,1.0
1966_05,68,1966/05/0350_2R.tif,0,431,847,804,1170,150,таблица,,1.0,1.0,1.0,0.031,0.241,1.0,0.1393,0.9,1.0,4.0,1.0
1966_05,97,1966/05/0500_1L.tif,0,63,752,797,1389,150,нет,нет внутренних вертикальных линеек — это рамка вокруг текста,0.0,0.0,0.0,0.0,0.139,0.0,0.0966,0.853,0.0,1.0,1.0
1966_06,25,1966/06/IMG_0116_1L.tif,0,73,664,507,1117,150,таблица,,14.0,3.0,1.0,0.028,0.018,1.0,0.0853,0.624,0.685,26.0,1.0
1966_06,46,1966/06/IMG_0126_2R.tif,0,391,335,809,773,150,таблица,,2.0,1.0,0.0,0.0,0.244,1.0,0.0951,0.769,1.0,6.0,1.0
1966_06,53,1966/06/IMG_0130_1L.tif,0,72,308,446,672,150,таблица,,3.0,1.0,1.0,0.046,0.12,1.0,0.0834,0.807,0.857,5.0,1.0
1966_06,53,1966/06/IMG_0130_1L.tif,1,79,718,443,1109,150,таблица,,3.0,1.0,1.0,0.035,0.124,1.0,0.0859,0.813,1.0,4.0,1.0
1966_06,54,1966/06/IMG_0130_2R.tif,0,80,403,809,921,150,таблица,,10.0,2.0,5.0,0.076,0.06,1.0,0.089,0.823,0.864,13.0,0.923
1966_06,55,1966/06/IMG_0131_1L.tif,0,83,705,507,1205,150,таблица,,5.0,2.0,0.0,0.0,0.085,1.0,0.095,0.83,0.588,8.0,1.0
1966_06,56,1966/06/IMG_0131_2R.tif,0,87,135,809,655,150,таблица,,12.0,1.0,2.0,0.043,0.051,1.0,0.0819,0.85,1.0,12.0,1.0
1966_06,62,1966/06/IMG_0134_2R.tif,0,451,845,816,1161,150,таблица,,6.0,1.0,1.0,0.032,0.09,1.0,0.1028,0.693,0.875,12.0,0.917
1966_06,63,1966/06/IMG_0135_1L.tif,0,130,443,770,764,150,таблица,,9.0,3.0,4.0,0.13,0.058,1.0,0.073,0.617,0.689,17.0,1.0
1966_06,63,1966/06/IMG_0135_1L.tif,1,71,1265,423,1418,150,таблица,,4.0,1.0,4.0,0.207,0.031,1.0,0.0824,0.623,1.0,8.0,0.5
1966_06,64,1966/06/IMG_0135_2R.tif,0,86,536,802,831,150,таблица,,21.0,3.0,2.0,0.045,0.047,1.0,0.0939,0.661,0.848,30.0,1.0
1966_06,64,1966/06/IMG_0135_2R.tif,1,77,912,820,1421,150,таблица,,15.0,8.0,0.0,0.0,0.044,1.0,0.0844,0.663,0.611,32.0,1.0
1966_06,65,1966/06/IMG_0136_1L.tif,0,131,968,775,1391,150,таблица,,9.0,5.0,6.0,0.136,0.054,1.0,0.0497,0.586,0.718,22.0,0.773
1966_06,67,1966/06/IMG_0137_1L.tif,0,60,163,842,676,150,таблица,,18.0,5.0,0.0,0.0,0.013,1.0,0.065,0.559,0.715,49.0,0.918
1966_06,67,1966/06/IMG_0137_1L.tif,1,56,1007,835,1415,150,таблица,,11.0,4.0,7.0,0.133,0.047,1.0,0.0879,0.687,0.712,19.0,1.0
1966_06,68,1966/06/IMG_0137_2R.tif,0,120,759,765,1401,150,таблица,,11.0,5.0,7.0,0.147,0.069,1.0,0.0661,0.691,0.816,22.0,1.0
1966_06,81,1966/06/IMG_0144_1L.tif,0,462,962,835,1161,150,таблица,,3.0,1.0,8.0,0.302,0.07,1.0,0.0814,0.755,1.0,8.0,1.0
1966_06,83,1966/06/IMG_0145_1L.tif,0,58,1011,844,1328,150,таблица,,15.0,3.0,1.0,0.022,0.052,1.0,0.0701,0.617,0.671,22.0,0.955
1966_06,85,1966/06/IMG_0146_1L.tif,0,463,724,840,952,150,таблица,,2.0,2.0,0.0,0.0,0.166,1.0,0.096,0.707,0.75,6.0,1.0
1966_06,86,1966/06/IMG_0146_2R.tif,0,457,151,823,542,150,нет,"одна вертикаль и всего 2 ячейки — это колонтитул, а не таблица",1.0,1.0,0.0,0.0,0.172,1.0,0.111,0.797,0.75,2.0,1.0
1966_06,90,1966/06/IMG_0148_2R.tif,0,80,96,785,690,150,таблица,,4.0,1.0,1.0,0.018,0.163,1.0,0.0972,0.818,1.0,8.0,0.75
1966_06,97,1966/06/IMG_0152_1L.tif,0,84,380,819,860,150,нет,нет внутренних вертикальных линеек — это рамка вокруг текста,0.0,0.0,2.0,0.08,0.149,0.0,0.0996,0.847,1.0,2.0,0.5
1967_01,18,1967/01/IMG_0012_2R.tif,0,478,1087,805,1264,150,таблица,,2.0,1.0,2.0,0.1,0.101,1.0,0.0655,0.583,1.0,6.0,1.0
1967_01,28,1967/01/IMG_0017_2R.tif,0,317,113,805,342,150,таблица,,8.0,1.0,6.0,0.416,0.051,1.0,0.0823,0.587,1.0,12.0,1.0
1967_01,32,1967/01/IMG_0019_2R.tif,0,50,1121,807,1406,150,таблица,,7.0,2.0,7.0,0.118,0.046,1.0,0.0788,0.609,0.784,18.0,0.889
1967_01,38,1967/01/IMG_0022_2R.tif,0,398,233,811,495,150,таблица,,2.0,1.0,2.0,0.052,0.063,1.0,0.093,0.658,1.0,6.0,1.0
1967_01,38,1967/01/IMG_0022_2R.tif,1,345,752,810,1093,150,таблица,,4.0,3.0,0.0,0.0,0.095,1.0,0.092,0.663,0.75,11.0,0.909
1967_01,47,1967/01/IMG_0027_1L.tif,0,64,177,788,585,150,таблица,,5.0,4.0,10.0,0.206,0.055,1.0,0.0558,0.567,0.776,19.0,0.947
1967_01,61,1967/01/IMG_0034_1L.tif,0,68,671,478,935,150,таблица,,3.0,1.0,3.0,0.171,0.138,1.0,0.0858,0.651,1.0,6.0,1.0
1967_01,81,1967/01/IMG_0044_1L.tif,0,45,712,414,911,150,таблица,,5.0,1.0,0.0,0.0,0.057,1.0,0.0651,0.531,0.9,8.0,1.0
1967_01,81,1967/01/IMG_0044_1L.tif,1,47,1250,792,1425,150,таблица,,14.0,0.0,15.0,0.581,0.011,0.0,0.078,0.523,1.0,15.0,1.0
1967_01,82,1967/01/IMG_0044_2R.tif,0,54,161,812,337,150,таблица,,13.0,0.0,11.0,0.438,0.011,0.0,0.0668,0.52,1.0,13.0,1.0
1967_01,97,1967/01/IMG_0052_1L.tif,0,80,192,744,626,150,нет,нет внутренних вертикальных линеек — это рамка вокруг текста,0.0,0.0,2.0,0.039,0.134,0.0,0.1349,0.906,0.0,1.0,1.0
1967_02,55,1967/02/IMG_0081_1L.tif,0,53,133,521,479,150,таблица,,2.0,2.0,2.0,0.067,0.182,1.0,0.0704,0.658,1.0,9.0,1.0
1967_02,55,1967/02/IMG_0081_1L.tif,1,56,535,526,955,150,таблица,,12.0,4.0,0.0,0.0,0.074,1.0,0.0843,0.667,0.8,18.0,0.944
1967_02,56,1967/02/IMG_0081_2R.tif,0,429,136,806,309,150,таблица,,5.0,1.0,3.0,0.085,0.095,1.0,0.1048,0.709,1.0,10.0,1.0
1967_02,74,1967/02/IMG_0091_2R.tif,0,432,723,781,1117,150,таблица,,8.0,10.0,5.0,0.904,0.006,1.0,0.0019,0.012,0.738,82.0,0.098
1967_02,75,1967/02/IMG_0092_1L.tif,0,214,119,754,390,150,таблица,,9.0,4.0,3.0,0.896,0.004,1.0,0.0018,0.018,1.0,50.0,0.1
1967_02,97,1967/02/IMG_0103_1L.tif,0,73,189,757,620,150,нет,нет внутренних вертикальных линеек — это рамка вокруг текста,0.0,0.0,2.0,0.072,0.11,0.0,0.1213,0.894,0.0,1.0,1.0
1967_03,7,1967/03/IMG_0108_1L.tif,0,61,305,803,1045,150,таблица,,6.0,2.0,0.0,0.0,0.042,1.0,0.091,0.785,0.625,10.0,0.9
1967_03,8,1967/03/IMG_0108_2R.tif,0,54,1051,808,1377,150,таблица,,8.0,2.0,5.0,0.082,0.042,1.0,0.065,0.634,0.625,10.0,0.9
1967_03,9,1967/03/IMG_0109_1L.tif,0,54,314,810,780,150,нет,"не таблица: рёбер на месте 44%, букв в краске 71%, колонок 7",7.0,3.0,5.0,0.073,0.036,1.0,0.0735,0.708,0.444,10.0,0.9
1967_03,11,1967/03/IMG_0110_1L.tif,0,59,202,804,539,150,таблица,,8.0,5.0,0.0,0.0,0.044,1.0,0.078,0.653,0.539,19.0,0.947
1967_03,12,1967/03/IMG_0110_2R.tif,0,61,139,801,342,150,таблица,,11.0,2.0,4.0,0.062,0.023,1.0,0.0816,0.646,0.982,36.0,1.0
1967_03,13,1967/03/IMG_0111_1L.tif,0,58,224,802,654,150,таблица,,27.0,4.0,3.0,0.055,0.024,1.0,0.0432,0.462,0.884,52.0,1.0
1967_03,70,1967/03/IMG_0139_2R.tif,0,69,171,796,456,150,таблица,,9.0,3.0,7.0,0.128,0.028,1.0,0.063,0.559,0.894,34.0,0.941
1967_03,70,1967/03/IMG_0139_2R.tif,1,69,741,794,1046,150,таблица,,11.0,3.0,6.0,0.161,0.023,1.0,0.0575,0.531,0.879,33.0,0.97
1967_03,71,1967/03/IMG_0140_1L.tif,0,52,271,809,531,150,таблица,,6.0,2.0,5.0,0.134,0.045,1.0,0.0821,0.683,0.741,12.0,1.0
1967_03,72,1967/03/IMG_0140_2R.tif,0,67,258,794,539,150,таблица,,5.0,2.0,2.0,0.028,0.055,1.0,0.0745,0.646,0.778,12.0,1.0
1967_03,74,1967/03/IMG_0141_2R.tif,0,378,273,792,505,150,таблица,,6.0,2.0,2.0,0.205,0.099,1.0,0.0758,0.597,0.882,11.0,0.818
1967_04,20,1967/04/IMG_0013_2R.tif,0,56,891,808,1116,150,таблица,,10.0,1.0,3.0,0.04,0.047,1.0,0.0994,0.672,1.0,18.0,1.0
1967_04,24,1967/04/IMG_0015_2R.tif,0,425,420,802,673,150,таблица,,2.0,1.0,0.0,0.0,0.167,1.0,0.0692,0.625,1.0,4.0,1.0
1967_04,25,1967/04/IMG_0016_1L.tif,0,64,279,428,511,150,таблица,,1.0,1.0,0.0,0.0,0.091,1.0,0.0713,0.63,1.0,4.0,1.0
1967_04,25,1967/04/IMG_0016_1L.tif,1,61,676,798,1076,150,таблица,,3.0,2.0,9.0,0.174,0.063,1.0,0.0582,0.656,1.0,9.0,1.0
1967_04,65,1967/04/IMG_0036_1L.tif,0,57,233,482,433,150,таблица,,3.0,2.0,6.0,0.178,0.075,1.0,0.069,0.561,0.647,6.0,1.0
1967_05,18,1967/05/IMG_0062_1L.tif,0,62,125,476,603,150,таблица,,3.0,2.0,0.0,0.0,0.147,1.0,0.092,0.741,1.0,9.0,1.0
1967_05,57,1967/05/IMG_0081_2R.tif,0,340,117,792,289,150,таблица,,6.0,1.0,1.0,0.032,0.107,1.0,0.0709,0.579,1.0,8.0,0.875
1967_05,70,1967/05/IMG_0088_1L.tif,0,48,1030,792,1404,150,таблица,,7.0,3.0,1.0,0.019,0.047,1.0,0.0866,0.694,0.689,15.0,0.867
1967_05,71,1967/05/IMG_0088_2R.tif,0,366,552,788,852,150,таблица,,2.0,1.0,3.0,0.115,0.085,1.0,0.0791,0.688,1.0,6.0,0.833
1967_05,71,1967/05/IMG_0088_2R.tif,1,366,901,792,1229,150,таблица,,3.0,1.0,3.0,0.14,0.082,1.0,0.0767,0.69,1.0,6.0,0.833
1967_05,76,1967/05/IMG_0091_1L.tif,0,35,128,492,688,150,таблица,,2.0,2.0,1.0,0.022,0.085,1.0,0.109,0.783,1.0,9.0,1.0
1967_05,77,1967/05/IMG_0091_2R.tif,0,44,131,803,390,150,таблица,,6.0,2.0,3.0,0.053,0.027,1.0,0.0692,0.653,0.591,10.0,1.0
1967_05,78,1967/05/IMG_0092_1L.tif,0,41,127,486,1005,150,таблица,,4.0,3.0,0.0,0.0,0.076,1.0,0.0907,0.769,0.833,12.0,1.0
1967_05,79,1967/05/IMG_0092_2R.tif,0,435,281,805,505,150,таблица,,1.0,1.0,1.0,0.031,0.181,1.0,0.0842,0.658,1.0,4.0,1.0
1967_05,80,1967/05/IMG_0093_1L.tif,0,42,119,408,428,150,таблица,,1.0,1.0,1.0,0.035,0.269,1.0,0.1338,0.79,1.0,4.0,1.0
1967_05,98,1967/05/IMG_0102_1L.tif,0,95,217,769,600,150,нет,нет внутренних вертикальных линеек — это рамка вокруг текста,0.0,0.0,2.0,0.065,0.117,0.0,0.1271,0.89,0.0,1.0,1.0
1967_06,4,1967/06/IMG_0105_2R.tif,0,68,142,805,632,150,таблица,,12.0,6.0,0.0,0.0,0.046,1.0,0.0699,0.646,0.512,17.0,1.0
1967_06,4,1967/06/IMG_0105_2R.tif,1,378,789,806,1094,150,таблица,,5.0,2.0,3.0,0.103,0.083,1.0,0.0922,0.651,0.818,11.0,1.0
1967_06,22,1967/06/IMG_0114_2R.tif,0,73,168,490,411,150,таблица,,6.0,3.0,2.0,0.206,0.078,1.0,0.0888,0.612,0.658,12.0,1.0
1967_06,32,1967/06/IMG_0119_2R.tif,0,78,342,522,744,150,таблица,,2.0,2.0,0.0,0.0,0.093,1.0,0.0797,0.722,0.75,6.0,1.0
1967_06,32,1967/06/IMG_0119_2R.tif,1,78,832,492,1052,150,таблица,,5.0,2.0,2.0,0.101,0.037,1.0,0.0659,0.561,0.818,12.0,0.917
1967_06,33,1967/06/IMG_0120_1L.tif,0,56,174,821,587,150,таблица,,9.0,2.0,9.0,0.166,0.047,1.0,0.0814,0.69,0.784,16.0,1.0
1967_06,34,1967/06/IMG_0120_2R.tif,0,78,169,802,443,150,таблица,,4.0,2.0,4.0,0.08,0.054,1.0,0.0725,0.649,0.864,13.0,0.923
1967_06,36,1967/06/IMG_0121_2R.tif,0,72,136,813,956,150,таблица,,6.0,4.0,0.0,0.0,0.046,1.0,0.0807,0.706,0.707,22.0,0.955
1967_06,38,1967/06/IMG_0122_2R.tif,0,379,940,798,1190,150,таблица,,3.0,3.0,5.0,0.175,0.152,1.0,0.0616,0.571,0.875,14.0,0.857
1967_06,49,1967/06/IMG_0128_1L.tif,0,54,259,827,969,150,таблица,,41.0,18.0,0.0,0.0,0.012,1.0,0.0492,0.473,0.483,80.0,0.875
1967_06,69,1967/06/IMG_0138_1L.tif,0,59,996,821,1171,150,таблица,,10.0,1.0,1.0,0.014,0.062,1.0,0.0702,0.615,1.0,16.0,1.0
1967_06,70,1967/06/IMG_0138_2R.tif,0,74,922,801,1249,150,таблица,,13.0,3.0,1.0,0.015,0.029,1.0,0.0856,0.615,0.671,23.0,1.0
1967_06,71,1967/06/IMG_0139_1L.tif,0,66,342,811,599,150,таблица,,11.0,3.0,8.0,0.154,0.031,1.0,0.0748,0.626,0.61,18.0,1.0
1967_06,71,1967/06/IMG_0139_1L.tif,1,70,835,812,1036,150,таблица,,5.0,2.0,6.0,0.122,0.07,1.0,0.0563,0.553,0.818,11.0,0.909
1967_06,75,1967/06/IMG_0141_1L.tif,0,450,268,827,500,150,таблица,,3.0,2.0,4.0,0.255,0.069,1.0,0.0613,0.565,1.0,12.0,1.0
1967_06,76,1967/06/IMG_0141_2R.tif,0,129,134,759,338,150,таблица,,4.0,2.0,5.0,0.137,0.054,1.0,0.0711,0.589,0.591,7.0,0.857
1967_06,77,1967/06/IMG_0142_1L.tif,0,118,831,762,1118,150,таблица,,6.0,1.0,4.0,0.161,0.054,1.0,0.0859,0.695,1.0,8.0,1.0
1967_06,85,1967/06/IMG_0146_1L.tif,0,50,728,829,1043,150,таблица,,10.0,3.0,6.0,0.176,0.047,1.0,0.048,0.522,0.911,25.0,0.92
1967_06,87,1967/06/IMG_0147_1L.tif,0,63,352,814,1076,150,таблица,,6.0,7.0,0.0,0.0,0.056,1.0,0.0593,0.627,0.831,30.0,0.933
1967_06,97,1967/06/IMG_0152_1L.tif,0,81,97,812,508,150,нет,нет внутренних вертикальных линеек — это рамка вокруг текста,0.0,0.0,2.0,0.066,0.136,0.0,0.1237,0.882,0.0,1.0,1.0
1967_07,2,1967/07/IMG_0004_2R.tif,0,38,808,396,1391,150,нет,нет внутренних вертикальных линеек — это рамка вокруг текста,0.0,0.0,1.0,0.106,0.193,0.0,0.1471,0.927,0.0,1.0,1.0
1967_07,2,1967/07/IMG_0004_2R.tif,1,478,811,834,1392,150,нет,нет внутренних вертикальных линеек — это рамка вокруг текста,0.0,0.0,1.0,0.107,0.247,0.0,0.122,0.919,0.0,1.0,1.0
1967_07,69,1967/07/IMG_0038_1L.tif,0,77,109,814,508,150,таблица,,5.0,2.0,2.0,0.039,0.054,1.0,0.0732,0.709,0.682,9.0,0.889
1967_07,73,1967/07/IMG_0040_1L.tif,0,87,107,807,1417,150,таблица,,16.0,60.0,1.0,0.013,0.014,1.0,0.0292,0.394,0.774,171.0,0.585
1967_07,82,1967/07/IMG_0044_2R.tif,0,60,894,382,1093,150,таблица,,4.0,2.0,4.0,0.186,0.065,1.0,0.0771,0.611,0.818,13.0,0.846
1967_07,89,1967/07/IMG_0048(1)_1L.tif,0,49,710,824,1064,150,таблица,,5.0,3.0,2.0,0.029,0.057,1.0,0.06,0.621,0.789,17.0,0.941
1967_08,3,1967/08/IMG_0055_1L.tif,0,56,280,789,670,150,таблица,,3.0,2.0,3.0,0.054,0.056,1.0,0.0572,0.65,0.824,9.0,0.889
1967_08,10,1967/08/IMG_0058_2R.tif,0,40,117,800,729,150,таблица,,11.0,2.0,5.0,0.079,0.033,1.0,0.0933,0.71,0.929,24.0,1.0
1967_08,10,1967/08/IMG_0058_2R.tif,1,412,924,798,1213,150,таблица,,4.0,2.0,0.0,0.0,0.088,1.0,0.0706,0.597,0.941,11.0,1.0
1967_08,11,1967/08/IMG_0059_1L.tif,0,36,782,482,1206,150,таблица,,6.0,1.0,4.0,0.374,0.061,1.0,0.0776,0.66,1.0,10.0,1.0
1967_08,13,1967/08/IMG_0060_1L.tif,0,55,850,791,1082,150,таблица,,3.0,2.0,15.0,0.302,0.046,1.0,0.0499,0.553,0.765,8.0,1.0
1967_08,97,1967/08/IMG_0102_1L.tif,0,98,194,746,524,150,нет,нет внутренних вертикальных линеек — это рамка вокруг текста,0.0,0.0,1.0,0.015,0.139,0.0,0.1643,0.919,0.0,1.0,1.0
1967_09,43,1967/09/IMG_0125_1L.tif,0,109,890,751,1146,150,таблица,,5.0,1.0,3.0,0.071,0.067,1.0,0.0744,0.686,1.0,8.0,1.0
1967_09,51,1967/09/IMG_0130_1L.tif,0,53,1002,480,1291,150,таблица,,2.0,3.0,1.0,0.026,0.084,1.0,0.0692,0.619,0.824,9.0,0.889
1967_09,52,1967/09/IMG_0130_2R.tif,0,379,923,801,1175,150,таблица,,2.0,2.0,2.0,0.131,0.078,1.0,0.0704,0.634,0.75,6.0,1.0
1967_09,54,1967/09/IMG_0131_2R.tif,0,375,258,795,592,150,таблица,,2.0,2.0,2.0,0.086,0.1,1.0,0.0923,0.72,0.75,6.0,1.0
1967_09,56,1967/09/IMG_0132_2R.tif,0,62,668,788,1028,150,таблица,,7.0,2.0,4.0,0.134,0.048,1.0,0.0606,0.629,0.815,13.0,1.0
1967_09,86,1967/09/IMG_0147_2R.tif,0,80,121,342,1413,150,таблица,,1.0,14.0,0.0,0.0,0.076,1.0,0.0766,0.667,0.839,14.0,1.0
1967_09,94,1967/09/IMG_0151_2R.tif,0,70,416,802,970,150,таблица,,6.0,2.0,1.0,0.018,0.061,1.0,0.0967,0.779,0.864,13.0,0.923
1967_10,3,1967/10/IMG_0004_2R.tif,0,386,275,840,574,150,нет,"одна вертикаль и всего 2 ячейки — это колонтитул, а не таблица",1.0,2.0,2.0,0.155,0.689,0.0,0.0535,0.286,0.714,2.0,0.5
1967_10,35,1967/10/IMG_0021_2R.tif,0,53,474,536,697,150,таблица,,7.0,2.0,5.0,0.166,0.072,1.0,0.0723,0.557,0.781,14.0,1.0
1967_10,36,1967/10/IMG_0022_1L.tif,0,350,161,825,510,150,таблица,,7.0,2.0,4.0,0.105,0.073,1.0,0.0545,0.522,0.562,9.0,1.0
1967_10,55,1967/10/IMG_0031_2R.tif,0,60,1015,540,1374,150,таблица,,4.0,2.0,2.0,0.044,0.054,1.0,0.1076,0.728,0.636,7.0,1.0
1967_10,56,1967/10/IMG_0032_1L.tif,0,350,653,824,994,150,таблица,,4.0,2.0,3.0,0.077,0.074,1.0,0.1004,0.71,0.636,7.0,1.0
1967_10,58,1967/10/IMG_0033_1L.tif,0,345,356,773,566,150,таблица,,4.0,4.0,3.0,0.092,0.075,1.0,0.0551,0.542,0.647,8.0,0.875
1967_11,34,1967/11/IMG_0069_1L.tif,0,44,151,786,603,150,таблица,,13.0,5.0,0.0,0.0,0.046,1.0,0.0609,0.609,0.695,20.0,1.0
1967_11,35,1967/11/IMG_0069_2R.tif,0,95,446,729,671,150,таблица,,7.0,2.0,3.0,0.067,0.063,1.0,0.0846,0.627,0.667,10.0,0.9
1967_11,36,1967/11/IMG_0070_1L.tif,0,130,733,696,1165,150,таблица,,3.0,2.0,3.0,0.1,0.058,1.0,0.0698,0.697,0.917,8.0,1.0
1967_11,37,1967/11/IMG_0070_2R.tif,0,96,198,731,454,150,таблица,,8.0,2.0,3.0,0.23,0.05,1.0,0.0652,0.569,0.852,15.0,0.933
1967_11,57,1967/11/IMG_0080_2R.tif,0,90,347,730,666,150,таблица,,9.0,3.0,1.0,0.035,0.053,1.0,0.0625,0.611,0.737,14.0,0.929
1967_11,57,1967/11/IMG_0080_2R.tif,1,88,807,727,1090,150,таблица,,6.0,2.0,1.0,0.025,0.063,1.0,0.0594,0.594,1.0,18.0,0.944
1967_11,58,1967/11/IMG_0081_1L.tif,0,45,164,780,965,150,таблица,,13.0,3.0,1.0,0.013,0.053,1.0,0.0685,0.658,0.78,23.0,1.0
1967_11,73,1967/11/IMG_0088_2R.tif,0,333,260,791,512,150,таблица,,4.0,1.0,2.0,0.071,0.129,1.0,0.0586,0.592,1.0,6.0,1.0
1967_11,73,1967/11/IMG_0088_2R.tif,1,334,772,786,1001,150,таблица,,3.0,2.0,1.0,0.042,0.092,1.0,0.0613,0.578,0.75,6.0,1.0
1967_11,90,1967/11/IMG_0097_1L.tif,0,100,636,726,946,150,таблица,,4.0,2.0,2.0,0.114,0.058,1.0,0.0599,0.619,0.824,9.0,1.0
1967_11,97,1967/11/IMG_0100_2R.tif,0,44,217,783,1306,150,нет,нет внутренних вертикальных линеек — это рамка вокруг текста,0.0,0.0,2.0,0.059,0.158,0.0,0.1209,0.936,0.0,1.0,1.0
1967_11,98,1967/11/IMG_0101_1L.tif,0,45,360,782,1164,150,нет,нет внутренних вертикальных линеек — это рамка вокруг текста,0.0,2.0,0.0,0.0,0.173,0.0,0.1552,0.937,0.0,1.0,1.0
1967_12,14,1967/12/IMG_0109_1L.tif,0,54,558,816,762,150,таблица,,7.0,2.0,11.0,0.335,0.041,1.0,0.0418,0.437,0.625,9.0,0.889
1967_12,57,1967/12/IMG_0130_2R.tif,0,98,588,738,791,150,таблица,,1.0,1.0,10.0,0.209,0.114,1.0,0.0732,0.662,1.0,4.0,1.0
1967_12,59,1967/12/IMG_0131_2R.tif,0,60,116,786,374,150,таблица,,3.0,1.0,3.0,0.052,0.072,1.0,0.0603,0.662,0.857,5.0,1.0
1967_12,61,1967/12/IMG_0132_2R.tif,0,49,148,793,730,150,таблица,,2.0,1.0,3.0,0.042,0.06,1.0,0.0821,0.815,1.0,4.0,1.0
1968_01,31,1968/01/IMG_0020_1L.tif,0,47,414,809,701,150,таблица,,6.0,3.0,6.0,0.133,0.038,1.0,0.0585,0.61,0.6,15.0,1.0
1968_01,75,1968/01/IMG_0042_1L.tif,0,64,1027,822,1226,150,таблица,,16.0,4.0,9.0,0.294,0.013,1.0,0.0701,0.505,0.539,26.0,0.769
1968_01,75,1968/01/IMG_0042_1L.tif,1,67,1279,823,1449,150,таблица,,10.0,4.0,4.0,0.161,0.013,1.0,0.0551,0.483,0.589,17.0,0.765
1968_02,7,1968/02/IMG_0059_1L.tif,0,61,861,815,1152,150,таблица,,3.0,2.0,6.0,0.103,0.067,1.0,0.071,0.64,0.75,6.0,1.0
1968_02,16,1968/02/IMG_0063_2R.tif,0,42,614,821,910,150,таблица,,8.0,4.0,2.0,0.053,0.047,1.0,0.0622,0.577,0.816,33.0,0.939
1968_02,67,1968/02/IMG_0089_1L.tif,0,56,474,818,676,150,таблица,,7.0,2.0,12.0,0.437,0.009,1.0,0.0188,0.286,0.784,16.0,0.438
1968_02,67,1968/02/IMG_0089_1L.tif,1,53,724,816,929,150,таблица,,7.0,2.0,12.0,0.519,0.008,1.0,0.0185,0.288,0.757,15.0,0.533
1968_02,69,1968/02/IMG_0090_1L.tif,0,37,874,834,1125,150,нет,"не таблица: рёбер на месте 47%, букв в краске 41%, колонок 21",21.0,10.0,4.0,0.136,0.064,1.0,0.0367,0.407,0.467,29.0,0.448
1968_02,76,1968/02/IMG_0093_2R.tif,0,201,327,677,552,150,нет,"не таблица: рёбер на месте 49%, букв в краске 7%, колонок 7",7.0,18.0,8.0,0.68,0.021,1.0,0.0126,0.071,0.488,14.0,0.214
1968_02,76,1968/02/IMG_0093_2R.tif,1,158,849,713,1076,150,таблица,,3.0,2.0,4.0,0.122,0.061,1.0,0.0646,0.617,0.765,8.0,1.0
1968_02,77,1968/02/IMG_0094_1L.tif,0,89,375,787,530,150,нет,"не таблица: рёбер на месте 45%, букв в краске 3%, колонок 6",6.0,11.0,7.0,0.917,0.011,1.0,0.0027,0.025,0.451,8.0,0.125
1968_02,77,1968/02/IMG_0094_1L.tif,1,68,658,826,977,150,нет,"не таблица: рёбер на месте 50%, букв в краске 11%, колонок 6",6.0,17.0,10.0,0.369,0.013,1.0,0.0104,0.114,0.504,27.0,0.185
1968_02,79,1968/02/IMG_0095_1L.tif,0,99,269,759,554,150,таблица,,5.0,30.0,2.0,0.106,0.083,1.0,0.0646,0.451,0.511,18.0,0.833
1968_02,86,1968/02/IMG_0098_2R.tif,0,82,824,780,1081,150,таблица,,3.0,2.0,9.0,0.306,0.056,1.0,0.058,0.584,1.0,12.0,1.0
1968_02,87,1968/02/IMG_0099_1L.tif,0,109,180,769,436,150,таблица,,2.0,2.0,2.0,0.036,0.064,1.0,0.0553,0.612,0.5,5.0,1.0
1968_02,88,1968/02/IMG_0099_2R.tif,0,44,177,824,492,150,таблица,,5.0,3.0,10.0,0.295,0.053,1.0,0.0566,0.629,0.625,10.0,1.0
1968_02,88,1968/02/IMG_0099_2R.tif,1,74,545,788,841,150,таблица,,2.0,2.0,2.0,0.045,0.052,1.0,0.0661,0.675,0.583,6.0,1.0
1968_03,12,1968/03/IMG_0110_1L.tif,0,71,237,837,502,150,таблица,,5.0,1.0,6.0,0.148,0.048,1.0,0.071,0.665,1.0,10.0,0.9
1968_03,15,1968/03/IMG_0111_2R.tif,0,120,568,768,836,150,таблица,,3.0,1.0,2.0,0.08,0.12,1.0,0.0694,0.651,1.0,6.0,0.833
1968_03,17,1968/03/IMG_0112_2R.tif,0,65,574,230,1065,150,нет,нет внутренних вертикальных линеек — это рамка вокруг текста,0.0,6.0,0.0,0.0,0.47,0.0,0.0979,0.679,1.0,1.0,1.0
1968_03,17,1968/03/IMG_0112_2R.tif,1,264,576,822,1048,150,нет,"не таблица: рёбер на месте 41%, букв в краске 52%, колонок 7",7.0,9.0,2.0,0.071,0.048,1.0,0.0444,0.521,0.409,9.0,0.889
1968_03,21,1968/03/IMG_0114_2R.tif,0,65,449,836,719,150,нет,"не таблица: рёбер на месте 65%, букв в краске 38%, колонок 25",25.0,6.0,7.0,0.119,0.036,1.0,0.0599,0.381,0.654,83.0,0.783
1968_03,22,1968/03/IMG_0115_1L.tif,0,64,596,826,954,150,таблица,,33.0,17.0,3.0,0.042,0.045,1.0,0.0622,0.305,0.8,293.0,0.468
1968_03,31,1968/03/IMG_0119_2R.tif,0,68,819,822,1044,150,таблица,,14.0,6.0,2.0,0.072,0.011,1.0,0.0765,0.554,0.477,20.0,1.0
1968_03,37,1968/03/IMG_0122_2R.tif,0,67,447,833,783,150,таблица,,10.0,1.0,7.0,0.33,0.013,1.0,0.0613,0.573,0.645,11.0,1.0
1968_03,38,1968/03/IMG_0123_1L.tif,0,65,1144,834,1432,150,таблица,,14.0,7.0,0.0,0.0,0.033,1.0,0.0889,0.624,0.702,29.0,1.0
1968_03,50,1968/03/IMG_0129_1L.tif,0,60,252,846,708,150,таблица,,5.0,2.0,4.0,0.077,0.052,1.0,0.0765,0.707,0.852,16.0,0.938
1968_03,59,1968/03/IMG_0133_2R.tif,0,398,821,805,1043,150,нет,"не таблица: рёбер на месте 32%, букв в краске 25%, колонок 3",3.0,10.0,1.0,0.042,0.028,1.0,0.0311,0.249,0.315,4.0,0.75
1968_03,60,1968/03/IMG_0134_1L.tif,0,97,516,558,886,150,нет,"не таблица: рёбер на месте 38%, букв в краске 25%, колонок 8",8.0,16.0,5.0,0.186,0.02,1.0,0.0239,0.249,0.384,4.0,1.0
1968_03,61,1968/03/IMG_0134_2R.tif,0,366,513,805,935,150,нет,"не таблица: рёбер на месте 34%, букв в краске 29%, колонок 9",9.0,22.0,0.0,0.0,0.023,1.0,0.0343,0.291,0.338,14.0,0.5
1968_03,67,1968/03/IMG_0137_2R.tif,0,134,477,768,710,150,таблица,,3.0,2.0,3.0,0.07,0.033,1.0,0.0544,0.573,0.765,8.0,1.0
1968_03,70,1968/03/IMG_0139_1L.tif,0,495,857,833,1237,150,таблица,,2.0,1.0,2.0,0.086,0.104,1.0,0.0833,0.661,1.0,6.0,1.0
1968_03,79,1968/03/IMG_0143_2R.tif,0,552,118,826,267,150,таблица,,1.0,1.0,1.0,0.106,0.124,1.0,0.0639,0.546,1.0,4.0,1.0
1968_03,79,1968/03/IMG_0143_2R.tif,1,72,407,443,612,150,таблица,,3.0,2.0,2.0,0.077,0.09,1.0,0.0766,0.626,0.75,6.0,1.0
1968_03,86,1968/03/IMG_0147_1L.tif,0,170,874,728,1082,150,таблица,,4.0,2.0,7.0,0.192,0.048,1.0,0.0661,0.591,0.824,10.0,0.9
1968_03,88,1968/03/IMG_0148_1L.tif,0,53,168,840,541,150,таблица,,2.0,1.0,2.0,0.047,0.09,1.0,0.0586,0.673,1.0,6.0,1.0
1968_03,93,1968/03/IMG_0150_2R.tif,0,73,905,820,1451,150,таблица,,6.0,4.0,4.0,0.08,0.046,1.0,0.0837,0.716,0.816,18.0,0.889
1968_04,21,1968/04/IMG_0014_1L.tif,0,82,115,817,443,150,таблица,,7.0,2.0,5.0,0.118,0.041,1.0,0.0708,0.659,1.0,18.0,0.944
1968_04,25,1968/04/IMG_0016_1L.tif,0,77,560,819,1001,150,таблица,,6.0,2.0,3.0,0.092,0.042,1.0,0.0755,0.664,0.875,18.0,0.944
1968_04,26,1968/04/IMG_0016_2R.tif,0,58,180,835,798,150,таблица,,11.0,4.0,3.0,0.049,0.04,1.0,0.0676,0.615,0.638,29.0,0.966
1968_04,27,1968/04/IMG_0017_1L.tif,0,70,284,820,584,150,таблица,,4.0,1.0,8.0,0.205,0.041,1.0,0.0587,0.64,1.0,10.0,1.0
1968_04,28,1968/04/IMG_0017_2R.tif,0,48,213,844,921,150,таблица,,8.0,7.0,5.0,0.154,0.04,1.0,0.0649,0.653,0.57,25.0,0.88
1968_04,34,1968/04/IMG_0020_2R.tif,0,51,353,839,517,150,таблица,,9.0,2.0,4.0,0.101,0.008,1.0,0.0452,0.479,0.852,14.0,0.929
1968_04,36,1968/04/IMG_0021_2R.tif,0,58,188,838,428,150,таблица,,11.0,4.0,3.0,0.108,0.01,1.0,0.0496,0.48,0.75,29.0,1.0
1968_04,37,1968/04/IMG_0022_1L.tif,0,155,101,797,1496,150,таблица,,5.0,10.0,6.0,0.266,0.017,1.0,0.0731,0.655,0.913,60.0,0.9
1968_04,38,1968/04/IMG_0022_2R.tif,0,85,120,626,1439,150,таблица,,6.0,19.0,6.0,0.172,0.02,1.0,0.0686,0.615,0.789,57.0,0.93
1968_04,71,1968/04/IMG_0039_1L.tif,0,66,812,833,1227,150,таблица,,12.0,2.0,4.0,0.078,0.044,1.0,0.0997,0.691,0.851,24.0,0.958
1968_05,53,1968/05/IMG_0079_2R.tif,0,266,730,485,881,150,нет,нет внутренних вертикальных линеек — это рамка вокруг текста,0.0,4.0,5.0,0.854,0.032,0.0,0.0109,0.073,0.5,1.0,1.0
1968_05,60,1968/05/IMG_0083_1L.tif,0,68,545,823,804,150,таблица,,6.0,3.0,7.0,0.222,0.042,1.0,0.0325,0.429,0.684,13.0,1.0
1968_05,61,1968/05/IMG_0083_2R.tif,0,54,123,836,554,150,таблица,,12.0,2.0,5.0,0.138,0.023,1.0,0.0442,0.564,0.703,16.0,1.0
1968_05,63,1968/05/IMG_0084_2R.tif,0,111,131,775,449,150,таблица,,3.0,1.0,8.0,0.164,0.075,1.0,0.0672,0.705,1.0,6.0,1.0
1968_05,64,1968/05/IMG_0085_1L.tif,0,59,604,839,873,150,таблица,,6.0,2.0,3.0,0.038,0.034,1.0,0.048,0.586,1.0,21.0,0.857
1968_05,65,1968/05/IMG_0085_2R.tif,0,64,125,827,778,150,таблица,,2.0,4.0,8.0,0.108,0.021,1.0,0.0501,0.699,0.864,12.0,1.0
1968_05,71,1968/05/IMG_0088_2R.tif,0,60,394,817,785,150,таблица,,6.0,1.0,2.0,0.056,0.058,1.0,0.0543,0.643,1.0,12.0,1.0
1968_05,71,1968/05/IMG_0088_2R.tif,1,66,1012,826,1274,150,таблица,,7.0,2.0,0.0,0.0,0.043,1.0,0.0478,0.595,1.0,15.0,1.0
1968_05,72,1968/05/IMG_0089_1L.tif,0,451,621,834,948,150,таблица,,7.0,4.0,0.0,0.0,0.07,1.0,0.0626,0.6,0.903,18.0,0.889
1968_05,72,1968/05/IMG_0089_1L.tif,1,456,1156,835,1430,150,таблица,,7.0,3.0,1.0,0.039,0.063,1.0,0.0782,0.652,1.0,15.0,1.0
1968_05,73,1968/05/IMG_0089_2R.tif,0,55,663,832,978,150,таблица,,16.0,8.0,0.0,0.0,0.027,1.0,0.0541,0.57,0.8,37.0,0.892
1968_05,74,1968/05/IMG_0090_1L.tif,0,65,146,833,411,150,таблица,,12.0,4.0,2.0,0.036,0.033,1.0,0.0466,0.523,0.776,21.0,0.81
1968_05,74,1968/05/IMG_0090_1L.tif,1,49,656,431,975,150,таблица,,4.0,3.0,1.0,0.033,0.089,1.0,0.0576,0.546,0.833,12.0,1.0
1968_05,77,1968/05/IMG_0091_2R.tif,0,59,389,828,566,150,таблица,,9.0,3.0,4.0,0.083,0.04,1.0,0.0765,0.676,0.556,14.0,1.0
1968_05,93,1968/05/IMG_0099_2R.tif,0,57,523,818,782,150,таблица,,5.0,3.0,6.0,0.212,0.032,1.0,0.0329,0.444,0.852,14.0,1.0
1968_06,6,1968/06/IMG_0105_2R.tif,0,66,91,815,543,150,таблица,,4.0,3.0,7.0,0.16,0.048,1.0,0.0711,0.699,0.708,9.0,0.889
1968_06,28,1968/06/IMG_0116_2R.tif,0,64,93,814,639,150,таблица,,5.0,1.0,2.0,0.037,0.051,1.0,0.0666,0.739,1.0,8.0,0.875
1968_06,29,1968/06/IMG_0117_1L.tif,0,56,119,820,358,150,таблица,,4.0,3.0,0.0,0.0,0.05,1.0,0.0603,0.589,0.613,13.0,0.846
1968_06,30,1968/06/IMG_0117_2R.tif,0,61,644,803,873,150,таблица,,7.0,2.0,4.0,0.102,0.051,1.0,0.0779,0.66,0.844,17.0,0.882
1968_06,38,1968/06/IMG_0122_2R.tif,0,66,454,812,1386,150,таблица,,6.0,9.0,3.0,0.069,0.081,1.0,0.0559,0.664,0.872,24.0,1.0
1968_06,39,1968/06/IMG_0123_1L.tif,0,153,406,721,890,150,таблица,,1.0,2.0,1.0,0.065,0.165,1.0,0.0881,0.781,0.857,5.0,1.0
1968_06,43,1968/06/IMG_0124_1_1L.tif,0,123,89,824,1411,150,таблица,,7.0,24.0,11.0,0.23,0.019,1.0,0.0584,0.587,0.701,62.0,0.984
1968_06,44,1968/06/IMG_0124_1_2R.tif,0,68,1185,809,1420,150,таблица,,4.0,2.0,3.0,0.056,0.04,1.0,0.0544,0.559,0.773,10.0,1.0
1968_06,47,1968/06/IMG_0126_1L.tif,0,55,168,825,568,150,таблица,,13.0,3.0,7.0,0.208,0.014,1.0,0.0632,0.594,0.609,22.0,1.0
1968_06,61,1968/06/IMG_0133_1L.tif,0,52,946,828,1399,150,таблица,,8.0,2.0,6.0,0.184,0.051,1.0,0.0755,0.715,0.727,10.0,0.9
1968_06,65,1968/06/IMG_0135_1L.tif,0,54,661,826,1199,150,таблица,,7.0,3.0,3.0,0.059,0.067,1.0,0.0613,0.629,0.889,23.0,1.0
1968_06,67,1968/06/IMG_0136_1L.tif,0,37,493,369,975,150,таблица,,5.0,3.0,3.0,0.127,0.13,1.0,0.0662,0.635,0.882,10.0,1.0
1968_06,79,1968/06/IMG_0142_1L.tif,0,55,538,823,941,150,таблица,,8.0,3.0,7.0,0.101,0.023,1.0,0.0537,0.628,0.947,22.0,0.864
1968_06,81,1968/06/IMG_0143_1L.tif,0,108,367,772,705,150,таблица,,7.0,4.0,2.0,0.037,0.041,1.0,0.0344,0.489,0.653,17.0,0.824
1968_06,81,1968/06/IMG_0143_1L.tif,1,51,802,829,1278,150,таблица,,17.0,6.0,0.0,0.0,0.021,1.0,0.0452,0.55,0.626,38.0,1.0
1968_06,82,1968/06/IMG_0143_2R.tif,0,64,552,814,1095,150,таблица,,8.0,6.0,10.0,0.305,0.021,1.0,0.0376,0.524,0.901,35.0,1.0
1968_06,83,1968/06/IMG_0144_1L.tif,0,47,201,826,748,150,таблица,,11.0,9.0,0.0,0.0,0.039,1.0,0.0683,0.679,0.768,37.0,0.946
1968_06,83,1968/06/IMG_0144_1L.tif,1,103,1227,767,1403,150,таблица,,3.0,1.0,2.0,0.227,0.072,1.0,0.0595,0.637,1.0,8.0,1.0
1968_06,85,1968/06/IMG_0145_1L.tif,0,40,884,830,1139,150,таблица,,13.0,5.0,1.0,0.034,0.025,1.0,0.0696,0.571,0.545,23.0,1.0
1968_07,23,1968/07/IMG_0014_2R.tif,0,38,578,838,811,150,таблица,,4.0,1.0,6.0,0.09,0.107,1.0,0.0846,0.689,1.0,10.0,1.0
1968_07,48,1968/07/IMG_0027_1L.tif,0,50,156,810,395,150,таблица,,2.0,2.0,4.0,0.309,0.058,1.0,0.0415,0.51,1.0,9.0,0.889
1968_07,63,1968/07/IMG_0034_2R.tif,0,56,948,812,1216,150,таблица,,9.0,2.0,7.0,0.134,0.028,1.0,0.0805,0.644,0.787,20.0,1.0
1968_07,67,1968/07/IMG_0036_2R.tif,0,90,281,784,810,150,нет,"не таблица: рёбер на месте 28%, букв в краске 23%, колонок 29",29.0,25.0,3.0,0.11,0.024,1.0,0.0263,0.23,0.28,35.0,0.543
1968_07,76,1968/07/IMG_0041_1L.tif,0,63,599,807,952,150,таблица,,8.0,12.0,3.0,0.131,0.019,1.0,0.0274,0.314,0.724,46.0,0.239
1968_09,80,1968/09/IMG_0143_2R.tif,0,442,771,814,1029,150,таблица,,2.0,1.0,1.0,0.031,0.07,1.0,0.079,0.651,1.0,6.0,1.0
1968_09,85,1968/09/IMG_0146_1L.tif,0,38,812,418,1100,150,таблица,,10.0,2.0,4.0,0.205,0.087,1.0,0.0819,0.599,0.778,13.0,1.0
1968_10,6,1968/10/IMG_0006_2R.tif,0,42,889,825,1206,150,таблица,,9.0,5.0,3.0,0.042,0.046,1.0,0.0674,0.574,0.816,34.0,0.971
1968_10,9,1968/10/IMG_0008_1L.tif,0,71,206,795,572,150,таблица,,11.0,3.0,0.0,0.0,0.055,1.0,0.077,0.636,0.692,20.0,0.9
1968_10,14,1968/10/IMG_0010_2R.tif,0,40,839,829,1433,150,таблица,,26.0,5.0,1.0,0.02,0.046,1.0,0.0506,0.519,0.597,39.0,0.333
1968_10,18,1968/10/IMG_0012_2R.tif,0,50,917,818,1430,150,таблица,,5.0,2.0,3.0,0.085,0.044,1.0,0.06,0.631,0.815,12.0,1.0
1968_10,62,1968/10/IMG_0034_2R.tif,0,39,866,824,1257,150,таблица,,7.0,1.0,5.0,0.159,0.047,1.0,0.0734,0.709,1.0,10.0,1.0
1968_12,20,1968/12/IMG_0113_2R.tif,0,65,156,796,375,150,таблица,,13.0,3.0,5.0,0.102,0.011,1.0,0.0506,0.521,0.6,24.0,1.0
1968_12,20,1968/12/IMG_0113_2R.tif,1,66,568,791,901,150,таблица,,18.0,10.0,2.0,0.037,0.047,1.0,0.0586,0.557,0.676,43.0,0.977
1968_12,36,1968/12/IMG_0121_2R.tif,0,167,879,685,1180,150,таблица,,3.0,2.0,4.0,0.221,0.046,1.0,0.0772,0.649,0.824,9.0,1.0
1968_12,70,1968/12/IMG_0138_2R.tif,0,124,616,736,912,150,нет,"не таблица: рёбер на месте 42%, букв в краске 7%, колонок 8",8.0,18.0,11.0,0.633,0.02,1.0,0.0115,0.069,0.42,14.0,0.286
1968_12,75,1968/12/IMG_0141_1L.tif,0,55,696,812,1281,150,таблица,,5.0,6.0,0.0,0.0,0.071,1.0,0.0735,0.677,0.897,31.0,0.903
1968_12,76,1968/12/IMG_0141_2R.tif,0,63,324,793,690,150,таблица,,5.0,3.0,0.0,0.0,0.045,1.0,0.0793,0.662,0.868,19.0,1.0
1969_01,15,1969/01/IMG_0011_1L.tif,0,46,181,834,500,150,таблица,,12.0,3.0,7.0,0.119,0.034,1.0,0.1005,0.671,0.55,16.0,1.0
1969_01,16,1969/01/IMG_0011_2R.tif,0,121,101,810,1479,150,таблица,,7.0,41.0,7.0,0.226,0.016,1.0,0.0469,0.632,0.561,25.0,1.0
1969_01,17,1969/01/IMG_0012_1L.tif,0,64,740,818,1341,150,таблица,,25.0,3.0,0.0,0.0,0.034,1.0,0.0808,0.693,0.54,17.0,0.882
1969_01,22,1969/01/IMG_0014_2R.tif,0,42,453,833,604,150,таблица,,8.0,1.0,6.0,0.086,0.042,1.0,0.0647,0.604,1.0,18.0,1.0
1969_01,23,1969/01/IMG_0015_1L.tif,0,71,183,812,646,150,таблица,,4.0,1.0,0.0,0.0,0.059,1.0,0.0784,0.789,1.0,6.0,0.833
1969_01,31,1969/01/IMG_0019_1L.tif,0,69,252,813,551,150,таблица,,15.0,5.0,5.0,0.096,0.054,1.0,0.072,0.631,0.659,29.0,1.0
1969_01,41,1969/01/IMG_0024_1L.tif,0,70,357,818,710,150,таблица,,5.0,2.0,8.0,0.133,0.023,1.0,0.0814,0.702,0.63,10.0,1.0
1969_01,44,1969/01/IMG_0025_2R.tif,0,48,680,827,828,150,таблица,,3.0,1.0,11.0,0.409,0.023,1.0,0.0241,0.372,1.0,6.0,1.0
1969_01,44,1969/01/IMG_0025_2R.tif,1,50,939,832,1431,150,таблица,,9.0,5.0,0.0,0.0,0.043,1.0,0.0614,0.643,0.667,25.0,0.84
1969_01,45,1969/01/IMG_0026_1L.tif,0,70,190,820,572,150,таблица,,6.0,3.0,3.0,0.073,0.035,1.0,0.0613,0.605,0.689,15.0,0.867
1969_01,46,1969/01/IMG_0026_2R.tif,0,55,131,819,649,150,таблица,,2.0,2.0,1.0,0.013,0.088,1.0,0.0723,0.753,1.0,9.0,0.889
1969_01,77,1969/01/IMG_0042_1L.tif,0,165,989,723,1241,150,таблица,,1.0,1.0,0.0,0.0,0.26,1.0,0.1013,0.76,1.0,4.0,1.0
1969_01,82,1969/01/IMG_0044_2R.tif,0,43,116,838,817,150,таблица,,16.0,4.0,0.0,0.0,0.034,1.0,0.0603,0.642,0.606,25.0,0.88
1969_01,83,1969/01/IMG_0045_1L.tif,0,65,531,815,922,150,таблица,,6.0,2.0,7.0,0.127,0.033,1.0,0.0481,0.617,0.773,10.0,0.9
1969_01,85,1969/01/IMG_0046_1L.tif,0,73,133,811,1049,150,таблица,,12.0,2.0,1.0,0.023,0.045,1.0,0.0436,0.59,0.784,16.0,1.0
1969_02,14,1969/02/IMG_0060_2R.tif,0,52,150,820,497,150,таблица,,3.0,1.0,2.0,0.025,0.056,1.0,0.0739,0.722,1.0,8.0,1.0
1969_02,18,1969/02/IMG_0062_2R.tif,0,52,313,814,708,150,таблица,,17.0,5.0,3.0,0.043,0.046,1.0,0.0786,0.679,0.791,27.0,1.0
1969_02,19,1969/02/IMG_0063_1L.tif,0,56,127,811,510,150,таблица,,5.0,3.0,6.0,0.122,0.048,1.0,0.0679,0.665,0.806,15.0,1.0
1969_02,26,1969/02/IMG_0066_2R.tif,0,48,264,822,1000,150,таблица,,11.0,7.0,0.0,0.0,0.057,1.0,0.0395,0.514,0.5,19.0,0.316
1969_02,27,1969/02/IMG_0067_1L.tif,0,64,213,814,548,150,таблица,,10.0,3.0,4.0,0.066,0.019,1.0,0.0332,0.43,0.564,19.0,0.316
1969_02,35,1969/02/IMG_0071_1L.tif,0,63,580,816,924,150,таблица,,7.0,3.0,2.0,0.055,0.06,1.0,0.0672,0.641,0.778,19.0,0.947
1969_02,39,1969/02/IMG_0073_1L.tif,0,218,93,463,443,150,нет,"не таблица: рёбер на месте 58%, букв в краске 7%, колонок 37",37.0,3.0,3.0,0.31,0.061,1.0,0.0106,0.074,0.575,15.0,0.467
1969_02,40,1969/02/IMG_0073_2R.tif,0,51,186,827,640,150,таблица,,6.0,3.0,1.0,0.012,0.051,1.0,0.0693,0.709,0.875,13.0,1.0
1969_02,40,1969/02/IMG_0073_2R.tif,1,71,775,823,1058,150,нет,"не таблица: рёбер на месте 58%, букв в краске 24%, колонок 46",46.0,30.0,2.0,0.108,0.014,1.0,0.0392,0.237,0.577,210.0,0.186
1969_02,42,1969/02/IMG_0074_2R.tif,0,45,165,825,671,150,таблица,,8.0,4.0,2.0,0.036,0.023,1.0,0.053,0.602,0.759,22.0,0.955
1969_02,42,1969/02/IMG_0074_2R.tif,1,38,706,844,1069,150,нет,"не таблица: рёбер на месте 66%, букв в краске 5%, колонок 38",38.0,14.0,14.0,0.545,0.011,1.0,0.0083,0.05,0.656,99.0,0.202
1969_02,43,1969/02/IMG_0075_1L.tif,0,118,113,791,573,150,нет,"не таблица: рёбер на месте 30%, букв в краске 33%, колонок 16",16.0,48.0,2.0,0.046,0.009,1.0,0.0394,0.327,0.299,12.0,0.833
1969_02,43,1969/02/IMG_0075_1L.tif,1,66,737,817,1150,150,таблица,,14.0,5.0,2.0,0.055,0.029,1.0,0.051,0.59,0.755,19.0,1.0
1969_02,44,1969/02/IMG_0075_2R.tif,0,55,748,819,1111,150,таблица,,4.0,3.0,0.0,0.0,0.047,1.0,0.0795,0.733,0.458,7.0,1.0
1969_02,55,1969/02/IMG_0081_1L.tif,0,63,360,816,706,150,таблица,,3.0,1.0,1.0,0.021,0.11,1.0,0.0972,0.788,0.857,5.0,1.0
1969_03,10,1969/03/IMG_0108_2R.tif,0,146,851,733,1112,150,таблица,,2.0,2.0,1.0,0.048,0.119,1.0,0.0664,0.616,0.75,6.0,1.0
1969_03,12,1969/03/IMG_0109_2R.tif,0,497,224,815,465,150,таблица,,2.0,3.0,0.0,0.0,0.047,1.0,0.0641,0.595,1.0,9.0,1.0
1969_03,85,1969/03/IMG_0146_1L.tif,0,98,420,783,885,150,таблица,,6.0,2.0,5.0,0.1,0.055,1.0,0.0705,0.705,0.647,8.0,0.875
1969_04,39,1969/04/IMG_0024_1L.tif,0,86,366,813,919,150,нет,"не таблица: рёбер на месте 31%, букв в краске 9%, колонок 45",45.0,79.0,2.0,0.054,0.017,1.0,0.0196,0.089,0.305,7.0,0.857
1969_04,40,1969/04/IMG_0024_2R.tif,0,41,174,814,457,150,таблица,,7.0,3.0,1.0,0.028,0.047,1.0,0.065,0.607,0.756,18.0,0.944
1969_04,79,1969/04/IMG_0044_1L.tif,0,343,85,783,245,150,нет,"не таблица: рёбер на месте 68%, букв в краске 2%, колонок 5",5.0,15.0,7.0,0.844,0.017,1.0,0.0044,0.02,0.682,9.0,0.222
1969_04,80,1969/04/IMG_0044_2R.tif,0,42,618,814,985,150,таблица,,8.0,2.0,2.0,0.03,0.035,1.0,0.0865,0.684,0.643,12.0,0.917
1969_04,81,1969/04/IMG_0045_1L.tif,0,72,778,719,931,150,нет,"не таблица: рёбер на месте 40%, букв в краске 23%, колонок 5",5.0,9.0,1.0,0.045,0.017,1.0,0.0375,0.231,0.405,7.0,0.714
1969_05,10,1969/05/IMG_0059_2R.tif,0,90,738,765,996,150,таблица,,2.0,1.0,12.0,0.276,0.065,1.0,0.067,0.673,1.0,6.0,0.833
1969_05,29,1969/05/IMG_0069_1L.tif,0,54,341,805,628,150,таблица,,9.0,6.0,3.0,0.04,0.044,1.0,0.0813,0.604,0.776,37.0,0.946
1969_05,30,1969/05/IMG_0069_2R.tif,0,45,139,807,397,150,таблица,,7.0,3.0,7.0,0.182,0.033,1.0,0.0483,0.526,0.816,18.0,0.944
1969_05,30,1969/05/IMG_0069_2R.tif,1,477,1233,806,1407,150,таблица,,2.0,2.0,1.0,0.039,0.112,1.0,0.0742,0.563,0.667,5.0,1.0
1969_05,34,1969/05/IMG_0071_2R.tif,0,107,341,746,625,150,таблица,,3.0,2.0,4.0,0.117,0.053,1.0,0.0762,0.67,1.0,12.0,0.917
1969_05,50,1969/05/IMG_0079_2R.tif,0,379,496,802,842,150,таблица,,3.0,3.0,0.0,0.0,0.093,1.0,0.0815,0.69,0.75,12.0,1.0
1969_05,52,1969/05/IMG_0080_2R.tif,0,429,153,800,538,150,таблица,,2.0,1.0,3.0,0.18,0.111,1.0,0.0886,0.711,1.0,6.0,1.0
1969_05,77,1969/05/IMG_0093_1L.tif,0,81,1002,774,1203,150,таблица,,4.0,2.0,6.0,0.247,0.051,1.0,0.0477,0.526,0.545,5.0,1.0
1969_05,78,1969/05/IMG_0093_2R.tif,0,54,701,808,1085,150,таблица,,5.0,2.0,7.0,0.142,0.076,1.0,0.0674,0.7,0.765,8.0,1.0
1969_05,84,1969/05/IMG_0096_2R.tif,0,114,783,740,1038,150,таблица,,3.0,2.0,2.0,0.05,0.042,1.0,0.07,0.64,0.765,8.0,1.0
1969_06,7,1969/06/IMG_0108_1L.tif,0,59,503,812,745,150,таблица,,10.0,1.0,10.0,0.255,0.035,1.0,0.0587,0.588,1.0,12.0,0.833
1969_06,19,1969/06/IMG_0114_1L.tif,0,63,123,812,543,150,таблица,,3.0,4.0,2.0,0.04,0.057,1.0,0.0803,0.704,0.75,10.0,0.9
1969_06,30,1969/06/IMG_0119_2R.tif,0,74,528,803,906,150,таблица,,4.0,2.0,1.0,0.028,0.034,1.0,0.0896,0.73,0.773,10.0,1.0
1969_06,39,1969/06/IMG_0124_1L.tif,0,50,1227,818,1420,150,таблица,,7.0,2.0,2.0,0.029,0.01,1.0,0.0851,0.631,0.865,24.0,1.0
1969_06,40,1969/06/IMG_0124_2R.tif,0,60,803,807,1186,150,таблица,,12.0,4.0,0.0,0.0,0.012,1.0,0.0897,0.637,0.821,47.0,0.957
1969_06,44,1969/06/IMG_0126_2R.tif,0,59,647,808,1198,150,таблица,,28.0,5.0,0.0,0.0,0.011,1.0,0.0756,0.572,0.714,62.0,0.887
1969_06,58,1969/06/IMG_0133_2R.tif,0,74,158,805,803,150,таблица,,14.0,9.0,9.0,0.264,0.019,1.0,0.032,0.468,0.882,53.0,0.981
1969_06,60,1969/06/IMG_0134_2R.tif,0,60,158,801,864,150,таблица,,10.0,8.0,5.0,0.107,0.022,1.0,0.0402,0.562,0.913,64.0,0.891
1969_06,61,1969/06/IMG_0135_1L.tif,0,51,563,820,1015,150,таблица,,8.0,8.0,0.0,0.0,0.044,1.0,0.0602,0.568,0.89,61.0,0.885
1969_06,62,1969/06/IMG_0135_2R.tif,0,68,189,801,639,150,таблица,,7.0,8.0,0.0,0.0,0.033,1.0,0.0573,0.567,0.89,61.0,0.885
1969_06,65,1969/06/IMG_0137_1L.tif,0,212,109,774,1420,150,таблица,,20.0,30.0,1.0,0.027,0.018,1.0,0.044,0.456,0.49,119.0,0.563
1969_06,67,1969/06/IMG_0138_1L.tif,0,119,114,459,1417,150,нет,"не таблица: рёбер на месте 52%, букв в краске 40%, колонок 19",19.0,31.0,4.0,0.164,0.026,1.0,0.0392,0.4,0.519,99.0,0.717
1969_06,68,1969/06/IMG_0138_2R.tif,0,71,122,797,578,150,таблица,,4.0,3.0,1.0,0.028,0.132,1.0,0.076,0.678,0.71,12.0,1.0
1969_07,13,1969/07/IMG_0010_1L.tif,0,122,696,749,961,150,таблица,,3.0,2.0,4.0,0.14,0.054,1.0,0.0425,0.526,0.647,7.0,1.0
1969_08,26,1969/08/IMG_0066_2R.tif,0,50,343,810,633,150,таблица,,14.0,3.0,0.0,0.0,0.031,1.0,0.0724,0.636,0.448,18.0,0.611
1969_08,28,1969/08/IMG_0067_2R.tif,0,60,130,807,901,150,таблица,,5.0,2.0,0.0,0.0,0.03,1.0,0.0696,0.756,0.824,9.0,1.0
1969_08,40,1969/08/IMG_0073_2R.tif,0,56,292,814,817,150,таблица,,8.0,3.0,1.0,0.014,0.053,1.0,0.1008,0.78,0.467,14.0,1.0
1969_08,41,1969/08/IMG_0074_1L.tif,0,57,264,806,668,150,таблица,,8.0,3.0,4.0,0.057,0.032,1.0,0.0677,0.612,0.814,27.0,0.963
1969_08,53,1969/08/IMG_0080_1L.tif,0,124,733,403,1014,150,таблица,,9.0,9.0,3.0,0.675,0.011,1.0,0.0098,0.055,0.8,80.0,0.2
1969_08,54,1969/08/IMG_0080_2R.tif,0,58,203,812,495,150,таблица,,16.0,3.0,3.0,0.047,0.029,1.0,0.0824,0.661,0.877,35.0,0.971
1969_08,56,1969/08/IMG_0081_2R.tif,0,55,277,808,566,150,таблица,,4.0,1.0,10.0,0.177,0.064,1.0,0.0569,0.646,1.0,8.0,1.0
1969_08,56,1969/08/IMG_0081_2R.tif,1,55,774,806,1031,150,таблица,,3.0,1.0,10.0,0.196,0.069,1.0,0.048,0.578,1.0,8.0,1.0
1969_08,56,1969/08/IMG_0081_2R.tif,2,57,1105,808,1392,150,таблица,,3.0,1.0,10.0,0.188,0.069,1.0,0.059,0.637,1.0,8.0,1.0
1969_08,57,1969/08/IMG_0082_1L.tif,0,59,398,811,580,150,таблица,,4.0,3.0,5.0,0.112,0.012,1.0,0.0497,0.49,0.774,15.0,1.0
1969_08,57,1969/08/IMG_0082_1L.tif,1,60,927,812,1077,150,таблица,,7.0,2.0,4.0,0.102,0.051,1.0,0.0592,0.597,0.682,10.0,1.0
1969_11,11,1969/11/IMG_0056_2R.tif,0,58,277,814,509,150,таблица,,8.0,2.0,2.0,0.027,0.04,1.0,0.0569,0.599,0.593,12.0,0.917
1969_11,11,1969/11/IMG_0056_2R.tif,1,61,856,815,1389,150,таблица,,5.0,2.0,0.0,0.0,0.044,1.0,0.0919,0.77,0.593,12.0,0.917
1969_11,12,1969/11/IMG_0057_1L.tif,0,76,606,809,1002,150,таблица,,15.0,2.0,1.0,0.022,0.034,1.0,0.0739,0.694,1.0,21.0,0.952
1969_11,14,1969/11/IMG_0058_1L.tif,0,70,181,808,585,150,таблица,,5.0,2.0,3.0,0.046,0.046,1.0,0.0846,0.71,1.0,15.0,0.933
1969_11,15,1969/11/IMG_0058_2R.tif,0,63,809,813,1293,150,таблица,,6.0,5.0,1.0,0.017,0.047,1.0,0.0622,0.66,1.0,20.0,1.0
1969_11,52,1969/11/IMG_0077_1L.tif,0,115,962,759,1249,150,таблица,,4.0,2.0,8.0,0.188,0.054,1.0,0.0725,0.652,0.706,8.0,0.875
1969_11,62,1969/11/IMG_0082_1L.tif,0,60,800,817,1139,150,таблица,,4.0,1.0,3.0,0.052,0.057,1.0,0.0646,0.712,1.0,6.0,0.833
1969_11,63,1969/11/IMG_0082_2R.tif,0,52,111,799,368,150,таблица,,12.0,1.0,8.0,0.303,0.032,1.0,0.0563,0.567,1.0,14.0,0.929
1969_11,66,1969/11/IMG_0084_1L.tif,0,137,844,485,1029,150,нет,"не таблица: рёбер на месте 50%, букв в краске 19%, колонок 4",4.0,0.0,2.0,0.077,0.007,0.0,0.0275,0.191,0.5,7.0,0.857
1969_11,69,1969/11/IMG_0085_2R.tif,0,26,106,716,549,150,таблица,,4.0,2.0,1.0,0.05,0.049,1.0,0.0625,0.713,0.591,8.0,0.625
1969_11,70,1969/11/IMG_0086_1L.tif,0,66,383,814,557,150,таблица,,3.0,2.0,7.0,0.136,0.043,1.0,0.0593,0.581,0.706,8.0,0.875
1969_11,92,1969/11/IMG_0097_1L.tif,0,46,709,835,1398,150,таблица,,15.0,3.0,4.0,0.089,0.05,1.0,0.0693,0.677,0.778,21.0,0.952
1969_12,51,1969/12/IMG_0126_2R.tif,0,117,860,846,1200,150,таблица,,2.0,2.0,2.0,0.076,0.132,1.0,0.0694,0.703,0.833,7.0,1.0
1969_12,55,1969/12/IMG_0128_2R.tif,0,112,546,858,698,150,таблица,,6.0,1.0,9.0,0.149,0.062,1.0,0.0769,0.636,1.0,10.0,1.0
1970_01,16,1970/01/IMG_0011_2R.tif,0,55,1081,846,1231,150,таблица,,5.0,2.0,7.0,0.324,0.023,1.0,0.0428,0.463,0.636,9.0,1.0
1970_01,17,1970/01/IMG_0012_1L.tif,0,85,128,451,326,150,таблица,,2.0,2.0,2.0,0.075,0.089,1.0,0.0647,0.551,0.75,6.0,1.0
1970_01,18,1970/01/IMG_0012_2R.tif,0,233,251,766,980,150,нет,"не таблица: рёбер на месте 57%, букв в краске 7%, колонок 15",15.0,34.0,11.0,0.456,0.039,1.0,0.0065,0.066,0.57,61.0,0.197
1970_01,19,1970/01/IMG_0013_1L.tif,0,70,1139,835,1483,150,таблица,,7.0,3.0,0.0,0.0,0.082,1.0,0.0742,0.674,0.71,11.0,1.0
1970_01,79,1970/01/IMG_0043_1L.tif,0,111,529,487,761,150,нет,"не таблица: рёбер на месте 54%, букв в краске 8%, колонок 14",14.0,7.0,5.0,0.591,0.066,1.0,0.0115,0.083,0.537,18.0,0.111
1970_01,82,1970/01/IMG_0044_2R.tif,0,129,812,763,1074,150,таблица,,10.0,14.0,0.0,0.0,0.014,1.0,0.0595,0.437,0.461,15.0,0.6
1970_01,82,1970/01/IMG_0044_2R.tif,1,193,1158,704,1320,150,нет,"не таблица: рёбер на месте 39%, букв в краске 12%, колонок 15",15.0,4.0,8.0,0.505,0.023,1.0,0.0194,0.117,0.39,8.0,0.5
1970_01,83,1970/01/IMG_0045_1L.tif,0,104,906,481,1392,150,нет,"не таблица: рёбер на месте 38%, букв в краске 22%, колонок 10",10.0,22.0,2.0,0.134,0.056,1.0,0.031,0.22,0.383,18.0,0.611
1970_01,83,1970/01/IMG_0045_1L.tif,1,517,967,831,1277,150,нет,"не таблица: рёбер на месте 43%, букв в краске 14%, колонок 9",9.0,20.0,3.0,0.192,0.032,1.0,0.0225,0.142,0.426,5.0,0.8
1970_01,84,1970/01/IMG_0045_2R.tif,0,72,627,820,920,150,нет,"не таблица: рёбер на месте 29%, букв в краске 7%, колонок 28",28.0,23.0,12.0,0.553,0.013,1.0,0.0125,0.066,0.292,10.0,0.4
1970_02,11,1970/02/IMG_0059_1L.tif,0,50,604,827,1062,150,таблица,,6.0,3.0,1.0,0.012,0.048,1.0,0.0689,0.653,0.711,15.0,1.0
1970_02,16,1970/02/IMG_0061_2R.tif,0,46,957,832,1423,150,таблица,,15.0,3.0,1.0,0.028,0.032,1.0,0.0791,0.623,0.562,22.0,0.955
1970_02,63,1970/02/IMG_0085_1L.tif,0,169,1209,414,1427,150,таблица,,3.0,1.0,0.0,0.0,0.114,1.0,0.099,0.618,0.7,4.0,1.0
1970_02,63,1970/02/IMG_0085_1L.tif,1,497,1210,717,1429,150,таблица,,3.0,1.0,2.0,0.343,0.127,1.0,0.0691,0.519,0.7,4.0,1.0
1970_02,69,1970/02/IMG_0088_1L.tif,0,102,1138,773,1433,150,таблица,,1.0,2.0,9.0,0.202,0.134,1.0,0.06,0.636,1.0,6.0,1.0
1970_02,71,1970/02/IMG_0089_1L.tif,0,122,172,776,485,150,таблица,,1.0,2.0,6.0,0.14,0.125,1.0,0.0653,0.649,1.0,6.0,1.0
1970_02,72,1970/02/IMG_0089_2R.tif,0,110,899,769,1214,150,таблица,,2.0,2.0,1.0,0.015,0.134,1.0,0.0689,0.675,1.0,6.0,1.0
1970_02,73,1970/02/IMG_0090_1L.tif,0,58,613,829,936,150,таблица,,4.0,2.0,7.0,0.159,0.043,1.0,0.0368,0.535,1.0,12.0,1.0
1970_02,74,1970/02/IMG_0090_2R.tif,0,65,699,545,1164,150,нет,"одна вертикаль и всего 2 ячейки — это колонтитул, а не таблица",1.0,5.0,2.0,0.13,0.021,1.0,0.0173,0.454,0.714,2.0,0.5
1970_02,76,1970/02/IMG_0091_2R.tif,0,53,532,822,792,150,таблица,,4.0,1.0,9.0,0.15,0.066,1.0,0.0605,0.634,1.0,8.0,1.0
1970_02,76,1970/02/IMG_0091_2R.tif,1,50,1093,821,1244,150,таблица,,3.0,1.0,8.0,0.156,0.077,1.0,0.0609,0.571,1.0,8.0,1.0
1970_02,77,1970/02/IMG_0092_1L.tif,0,60,446,822,957,150,таблица,,3.0,1.0,5.0,0.077,0.083,1.0,0.0766,0.771,1.0,8.0,1.0
1970_02,78,1970/02/IMG_0092_2R.tif,0,167,636,437,815,150,таблица,,3.0,2.0,2.0,0.113,0.024,1.0,0.0532,0.569,0.75,6.0,0.667
1970_02,95,1970/02/IMG_0101_1L.tif,0,57,865,830,1240,150,таблица,,3.0,2.0,5.0,0.084,0.103,1.0,0.0759,0.712,1.0,9.0,0.778
1970_03,20,1970/03/IMG_0113_2R.tif,0,69,122,824,663,150,таблица,,13.0,4.0,0.0,0.0,0.021,1.0,0.0556,0.591,0.974,43.0,0.977
1970_03,79,1970/03/IMG_0143_1L.tif,0,58,944,847,1151,150,таблица,,3.0,2.0,5.0,0.119,0.062,1.0,0.0544,0.561,0.647,6.0,0.833
1970_03,80,1970/03/IMG_0143_2R.tif,0,57,194,701,1378,150,нет,"не таблица: рёбер на месте 24%, букв в краске 13%, колонок 78",78.0,39.0,3.0,0.069,0.02,1.0,0.0291,0.134,0.243,7.0,1.0
1970_03,85,1970/03/IMG_0146_1L.tif,0,51,861,858,1441,150,таблица,,4.0,1.0,3.0,0.059,0.047,1.0,0.083,0.796,1.0,6.0,1.0
1970_04,3,1970/04/IMG_0004_2R.tif,0,37,119,875,1468,150,нет,"не таблица: рёбер на месте 29%, букв в краске 44%, колонок 10",10.0,17.0,3.0,0.125,0.087,1.0,0.0376,0.439,0.289,4.0,0.75
1970_04,4,1970/04/IMG_0005_1L.tif,0,64,108,849,1483,150,нет,"одна вертикаль и всего 2 ячейки — это колонтитул, а не таблица",1.0,2.0,0.0,0.0,0.094,0.0,0.0342,0.65,0.714,2.0,1.0
1970_04,41,1970/04/IMG_0023_2R.tif,0,55,1005,851,1403,150,таблица,,3.0,2.0,16.0,0.338,0.06,1.0,0.0582,0.698,0.824,8.0,0.875
1970_05,36,1970/05/IMG_0071_1L.tif,0,61,1044,831,1283,150,таблица,,9.0,3.0,1.0,0.014,0.034,1.0,0.0531,0.534,0.441,11.0,0.818
1970_05,37,1970/05/IMG_0071_2R.tif,0,102,744,777,1204,150,таблица,,7.0,3.0,6.0,0.195,0.025,1.0,0.0438,0.533,0.763,16.0,0.875
1970_05,53,1970/05/IMG_0079_2R.tif,0,51,237,832,500,150,таблица,,10.0,3.0,1.0,0.023,0.047,1.0,0.0608,0.579,0.756,18.0,0.944
1970_05,53,1970/05/IMG_0079_2R.tif,1,108,736,771,942,150,таблица,,3.0,2.0,3.0,0.055,0.056,1.0,0.062,0.587,0.765,8.0,1.0
1970_05,54,1970/05/IMG_0080_1L.tif,0,104,164,780,567,150,таблица,,4.0,1.0,0.0,0.0,0.038,1.0,0.0679,0.679,1.0,10.0,1.0
1970_05,70,1970/05/IMG_0088_1L.tif,0,113,1155,776,1455,150,таблица,,1.0,2.0,10.0,0.233,0.094,1.0,0.0394,0.513,1.0,6.0,1.0
1970_05,73,1970/05/IMG_0089_2R.tif,0,58,261,830,549,150,таблица,,21.0,3.0,3.0,0.037,0.023,1.0,0.0617,0.521,0.69,28.0,1.0
1970_05,78,1970/05/IMG_0092_1L.tif,0,45,523,839,1462,150,таблица,,5.0,2.0,4.0,0.08,0.115,1.0,0.0503,0.681,0.682,10.0,0.5
1970_06,3,1970/06/IMG_0104_2R.tif,0,56,134,874,1460,150,таблица,,11.0,16.0,1.0,0.087,0.081,1.0,0.0546,0.577,0.292,6.0,0.5
1970_06,4,1970/06/IMG_0105_1L.tif,0,61,126,870,1464,150,нет,"одна вертикаль и всего 2 ячейки — это колонтитул, а не таблица",1.0,2.0,0.0,0.0,0.11,0.0,0.0485,0.771,0.714,2.0,1.0
1970_06,24,1970/06/IMG_0115_1L.tif,0,80,985,855,1423,150,таблица,,5.0,3.0,5.0,0.074,0.027,1.0,0.0609,0.658,0.763,18.0,0.889
1970_06,26,1970/06/IMG_0116_1L.tif,0,72,316,861,753,150,таблица,,4.0,2.0,7.0,0.193,0.06,1.0,0.0581,0.667,1.0,12.0,0.917
1970_06,36,1970/06/IMG_0121_1L.tif,0,68,840,464,1080,150,таблица,,3.0,1.0,4.0,0.216,0.091,1.0,0.0731,0.642,1.0,6.0,1.0
1970_06,37,1970/06/IMG_0121_2R.tif,0,77,440,853,838,150,таблица,,5.0,1.0,1.0,0.012,0.051,1.0,0.0857,0.771,1.0,8.0,1.0
1970_06,62,1970/06/IMG_0134_1L.tif,0,74,205,865,711,150,таблица,,11.0,9.0,1.0,0.017,0.076,1.0,0.0533,0.607,0.427,16.0,0.625
1970_06,79,1970/06/IMG_0142_2R.tif,0,79,652,847,1225,150,таблица,,29.0,5.0,0.0,0.0,0.055,1.0,0.0628,0.627,0.641,39.0,1.0
1970_06,80,1970/06/IMG_0143_1L.tif,0,61,220,868,379,150,таблица,,12.0,2.0,1.0,0.029,0.046,1.0,0.059,0.537,0.757,15.0,0.933
1970_06,81,1970/06/IMG_0143_2R.tif,0,89,151,850,500,150,таблица,,13.0,2.0,10.0,0.352,0.013,1.0,0.0652,0.537,0.821,30.0,1.0
1970_06,81,1970/06/IMG_0143_2R.tif,1,86,770,843,1004,150,таблица,,11.0,2.0,5.0,0.133,0.053,1.0,0.0543,0.508,0.703,16.0,1.0
1970_06,82,1970/06/IMG_0144_1L.tif,0,54,143,892,483,150,таблица,,18.0,6.0,1.0,0.011,0.044,1.0,0.0598,0.541,0.549,33.0,1.0
1970_06,82,1970/06/IMG_0144_1L.tif,1,51,1072,888,1468,150,таблица,,5.0,2.0,2.0,0.024,0.057,1.0,0.0481,0.61,0.667,12.0,1.0
1970_06,83,1970/06/IMG_0144_2R.tif,0,84,501,844,1144,150,таблица,,19.0,8.0,0.0,0.0,0.057,1.0,0.0559,0.568,0.732,51.0,0.843
1970_06,86,1970/06/IMG_0146_1L.tif,0,72,738,868,898,150,таблица,,6.0,2.0,16.0,0.352,0.024,1.0,0.0437,0.478,0.594,9.0,0.889
1970_06,87,1970/06/IMG_0146_2R.tif,0,72,182,855,586,150,таблица,,3.0,2.0,0.0,0.0,0.095,1.0,0.0882,0.769,0.75,6.0,1.0
1970_10,2,1970/10/IMG_0004_2R.tif,0,35,91,852,1444,150,таблица,,11.0,21.0,1.0,0.042,0.089,1.0,0.0626,0.598,0.266,5.0,0.6
1970_10,3,1970/10/IMG_0005_1L.tif,0,66,88,822,1436,150,таблица,,2.0,2.0,0.0,0.0,0.129,0.0,0.0507,0.795,0.714,2.0,1.0
1970_10,11,1970/10/IMG_0009_1L.tif,0,73,200,823,658,150,таблица,,8.0,4.0,3.0,0.07,0.047,1.0,0.0817,0.773,0.667,16.0,0.938
1970_10,33,1970/10/IMG_0020_1L.tif,0,57,1266,835,1416,150,таблица,,8.0,2.0,9.0,0.156,0.009,1.0,0.0709,0.669,0.622,10.0,0.9
1970_10,34,1970/10/IMG_0020_2R.tif,0,51,731,835,1190,150,таблица,,10.0,2.0,2.0,0.054,0.057,1.0,0.0486,0.642,1.0,21.0,1.0
1970_10,35,1970/10/IMG_0021_1L.tif,0,73,310,819,633,150,таблица,,6.0,2.0,4.0,0.079,0.044,1.0,0.0503,0.659,1.0,15.0,1.0
1970_10,46,1970/10/IMG_0026_2R.tif,0,53,956,835,1403,150,таблица,,6.0,2.0,4.0,0.121,0.052,1.0,0.0875,0.781,0.688,14.0,1.0
1970_10,47,1970/10/IMG_0027_1L.tif,0,74,592,821,829,150,таблица,,4.0,1.0,1.0,0.016,0.046,1.0,0.06,0.711,1.0,10.0,1.0
1970_10,48,1970/10/IMG_0027_2R.tif,0,44,688,845,1045,150,таблица,,5.0,2.0,6.0,0.129,0.055,1.0,0.0784,0.775,0.667,12.0,0.917
1970_10,59,1970/10/IMG_0033_1L.tif,0,65,850,826,1177,150,таблица,,5.0,1.0,9.0,0.184,0.047,1.0,0.0876,0.776,1.0,12.0,1.0
1970_10,81,1970/10/IMG_0044_1L.tif,0,63,139,831,429,150,таблица,,2.0,1.0,1.0,0.085,0.089,1.0,0.076,0.804,1.0,6.0,1.0
1970_10,85,1970/10/IMG_0046_1L.tif,0,57,875,838,1107,150,таблица,,8.0,3.0,0.0,0.0,0.073,1.0,0.049,0.535,0.525,11.0,1.0
1970_10,85,1970/10/IMG_0046_1L.tif,1,58,1146,835,1321,150,таблица,,8.0,5.0,1.0,0.032,0.033,1.0,0.0594,0.489,0.605,18.0,0.778
1970_10,86,1970/10/IMG_0046_2R.tif,0,47,817,840,996,150,таблица,,17.0,3.0,6.0,0.221,0.013,1.0,0.0749,0.577,0.529,30.0,0.9
1970_11,3,1970/11/IMG_0054_2R.tif,0,31,91,847,1403,150,таблица,,10.0,16.0,2.0,0.062,0.072,1.0,0.063,0.611,0.258,5.0,0.6
1970_11,4,1970/11/IMG_0055_1L.tif,0,34,88,841,1393,150,нет,"одна вертикаль и всего 2 ячейки — это колонтитул, а не таблица",1.0,2.0,0.0,0.0,0.109,0.0,0.0451,0.779,0.714,2.0,1.0
1970_11,26,1970/11/IMG_0066_1L.tif,0,54,1081,843,1418,150,таблица,,5.0,2.0,9.0,0.225,0.051,1.0,0.0742,0.755,0.778,12.0,1.0
1970_11,65,1970/11/IMG_0085_2R.tif,0,50,750,815,1040,150,таблица,,9.0,2.0,12.0,0.213,0.031,1.0,0.0776,0.677,1.0,30.0,1.0
1970_11,67,1970/11/IMG_0086_2R.tif,0,59,404,818,943,150,таблица,,4.0,4.0,2.0,0.027,0.053,1.0,0.0635,0.693,1.0,25.0,1.0
1970_11,68,1970/11/IMG_0087_1L.tif,0,53,392,827,1119,150,таблица,,19.0,8.0,0.0,0.0,0.06,1.0,0.0565,0.627,0.715,40.0,0.925
1970_11,69,1970/11/IMG_0087_2R.tif,0,55,480,819,792,150,таблица,,6.0,2.0,5.0,0.109,0.024,1.0,0.0433,0.639,0.909,13.0,1.0
1970_11,72,1970/11/IMG_0089_1L.tif,0,52,716,834,1195,150,таблица,,5.0,3.0,5.0,0.095,0.033,1.0,0.0656,0.755,0.737,16.0,0.938
1970_11,83,1970/11/IMG_0094_2R.tif,0,118,785,774,1042,150,нет,"не таблица: рёбер на месте 36%, букв в краске 36%, колонок 17",17.0,5.0,1.0,0.026,0.059,1.0,0.0421,0.362,0.357,18.0,0.722
1970_11,86,1970/11/IMG_0096_1L.tif,0,162,410,719,647,150,таблица,,4.0,3.0,6.0,0.308,0.016,1.0,0.0264,0.461,0.773,10.0,1.0
1970_11,88,1970/11/IMG_0097_1L.tif,0,46,325,838,643,150,нет,"не таблица: рёбер на месте 56%, букв в краске 40%, колонок 21",21.0,14.0,3.0,0.126,0.086,1.0,0.0539,0.398,0.565,65.0,0.292
1970_11,92,1970/11/IMG_0099_1L.tif,0,49,788,829,1052,150,таблица,,3.0,2.0,7.0,0.127,0.101,1.0,0.0637,0.687,0.882,10.0,1.0
1970_12,3,1970/12/IMG_0104_2R.tif,0,65,89,813,1401,150,таблица,,17.0,14.0,1.0,0.056,0.103,1.0,0.0624,0.592,0.297,5.0,0.6
1970_12,4,1970/12/IMG_0105_1L.tif,0,45,90,837,1422,150,нет,"одна вертикаль и всего 2 ячейки — это колонтитул, а не таблица",1.0,4.0,0.0,0.0,0.097,0.0,0.0699,0.826,0.462,2.0,1.0
1970_12,66,1970/12/IMG_0136_1L.tif,0,53,337,831,684,150,таблица,,4.0,2.0,6.0,0.086,0.063,1.0,0.0857,0.769,1.0,15.0,1.0
1971_01,3,1971/01/IMG_0004_2R.tif,0,63,167,849,1491,150,нет,"не таблица: рёбер на месте 39%, букв в краске 37%, колонок 5",5.0,6.0,1.0,0.068,0.083,1.0,0.0517,0.374,0.388,5.0,0.6
1971_01,4,1971/01/IMG_0005_0_1L.tif,0,81,89,822,1436,150,нет,"одна вертикаль и всего 2 ячейки — это колонтитул, а не таблица",1.0,2.0,0.0,0.0,0.112,0.0,0.0522,0.789,0.714,2.0,1.0
1971_01,6,1971/01/IMG_0005_1_1L.tif,0,89,377,501,643,150,таблица,,4.0,2.0,1.0,0.036,0.083,1.0,0.0785,0.703,0.636,7.0,1.0
1971_01,22,1971/01/IMG_0013_1L.tif,0,127,320,781,706,150,таблица,,3.0,3.0,3.0,0.074,0.054,1.0,0.0818,0.772,0.875,13.0,0.923
1971_01,26,1971/01/IMG_0015_1L.tif,0,84,357,822,1066,150,таблица,,1.0,4.0,1.0,0.038,0.221,1.0,0.0988,0.876,1.0,10.0,1.0
1971_01,27,1971/01/IMG_0015_2R.tif,0,65,1041,840,1449,150,таблица,,3.0,1.0,11.0,0.184,0.045,1.0,0.0532,0.773,0.9,7.0,1.0
1971_01,28,1971/01/IMG_0016_1L.tif,0,87,674,825,908,150,таблица,,2.0,2.0,8.0,0.177,0.121,1.0,0.0402,0.609,0.833,6.0,0.667
1971_01,63,1971/01/IMG_0033_2R.tif,0,64,293,832,493,150,таблица,,5.0,3.0,3.0,0.053,0.057,1.0,0.0629,0.641,0.632,12.0,0.833
1971_01,91,1971/01/IMG_0047_2R.tif,0,60,91,845,605,150,таблица,,11.0,2.0,7.0,0.149,0.019,1.0,0.0788,0.771,1.0,18.0,0.944
1971_02,3,1971/02/IMG_0053_2R.tif,0,44,91,808,1409,150,нет,"не таблица: рёбер на месте 35%, букв в краске 36%, колонок 3",3.0,4.0,1.0,0.081,0.084,0.0,0.0496,0.362,0.353,3.0,1.0
1971_02,4,1971/02/IMG_0054_1L.tif,0,42,90,809,1417,150,нет,"одна вертикаль и всего 2 ячейки — это колонтитул, а не таблица",1.0,2.0,0.0,0.0,0.108,0.0,0.0582,0.82,0.714,2.0,1.0
1971_03,3,1971/03/IMG_0103_2R.tif,0,49,104,819,1409,150,нет,"не таблица: рёбер на месте 38%, букв в краске 40%, колонок 12",12.0,5.0,2.0,0.079,0.082,1.0,0.0587,0.4,0.379,10.0,0.3
1971_03,4,1971/03/IMG_0104_1L.tif,0,62,89,815,1398,150,нет,"одна вертикаль и всего 2 ячейки — это колонтитул, а не таблица",1.0,2.0,0.0,0.0,0.092,0.0,0.0727,0.84,0.714,2.0,1.0
1971_03,27,1971/03/IMG_0115_2R.tif,0,53,93,818,397,150,таблица,,5.0,3.0,3.0,0.061,0.047,1.0,0.0508,0.659,0.792,11.0,1.0
1971_03,38,1971/03/IMG_0121_1L.tif,0,57,247,822,721,150,таблица,,7.0,1.0,5.0,0.098,0.073,1.0,0.057,0.724,1.0,12.0,1.0
1971_03,42,1971/03/IMG_0123_1L.tif,0,73,68,504,1253,150,таблица,,9.0,29.0,1.0,0.06,0.023,1.0,0.037,0.476,0.62,50.0,0.48
1971_03,96,1971/03/IMG_0150_1L.tif,0,54,389,813,571,150,таблица,,3.0,1.0,5.0,0.087,0.078,1.0,0.0494,0.66,1.0,8.0,1.0
1971_04,3,1971/04/IMG_0004_2R.tif,0,61,95,825,1406,150,нет,"не таблица: рёбер на месте 41%, букв в краске 44%, колонок 6",6.0,4.0,3.0,0.101,0.099,0.0,0.0618,0.438,0.412,4.0,0.75
1971_04,4,1971/04/IMG_0005_1L.tif,0,66,91,815,1422,150,таблица,,2.0,2.0,0.0,0.0,0.137,0.0,0.0569,0.803,0.714,2.0,1.0
1971_04,7,1971/04/IMG_0006_2R.tif,0,63,501,816,864,150,таблица,,7.0,1.0,4.0,0.106,0.064,1.0,0.0791,0.774,1.0,12.0,1.0
1971_04,15,1971/04/IMG_0010_2R.tif,0,59,348,822,665,150,таблица,,9.0,5.0,0.0,0.0,0.067,1.0,0.0702,0.643,0.817,38.0,1.0
1971_04,31,1971/04/IMG_0018_2R.tif,0,71,769,817,1020,150,таблица,,3.0,1.0,5.0,0.135,0.048,1.0,0.0746,0.792,1.0,8.0,1.0
1971_04,33,1971/04/IMG_0019_2R.tif,0,67,833,815,1019,150,таблица,,3.0,1.0,12.0,0.273,0.045,1.0,0.0427,0.605,1.0,8.0,1.0
1971_04,69,1971/04/IMG_0037_2R.tif,0,68,639,817,833,150,таблица,,4.0,2.0,6.0,0.235,0.047,1.0,0.0455,0.606,0.727,10.0,1.0
1971_04,76,1971/04/IMG_0041_1L.tif,0,75,139,807,529,150,таблица,,9.0,8.0,0.0,0.0,0.051,1.0,0.0565,0.62,0.664,27.0,1.0
1971_04,77,1971/04/IMG_0041_2R.tif,0,69,282,811,561,150,таблица,,12.0,3.0,4.0,0.094,0.088,1.0,0.0837,0.699,0.827,28.0,0.75
1971_05,4,1971/05/IMG_0055_1L.tif,0,56,89,804,1411,150,нет,"одна вертикаль и всего 2 ячейки — это колонтитул, а не таблица",1.0,2.0,0.0,0.0,0.096,0.0,0.0629,0.82,0.714,2.0,1.0
1971_05,28,1971/05/IMG_0067_1L.tif,0,37,132,821,781,150,таблица,,14.0,5.0,1.0,0.016,0.032,1.0,0.0986,0.735,0.722,39.0,0.974
1971_05,31,1971/05/IMG_0068_2R.tif,0,62,651,795,1133,150,таблица,,6.0,4.0,1.0,0.019,0.044,1.0,0.0792,0.768,0.816,24.0,0.917
1971_05,37,1971/05/IMG_0071_2R.tif,0,54,430,832,852,150,таблица,,9.0,2.0,4.0,0.126,0.045,1.0,0.0617,0.763,0.593,8.0,0.875
1971_05,43,1971/05/IMG_0074_2R.tif,0,57,140,803,1355,150,таблица,,42.0,28.0,0.0,0.0,0.017,1.0,0.0619,0.662,0.816,168.0,0.631
1971_05,44,1971/05/IMG_0075_1L.tif,0,55,118,808,1111,150,таблица,,18.0,18.0,0.0,0.0,0.033,1.0,0.055,0.623,0.802,106.0,0.575
1971_05,45,1971/05/IMG_0075_2R.tif,0,57,137,800,1352,150,таблица,,23.0,18.0,0.0,0.0,0.017,1.0,0.0596,0.637,0.761,96.0,0.781
1971_05,46,1971/05/IMG_0076_1L.tif,0,62,114,804,689,150,таблица,,19.0,11.0,5.0,0.11,0.011,1.0,0.0472,0.552,0.702,55.0,0.745
1971_05,47,1971/05/IMG_0076_2R.tif,0,60,148,800,932,150,таблица,,2.0,1.0,3.0,0.045,0.086,1.0,0.0879,0.894,1.0,6.0,1.0
1971_05,65,1971/05/IMG_0085_2R.tif,0,61,109,798,330,150,таблица,,21.0,2.0,1.0,0.015,0.011,1.0,0.0715,0.624,0.636,32.0,1.0
1971_05,77,1971/05/IMG_0091_2R.tif,0,62,299,799,581,150,таблица,,6.0,3.0,3.0,0.094,0.057,1.0,0.0633,0.704,0.71,13.0,0.923
1971_05,77,1971/05/IMG_0091_2R.tif,1,190,1193,663,1362,150,таблица,,1.0,1.0,5.0,0.148,0.247,1.0,0.0535,0.673,1.0,4.0,1.0
1971_06,3,1971/06/IMG_0104_2R.tif,0,63,95,791,1376,150,таблица,,4.0,5.0,1.0,0.056,0.093,1.0,0.0739,0.46,0.458,4.0,0.75
1971_06,4,1971/06/IMG_0105_1L.tif,0,53,91,804,1376,150,нет,"одна вертикаль и всего 2 ячейки — это колонтитул, а не таблица",1.0,2.0,0.0,0.0,0.104,0.0,0.0653,0.845,0.714,2.0,1.0
1971_06,13,1971/06/IMG_0109_2R.tif,0,61,108,795,355,150,таблица,,4.0,1.0,9.0,0.184,0.061,1.0,0.0749,0.779,1.0,10.0,1.0
1971_06,31,1971/06/IMG_0118_2R.tif,0,57,135,805,632,150,таблица,,18.0,5.0,0.0,0.0,0.047,1.0,0.0531,0.626,0.616,36.0,0.889
1971_06,75,1971/06/IMG_0140_2R.tif,0,67,93,790,351,150,таблица,,4.0,2.0,14.0,0.29,0.054,1.0,0.0602,0.743,0.75,6.0,1.0
1971_06,84,1971/06/IMG_0145_1L.tif,0,51,230,808,518,150,таблица,,2.0,3.0,4.0,0.082,0.089,1.0,0.0569,0.705,0.882,10.0,1.0
1971_06,87,1971/06/IMG_0146_2R.tif,0,501,113,716,1382,150,таблица,,4.0,37.0,0.0,0.0,0.047,1.0,0.0993,0.704,0.607,43.0,1.0
1971_07,3,1971/07/IMG_0004_2R.tif,0,55,92,810,1414,150,таблица,,2.0,6.0,1.0,0.044,0.085,0.0,0.0599,0.411,0.5,3.0,1.0
1971_07,4,1971/07/IMG_0005_1L.tif,0,73,94,796,1392,150,таблица,,5.0,2.0,0.0,0.0,0.113,0.0,0.0718,0.857,0.714,2.0,1.0
1971_07,86,1971/07/IMG_0046_1L.tif,0,66,347,800,730,150,таблица,,9.0,1.0,6.0,0.214,0.02,1.0,0.0673,0.768,1.0,12.0,1.0
1971_07,88,1971/07/IMG_0047_1L.tif,0,85,579,401,787,150,нет,"не таблица: рёбер на месте 29%, букв в краске 8%, колонок 24",24.0,0.0,7.0,0.634,0.019,0.0,0.0147,0.076,0.294,6.0,0.5
1971_07,88,1971/07/IMG_0047_1L.tif,1,448,669,780,822,150,таблица,,16.0,0.0,3.0,0.958,0.032,0.0,0.0039,0.021,0.818,10.0,0.1
1971_08,3,1971/08/IMG_0054_2R.tif,0,92,97,865,1417,150,нет,"не таблица: рёбер на месте 46%, букв в краске 38%, колонок 4",4.0,5.0,2.0,0.117,0.1,0.0,0.0539,0.381,0.462,3.0,1.0
1971_08,4,1971/08/IMG_0055_1L.tif,0,105,87,842,1402,150,нет,"одна вертикаль и всего 2 ячейки — это колонтитул, а не таблица",1.0,2.0,0.0,0.0,0.132,0.0,0.06,0.829,0.714,2.0,1.0
1971_08,20,1971/08/IMG_0062_1L.tif,0,96,764,846,1154,150,таблица,,3.0,1.0,3.0,0.06,0.077,1.0,0.0787,0.81,1.0,8.0,1.0
1971_08,22,1971/08/IMG_0063_1L.tif,0,102,89,848,314,150,таблица,,3.0,1.0,2.0,0.033,0.096,1.0,0.0829,0.778,1.0,8.0,1.0
1971_08,28,1971/08/IMG_0066_1L.tif,0,101,807,855,1020,150,таблица,,15.0,3.0,6.0,0.126,0.015,1.0,0.0834,0.645,0.724,27.0,1.0
1971_08,29,1971/08/IMG_0066_2R.tif,0,89,332,865,753,150,таблица,,15.0,3.0,1.0,0.014,0.014,1.0,0.0693,0.615,0.871,35.0,0.971
1971_08,33,1971/08/IMG_0068_2R.tif,0,100,213,853,741,150,таблица,,5.0,2.0,1.0,0.013,0.048,1.0,0.069,0.842,0.765,8.0,1.0
1971_08,34,1971/08/IMG_0069_1L.tif,0,98,750,861,1285,150,таблица,,8.0,5.0,3.0,0.039,0.104,1.0,0.0915,0.804,0.789,17.0,1.0
1971_08,63,1971/08/IMG_0083_2R.tif,0,104,92,852,348,150,таблица,,4.0,1.0,8.0,0.179,0.031,1.0,0.0788,0.81,1.0,6.0,1.0
1971_08,68,1971/08/IMG_0086_1L.tif,0,99,204,847,437,150,таблица,,2.0,2.0,9.0,0.193,0.118,1.0,0.0638,0.724,0.833,7.0,1.0
1971_08,70,1971/08/IMG_0087_1L.tif,0,103,457,365,668,150,таблица,,1.0,1.0,2.0,0.126,0.115,1.0,0.0708,0.756,1.0,4.0,1.0
1971_08,71,1971/08/IMG_0087_2R.tif,0,106,581,848,750,150,таблица,,9.0,1.0,4.0,0.076,0.02,1.0,0.0806,0.795,0.938,11.0,1.0
1971_08,79,1971/08/IMG_0091_2R.tif,0,103,638,849,914,150,таблица,,6.0,1.0,7.0,0.297,0.034,1.0,0.032,0.527,0.938,11.0,0.727
1971_09,3,1971/09/IMG_0103_2R.tif,0,69,90,802,1424,150,нет,"одна вертикаль, и краска на 57% состоит из штрихов",1.0,4.0,1.0,0.066,0.082,1.0,0.0618,0.433,0.6,4.0,0.75
1971_09,4,1971/09/IMG_0104_1L.tif,0,47,90,810,1424,150,таблица,,2.0,2.0,0.0,0.0,0.125,0.0,0.0807,0.861,0.714,2.0,1.0
1971_09,14,1971/09/IMG_0109_1L.tif,0,49,547,811,867,150,таблица,,1.0,2.0,8.0,0.143,0.101,1.0,0.0508,0.758,0.857,5.0,1.0
1971_09,50,1971/09/IMG_0127_1L.tif,0,56,1129,806,1439,150,таблица,,11.0,1.0,8.0,0.141,0.028,1.0,0.0918,0.743,1.0,22.0,1.0
1971_09,78,1971/09/IMG_0141_1L.tif,0,56,881,818,1141,150,таблица,,11.0,2.0,6.0,0.108,0.08,1.0,0.0481,0.615,0.667,12.0,0.583
1971_09,79,1971/09/IMG_0141_2R.tif,0,66,946,800,1393,150,таблица,,14.0,6.0,0.0,0.0,0.029,1.0,0.07,0.634,0.838,39.0,0.974
1971_09,81,1971/09/IMG_0142_2R.tif,0,57,430,801,658,150,таблица,,15.0,4.0,0.0,0.0,0.014,1.0,0.0962,0.67,0.394,16.0,1.0
1971_09,95,1971/09/IMG_0149_2R.tif,0,219,79,802,1421,150,таблица,,1.0,6.0,7.0,0.217,0.024,1.0,0.0571,0.794,1.0,14.0,1.0
1971_09,96,1971/09/IMG_0150_1L.tif,0,65,90,812,1426,150,таблица,,1.0,6.0,8.0,0.219,0.017,1.0,0.059,0.825,1.0,14.0,1.0
1971_09,97,1971/09/IMG_0150_2R.tif,0,82,93,791,1431,150,таблица,,2.0,6.0,9.0,0.194,0.018,1.0,0.0536,0.799,0.844,16.0,0.875
1971_09,98,1971/09/IMG_0151_1L.tif,0,93,91,603,1492,150,таблица,,1.0,6.0,3.0,0.093,0.022,1.0,0.0614,0.799,1.0,14.0,0.929
1971_10,3,1971/10/IMG_0004_2R.tif,0,49,99,812,1399,150,таблица,,2.0,4.0,1.0,0.046,0.077,1.0,0.0637,0.421,0.529,5.0,0.8
1971_10,4,1971/10/IMG_0005_1L.tif,0,44,90,816,1455,150,нет,"одна вертикаль и всего 2 ячейки — это колонтитул, а не таблица",1.0,2.0,0.0,0.0,0.12,0.0,0.0515,0.825,0.714,2.0,1.0
1971_10,57,1971/10/IMG_0031_2R.tif,0,50,929,812,1157,150,таблица,,5.0,1.0,5.0,0.126,0.053,1.0,0.0741,0.737,1.0,10.0,0.9
1971_10,58,1971/10/IMG_0032_1L.tif,0,65,360,799,620,150,таблица,,4.0,1.0,1.0,0.013,0.033,1.0,0.0876,0.793,1.0,10.0,0.9
1971_10,67,1971/10/IMG_0036_2R.tif,0,55,1157,811,1381,150,таблица,,9.0,1.0,10.0,0.219,0.048,1.0,0.0825,0.758,1.0,12.0,1.0
1971_10,94,1971/10/IMG_0050_1L.tif,0,67,691,803,1024,150,таблица,,2.0,1.0,8.0,0.199,0.071,1.0,0.0745,0.8,0.857,5.0,1.0
1971_10,97,1971/10/IMG_0051_2R.tif,0,52,905,437,1254,150,таблица,,6.0,2.0,1.0,0.074,0.092,1.0,0.0855,0.768,0.824,10.0,0.9
1971_11,3,1971/11/IMG_0054_2R.tif,0,51,96,798,1392,150,нет,"не таблица: рёбер на месте 37%, букв в краске 42%, колонок 6",6.0,4.0,2.0,0.153,0.087,1.0,0.062,0.421,0.368,5.0,0.6
1971_11,4,1971/11/IMG_0055_1L.tif,0,58,975,791,1414,150,нет,нет внутренних вертикальных линеек — это рамка вокруг текста,0.0,2.0,0.0,0.0,0.188,0.0,0.0467,0.797,1.0,1.0,1.0
1971_11,9,1971/11/IMG_0057_2R.tif,0,47,208,804,435,150,таблица,,5.0,2.0,6.0,0.162,0.058,1.0,0.0689,0.678,0.864,13.0,0.923
1971_11,14,1971/11/IMG_0060_1L.tif,0,52,314,796,491,150,таблица,,1.0,1.0,11.0,0.234,0.087,1.0,0.0433,0.596,1.0,4.0,1.0
1971_11,20,1971/11/IMG_0063_1L.tif,0,50,493,795,941,150,таблица,,7.0,3.0,3.0,0.052,0.059,1.0,0.0894,0.759,0.75,19.0,1.0
1971_11,21,1971/11/IMG_0063_2R.tif,0,46,452,801,900,150,таблица,,8.0,3.0,4.0,0.112,0.058,1.0,0.1005,0.77,0.712,17.0,1.0
1971_11,23,1971/11/IMG_0064_2R.tif,0,51,483,802,765,150,таблица,,17.0,2.0,0.0,0.0,0.019,1.0,0.0766,0.675,0.774,26.0,1.0
1971_11,47,1971/11/IMG_0076_2R.tif,0,49,97,801,266,150,таблица,,2.0,1.0,5.0,0.241,0.038,1.0,0.0393,0.568,1.0,4.0,1.0
1971_11,51,1971/11/IMG_0078_2R.tif,0,57,366,805,965,150,таблица,,9.0,4.0,1.0,0.019,0.053,1.0,0.0876,0.791,0.895,22.0,0.955
1971_11,59,1971/11/IMG_0082_2R.tif,0,109,90,448,1392,150,таблица,,3.0,38.0,1.0,0.065,0.029,1.0,0.0535,0.514,0.69,49.0,1.0
1971_11,60,1971/11/IMG_0083_1L.tif,0,55,397,800,1005,150,таблица,,12.0,3.0,4.0,0.113,0.044,1.0,0.0853,0.766,0.81,19.0,1.0
1971_11,69,1971/11/IMG_0087_2R.tif,0,143,238,702,1040,150,нет,"не таблица: рёбер на месте 40%, букв в краске 1%, колонок 39",39.0,5.0,8.0,0.785,0.011,1.0,0.0014,0.008,0.403,5.0,0.2
1971_11,71,1971/11/IMG_0088_2R.tif,0,58,511,797,815,150,таблица,,3.0,2.0,2.0,0.065,0.047,1.0,0.072,0.76,0.647,7.0,1.0
1971_11,73,1971/11/IMG_0089_2R.tif,0,166,532,696,706,150,таблица,,4.0,2.0,1.0,0.044,0.075,1.0,0.0693,0.662,0.75,6.0,1.0
1971_11,77,1971/11/IMG_0091_2R.tif,0,52,169,802,447,150,таблица,,9.0,3.0,2.0,0.087,0.035,1.0,0.0846,0.679,0.712,19.0,1.0
1971_12,3,1971/12/IMG_0104_2R.tif,0,66,94,801,1368,150,нет,"не таблица: рёбер на месте 47%, букв в краске 41%, колонок 2",2.0,4.0,2.0,0.13,0.08,1.0,0.0595,0.41,0.471,4.0,0.75
1971_12,4,1971/12/IMG_0105_1L.tif,0,58,90,812,1386,150,таблица,,3.0,2.0,0.0,0.0,0.085,0.0,0.0555,0.83,0.571,1.0,1.0
1971_12,28,1971/12/IMG_0117_1L.tif,0,48,470,820,868,150,таблица,,17.0,3.0,0.0,0.0,0.028,1.0,0.0974,0.727,0.836,34.0,0.971
1971_12,30,1971/12/IMG_0118_1L.tif,0,57,633,811,947,150,таблица,,9.0,3.0,6.0,0.135,0.038,1.0,0.0732,0.699,0.864,31.0,0.839
1971_12,32,1971/12/IMG_0119_1L.tif,0,52,289,808,632,150,таблица,,16.0,3.0,2.0,0.037,0.012,1.0,0.0959,0.707,0.839,39.0,1.0
1971_12,32,1971/12/IMG_0119_1L.tif,1,56,840,808,1126,150,таблица,,5.0,3.0,6.0,0.136,0.069,1.0,0.0582,0.646,0.774,15.0,1.0
1971_12,64,1971/12/IMG_0135_1L.tif,0,48,324,820,744,150,таблица,,10.0,2.0,3.0,0.09,0.034,1.0,0.0674,0.725,0.781,14.0,1.0
1972_01,3,1972/01/IMG_0004_2R.tif,0,53,90,816,1421,150,таблица,,2.0,4.0,2.0,0.102,0.087,0.0,0.0587,0.412,0.6,4.0,0.75
1972_01,4,1972/01/IMG_0005_1L.tif,0,68,87,800,1437,150,нет,"одна вертикаль и всего 2 ячейки — это колонтитул, а не таблица",1.0,2.0,0.0,0.0,0.119,0.0,0.0786,0.862,0.714,2.0,1.0
1972_01,38,1972/01/IMG_0022_1L.tif,0,66,856,805,1065,150,таблица,,8.0,1.0,0.0,0.0,0.045,1.0,0.0627,0.676,1.0,14.0,1.0
1972_01,59,1972/01/IMG_0032_2R.tif,0,38,95,833,525,150,таблица,,8.0,2.0,7.0,0.207,0.044,1.0,0.0734,0.708,0.738,18.0,1.0
1972_01,63,1972/01/IMG_0034_2R.tif,0,42,338,825,809,150,таблица,,12.0,3.0,2.0,0.029,0.027,1.0,0.0572,0.641,0.877,35.0,0.743
1972_01,64,1972/01/IMG_0035_1L.tif,0,53,288,819,442,150,таблица,,8.0,1.0,7.0,0.139,0.048,1.0,0.0837,0.732,1.0,12.0,1.0
1972_01,66,1972/01/IMG_0036_1L.tif,0,71,796,801,1094,150,таблица,,7.0,3.0,5.0,0.089,0.045,1.0,0.0523,0.659,0.774,14.0,1.0
1972_01,67,1972/01/IMG_0036_2R.tif,0,55,770,820,1081,150,таблица,,4.0,1.0,4.0,0.153,0.043,1.0,0.075,0.782,1.0,8.0,1.0
1972_01,69,1972/01/IMG_0037_2R.tif,0,49,626,818,999,150,таблица,,14.0,10.0,1.0,0.012,0.01,1.0,0.0521,0.536,0.385,19.0,0.947
1972_01,69,1972/01/IMG_0037_2R.tif,1,49,1186,817,1337,150,таблица,,8.0,3.0,6.0,0.119,0.004,1.0,0.0485,0.49,0.492,9.0,1.0
1972_01,71,1972/01/IMG_0038_2R.tif,0,77,331,800,768,150,нет,"не таблица: рёбер на месте 32%, букв в краске 22%, колонок 31",31.0,37.0,1.0,0.031,0.058,1.0,0.0392,0.218,0.32,54.0,0.167
1972_01,75,1972/01/IMG_0040_2R.tif,0,50,244,822,529,150,таблица,,4.0,2.0,4.0,0.108,0.071,1.0,0.0512,0.653,0.941,12.0,1.0
1972_02,3,1972/02/IMG_0054_2R.tif,0,47,91,816,1424,150,нет,"одна вертикаль, и краска на 58% состоит из штрихов",1.0,4.0,2.0,0.067,0.094,1.0,0.0614,0.424,0.7,5.0,0.6
1972_02,4,1972/02/IMG_0055_1L.tif,0,49,91,807,1414,150,нет,"одна вертикаль и всего 1 ячейки — это колонтитул, а не таблица",1.0,2.0,0.0,0.0,0.139,0.0,0.0476,0.809,0.571,1.0,1.0
1972_02,63,1972/02/IMG_0084_2R.tif,0,42,288,808,629,150,таблица,,2.0,2.0,2.0,0.036,0.048,1.0,0.0776,0.781,0.75,6.0,1.0
1972_02,66,1972/02/IMG_0086_1L.tif,0,160,408,696,607,150,таблица,,1.0,1.0,2.0,0.068,0.213,1.0,0.0967,0.778,1.0,4.0,1.0
1972_02,77,1972/02/IMG_0091_2R.tif,0,47,260,803,522,150,таблица,,5.0,2.0,4.0,0.054,0.075,1.0,0.0661,0.694,1.0,12.0,1.0
1972_03,3,1972/03/IMG_0104_2R.tif,0,69,133,819,1423,150,нет,"одна вертикаль, и краска на 59% состоит из штрихов",1.0,6.0,1.0,0.083,0.121,1.0,0.0574,0.409,0.438,4.0,0.75
1972_03,4,1972/03/IMG_0105_1L.tif,0,60,127,825,1428,150,нет,"одна вертикаль и всего 2 ячейки — это колонтитул, а не таблица",1.0,2.0,0.0,0.0,0.114,0.0,0.0629,0.836,0.714,2.0,1.0
1972_03,20,1972/03/IMG_0113_1L.tif,0,63,389,837,618,150,таблица,,5.0,2.0,6.0,0.112,0.045,1.0,0.065,0.667,0.741,12.0,1.0
1972_03,56,1972/03/IMG_0131_1L.tif,0,68,390,835,620,150,таблица,,4.0,2.0,3.0,0.153,0.055,1.0,0.0612,0.666,0.818,11.0,1.0
1972_03,57,1972/03/IMG_0131_2R.tif,0,73,558,811,787,150,таблица,,7.0,2.0,6.0,0.149,0.041,1.0,0.0961,0.718,0.811,17.0,1.0
1972_04,3,1972/04/IMG_0004_2R.tif,0,54,89,826,1446,150,нет,"одна вертикаль, и краска на 62% состоит из штрихов",1.0,5.0,1.0,0.084,0.08,1.0,0.0512,0.383,0.615,5.0,0.6
1972_04,4,1972/04/IMG_0005_1L.tif,0,71,90,817,1435,150,нет,"одна вертикаль и всего 2 ячейки — это колонтитул, а не таблица",1.0,2.0,0.0,0.0,0.125,0.0,0.0554,0.817,0.714,2.0,1.0
1972_04,29,1972/04/IMG_0017_2R.tif,0,62,500,832,784,150,таблица,,5.0,2.0,7.0,0.172,0.036,1.0,0.0692,0.74,0.824,9.0,1.0
1972_04,98,1972/04/IMG_0052_1L.tif,0,55,429,833,825,150,таблица,,2.0,1.0,4.0,0.101,0.024,1.0,0.0736,0.821,1.0,6.0,1.0
1972_05,3,1972/05/IMG_0054_2R.tif,0,52,90,812,1407,150,нет,"не таблица: рёбер на месте 41%, букв в краске 39%, колонок 2",2.0,5.0,3.0,0.125,0.102,1.0,0.0547,0.385,0.409,5.0,0.4
1972_05,4,1972/05/IMG_0055_1L.tif,0,60,91,807,1412,150,нет,"одна вертикаль и всего 2 ячейки — это колонтитул, а не таблица",1.0,2.0,0.0,0.0,0.137,0.0,0.064,0.851,0.714,2.0,1.0
1972_05,7,1972/05/IMG_0056_2R.tif,0,51,405,814,823,150,таблица,,5.0,2.0,3.0,0.099,0.045,1.0,0.0687,0.79,0.682,10.0,1.0
1972_05,11,1972/05/IMG_0058_2R.tif,0,51,200,817,457,150,таблица,,4.0,1.0,10.0,0.201,0.047,1.0,0.0773,0.761,1.0,8.0,1.0
1972_05,12,1972/05/IMG_0059_1L.tif,0,57,772,817,1030,150,таблица,,6.0,1.0,6.0,0.139,0.058,1.0,0.0763,0.75,1.0,10.0,1.0
1972_05,33,1972/05/IMG_0069_2R.tif,0,58,680,815,952,150,таблица,,6.0,2.0,3.0,0.138,0.046,1.0,0.0566,0.642,0.875,18.0,1.0
1972_05,44,1972/05/IMG_0075_1L.tif,0,100,247,767,703,150,таблица,,11.0,3.0,0.0,0.0,0.01,1.0,0.0155,0.188,0.758,24.0,0.875
1972_05,58,1972/05/IMG_0082_1L.tif,0,56,326,809,500,150,таблица,,5.0,2.0,4.0,0.132,0.026,1.0,0.0691,0.673,0.727,11.0,0.818
1972_05,67,1972/05/IMG_0086_2R.tif,0,54,178,814,378,150,таблица,,5.0,1.0,1.0,0.015,0.128,1.0,0.072,0.7,1.0,10.0,1.0
1972_05,74,1972/05/IMG_0090_1L.tif,0,56,375,819,711,150,таблица,,3.0,1.0,3.0,0.077,0.112,1.0,0.0838,0.798,1.0,8.0,1.0
1972_05,74,1972/05/IMG_0090_1L.tif,1,56,760,819,959,150,таблица,,5.0,1.0,3.0,0.136,0.128,1.0,0.0654,0.699,1.0,8.0,1.0
1972_06,3,1972/06/IMG_0104_2R.tif,0,66,90,814,1375,150,нет,"не таблица: рёбер на месте 41%, букв в краске 40%, колонок 2",2.0,6.0,2.0,0.079,0.099,1.0,0.0583,0.399,0.409,4.0,0.75
1972_06,4,1972/06/IMG_0105_1L.tif,0,65,87,820,1386,150,нет,"одна вертикаль и всего 1 ячейки — это колонтитул, а не таблица",1.0,2.0,0.0,0.0,0.125,0.0,0.0508,0.794,0.571,1.0,1.0
1972_06,31,1972/06/IMG_0118_2R.tif,0,70,458,815,797,150,таблица,,6.0,2.0,3.0,0.046,0.056,1.0,0.0765,0.73,0.781,14.0,1.0
1972_06,35,1972/06/IMG_0120_2R.tif,0,69,764,826,1079,150,таблица,,4.0,2.0,4.0,0.121,0.054,1.0,0.0816,0.773,0.773,10.0,1.0
1972_06,37,1972/06/IMG_0121_2R.tif,0,57,477,828,862,150,таблица,,2.0,3.0,5.0,0.122,0.058,1.0,0.0666,0.766,0.75,6.0,1.0
1972_06,42,1972/06/IMG_0124_1L.tif,0,65,517,829,774,150,таблица,,3.0,2.0,4.0,0.113,0.087,1.0,0.074,0.757,0.647,7.0,1.0
1972_06,71,1972/06/IMG_0138_2R.tif,0,69,250,812,796,150,таблица,,21.0,15.0,0.0,0.0,0.086,1.0,0.0512,0.655,0.326,23.0,0.696
1972_06,75,1972/06/IMG_0140_2R.tif,0,72,89,815,368,150,таблица,,14.0,7.0,1.0,0.013,0.011,1.0,0.067,0.539,0.556,18.0,1.0
1972_06,77,1972/06/IMG_0141_2R.tif,0,68,278,813,885,150,таблица,,5.0,3.0,1.0,0.014,0.056,1.0,0.0886,0.824,0.871,15.0,1.0
1972_06,83,1972/06/IMG_0144_2R.tif,0,64,583,820,786,150,таблица,,9.0,1.0,1.0,0.016,0.032,1.0,0.0693,0.588,0.964,19.0,1.0
1972_06,85,1972/06/IMG_0145_2R.tif,0,72,344,825,545,150,таблица,,14.0,2.0,7.0,0.123,0.013,1.0,0.0652,0.615,0.774,30.0,0.7
1972_07,3,1972/07/IMG_0004_2R.tif,0,70,90,830,1404,150,нет,"не таблица: рёбер на месте 50%, букв в краске 36%, колонок 3",3.0,7.0,3.0,0.11,0.087,1.0,0.0491,0.365,0.5,6.0,0.667
1972_07,4,1972/07/IMG_0005_1L.tif,0,80,87,811,1412,150,нет,"одна вертикаль и всего 2 ячейки — это колонтитул, а не таблица",1.0,2.0,0.0,0.0,0.13,0.0,0.0617,0.844,0.714,2.0,1.0
1972_07,28,1972/07/IMG_0017_1L.tif,0,65,369,831,1261,150,таблица,,12.0,15.0,0.0,0.0,0.057,1.0,0.0456,0.581,0.906,84.0,0.881
1972_07,51,1972/07/IMG_0028_2R.tif,0,67,622,833,798,150,таблица,,5.0,2.0,6.0,0.213,0.01,1.0,0.0373,0.523,0.778,12.0,0.917
1972_07,60,1972/07/IMG_0033_1L.tif,0,78,1117,821,1384,150,таблица,,11.0,4.0,4.0,0.105,0.035,1.0,0.0695,0.62,0.661,19.0,1.0
1972_07,61,1972/07/IMG_0033_2R.tif,0,64,637,829,838,150,таблица,,3.0,2.0,6.0,0.114,0.058,1.0,0.0472,0.586,0.765,8.0,1.0
1972_07,71,1972/07/IMG_0038_2R.tif,0,65,154,831,575,150,таблица,,10.0,2.0,2.0,0.05,0.05,1.0,0.0965,0.77,0.865,21.0,1.0
1972_07,74,1972/07/IMG_0040_1L.tif,0,76,1240,819,1412,150,таблица,,7.0,3.0,8.0,0.184,0.048,1.0,0.0361,0.447,0.733,15.0,0.533
1972_07,75,1972/07/IMG_0040_2R.tif,0,66,144,831,317,150,таблица,,8.0,3.0,6.0,0.155,0.029,1.0,0.0377,0.446,0.733,15.0,0.533
1972_07,75,1972/07/IMG_0040_2R.tif,1,65,389,829,563,150,таблица,,7.0,3.0,5.0,0.141,0.041,1.0,0.037,0.467,0.689,15.0,0.533
1972_07,97,1972/07/IMG_0051_2R.tif,0,54,116,806,1390,150,таблица,,3.0,1.0,2.0,0.055,0.035,1.0,0.072,0.888,0.6,3.0,1.0
1972_07,98,1972/07/IMG_0052_1L.tif,0,75,119,821,930,150,таблица,,3.0,1.0,3.0,0.053,0.035,1.0,0.0702,0.866,1.0,6.0,1.0
1972_08,3,1972/08/IMG_0054_2R.tif,0,55,89,807,1388,150,нет,"одна вертикаль, и краска на 59% состоит из штрихов",1.0,4.0,3.0,0.111,0.082,1.0,0.0565,0.406,0.7,5.0,0.6
1972_08,4,1972/08/IMG_0055_1L.tif,0,61,89,796,1384,150,таблица,,2.0,2.0,0.0,0.0,0.114,0.0,0.0716,0.863,0.714,2.0,1.0
1972_08,53,1972/08/IMG_0079_2R.tif,0,49,268,815,1053,150,таблица,,10.0,2.0,1.0,0.019,0.048,1.0,0.084,0.837,0.778,12.0,1.0
1972_08,54,1972/08/IMG_0080_1L.tif,0,54,677,811,935,150,таблица,,11.0,2.0,12.0,0.221,0.011,1.0,0.0798,0.718,0.809,21.0,1.0
1972_08,58,1972/08/IMG_0082_1L.tif,0,56,1157,806,1410,150,таблица,,5.0,3.0,1.0,0.03,0.047,1.0,0.0545,0.592,0.742,13.0,1.0
1972_08,69,1972/08/IMG_0087_2R.tif,0,50,135,810,1390,150,таблица,,2.0,1.0,2.0,0.034,0.124,1.0,0.1544,0.949,0.857,5.0,1.0
1972_08,70,1972/08/IMG_0088_1L.tif,0,53,124,810,706,150,таблица,,2.0,2.0,1.0,0.016,0.127,1.0,0.1138,0.89,0.75,6.0,1.0
1972_08,70,1972/08/IMG_0088_1L.tif,1,55,806,812,1392,150,таблица,,2.0,1.0,2.0,0.038,0.096,1.0,0.1282,0.908,0.857,5.0,1.0
1972_08,71,1972/08/IMG_0088_2R.tif,0,45,102,795,1383,150,таблица,,2.0,1.0,2.0,0.03,0.135,1.0,0.1622,0.949,0.714,4.0,1.0
1972_08,72,1972/08/IMG_0089_1L.tif,0,59,118,802,741,150,таблица,,5.0,2.0,2.0,0.032,0.113,1.0,0.1241,0.903,0.667,5.0,1.0
1972_09,3,1972/09/IMG_0104_2R.tif,0,59,90,821,1390,150,таблица,,3.0,5.0,3.0,0.101,0.091,1.0,0.0594,0.411,0.484,5.0,0.6
1972_09,4,1972/09/IMG_0105_1L.tif,0,62,92,812,1397,150,нет,"одна вертикаль и всего 2 ячейки — это колонтитул, а не таблица",1.0,2.0,0.0,0.0,0.101,0.0,0.0798,0.868,0.714,2.0,1.0
1972_09,12,1972/09/IMG_0109_1L.tif,0,60,167,816,559,150,таблица,,4.0,2.0,1.0,0.014,0.044,1.0,0.0622,0.743,0.727,10.0,1.0
1972_09,13,1972/09/IMG_0109_2R.tif,0,66,170,811,505,150,таблица,,6.0,3.0,6.0,0.119,0.047,1.0,0.0909,0.763,0.733,17.0,0.941
1972_09,13,1972/09/IMG_0109_2R.tif,1,467,808,741,1002,150,нет,"одна вертикаль и всего 2 ячейки — это колонтитул, а не таблица",1.0,2.0,2.0,0.553,0.128,1.0,0.0132,0.096,0.286,2.0,0.5
1972_09,13,1972/09/IMG_0109_2R.tif,2,148,813,417,1006,150,нет,"одна вертикаль и всего 2 ячейки — это колонтитул, а не таблица",1.0,2.0,2.0,0.643,0.1,1.0,0.0128,0.142,0.286,2.0,0.5
1972_09,14,1972/09/IMG_0110_1L.tif,0,109,399,767,705,150,нет,нет внутренних вертикальных линеек — это рамка вокруг текста,0.0,4.0,7.0,0.292,0.029,0.0,0.0271,0.377,0.25,1.0,0.0
1972_09,30,1972/09/IMG_0118_1L.tif,0,62,438,816,775,150,таблица,,4.0,1.0,3.0,0.042,0.06,1.0,0.0874,0.841,1.0,6.0,1.0
1972_09,53,1972/09/IMG_0129_2R.tif,0,67,349,808,1392,150,таблица,,2.0,5.0,7.0,0.147,0.063,1.0,0.054,0.756,1.0,18.0,1.0
1972_09,74,1972/09/IMG_0140_1L.tif,0,451,119,834,708,150,таблица,,1.0,1.0,1.0,0.03,0.187,1.0,0.1158,0.9,1.0,4.0,1.0
1972_09,76,1972/09/IMG_0141_1L.tif,0,444,583,831,933,150,таблица,,4.0,1.0,4.0,0.156,0.065,1.0,0.064,0.665,1.0,10.0,1.0
1972_09,76,1972/09/IMG_0141_1L.tif,1,444,1197,831,1355,150,таблица,,3.0,1.0,1.0,0.027,0.129,1.0,0.0701,0.682,1.0,8.0,1.0
1972_09,78,1972/09/IMG_0142_1L.tif,0,38,644,844,1377,150,таблица,,4.0,1.0,5.0,0.095,0.045,1.0,0.0945,0.858,1.0,10.0,1.0
1972_10,3,1972/10/IMG_0004_2R.tif,0,54,91,829,1422,150,нет,"не таблица: рёбер на месте 46%, букв в краске 40%, колонок 3",3.0,4.0,2.0,0.125,0.093,0.0,0.0555,0.396,0.458,4.0,0.75
1972_10,4,1972/10/IMG_0005_1L.tif,0,68,91,812,1446,150,нет,"одна вертикаль и всего 2 ячейки — это колонтитул, а не таблица",1.0,2.0,0.0,0.0,0.117,0.0,0.0851,0.862,0.714,2.0,1.0
1972_10,28,1972/10/IMG_0017_1L.tif,0,62,640,815,964,150,таблица,,7.0,5.0,5.0,0.167,0.045,1.0,0.0602,0.603,0.657,21.0,0.81
1972_10,33,1972/10/IMG_0019_2R.tif,0,49,350,824,650,150,таблица,,12.0,2.0,1.0,0.015,0.05,1.0,0.0791,0.695,0.667,15.0,1.0
1972_10,33,1972/10/IMG_0019_2R.tif,1,48,696,822,847,150,таблица,,4.0,1.0,13.0,0.388,0.047,1.0,0.0515,0.617,1.0,8.0,1.0
1972_10,36,1972/10/IMG_0021_1L.tif,0,55,460,822,614,150,таблица,,5.0,1.0,7.0,0.143,0.04,1.0,0.0513,0.586,1.0,12.0,1.0
1972_10,36,1972/10/IMG_0021_1L.tif,1,57,1266,822,1440,150,таблица,,6.0,2.0,1.0,0.031,0.051,1.0,0.0476,0.608,0.778,12.0,0.917
1972_10,38,1972/10/IMG_0022_1L.tif,0,62,136,814,648,150,таблица,,16.0,7.0,1.0,0.018,0.052,1.0,0.0747,0.612,0.481,32.0,1.0
1972_10,44,1972/10/IMG_0025_1L.tif,0,122,114,752,356,150,таблица,,5.0,1.0,2.0,0.057,0.041,1.0,0.063,0.688,1.0,8.0,1.0
1972_10,48,1972/10/IMG_0027_1L.tif,0,72,870,813,1438,150,таблица,,18.0,2.0,7.0,0.177,0.013,1.0,0.0654,0.573,0.766,32.0,1.0
1972_11,3,1972/11/IMG_0055_2R.tif,0,58,91,834,1400,150,нет,"не таблица: рёбер на месте 53%, букв в краске 40%, колонок 2",2.0,4.0,2.0,0.087,0.091,1.0,0.0571,0.398,0.529,5.0,0.6
1972_11,4,1972/11/IMG_0056_1L.tif,0,72,86,819,1383,150,нет,"одна вертикаль и всего 2 ячейки — это колонтитул, а не таблица",1.0,2.0,0.0,0.0,0.13,0.0,0.0648,0.846,0.714,2.0,1.0
1972_11,5,1972/11/IMG_0056_2R.tif,0,63,1215,832,1387,150,таблица,,5.0,1.0,7.0,0.197,0.048,1.0,0.0725,0.675,1.0,10.0,1.0
1972_11,8,1972/11/IMG_0058_1L.tif,0,75,445,824,729,150,таблица,,4.0,1.0,5.0,0.134,0.057,1.0,0.0837,0.781,1.0,8.0,1.0
1972_11,32,1972/11/IMG_0070_1L.tif,0,111,89,511,1393,150,таблица,,5.0,20.0,0.0,0.0,0.033,1.0,0.0504,0.59,0.893,116.0,0.879
1972_11,32,1972/11/IMG_0070_1L.tif,1,557,89,831,1389,150,таблица,,3.0,25.0,0.0,0.0,0.047,1.0,0.0641,0.709,0.956,78.0,1.0
1972_11,34,1972/11/IMG_0071_1L.tif,0,75,456,448,767,150,таблица,,3.0,2.0,2.0,0.062,0.064,1.0,0.0698,0.683,1.0,12.0,0.833
1972_11,35,1972/11/IMG_0071_2R.tif,0,135,191,803,792,150,нет,нет внутренних вертикальных линеек — это рамка вокруг текста,0.0,1.0,6.0,0.768,0.004,0.0,0.0061,0.2,1.0,1.0,1.0
1972_11,38,1972/11/IMG_0073_1L.tif,0,71,291,829,456,150,таблица,,1.0,3.0,16.0,0.354,0.046,1.0,0.0772,0.615,0.6,4.0,1.0
1972_11,38,1972/11/IMG_0073_1L.tif,1,71,546,830,710,150,таблица,,1.0,3.0,17.0,0.374,0.047,1.0,0.0785,0.636,0.7,5.0,1.0
1972_11,64,1972/11/IMG_0086_1L.tif,0,71,359,826,651,150,таблица,,4.0,1.0,6.0,0.139,0.057,1.0,0.0794,0.779,1.0,8.0,1.0
1972_12,3,1972/12/IMG_0105_2R.tif,0,84,89,834,1399,150,нет,"не таблица: рёбер на месте 47%, букв в краске 40%, колонок 2",2.0,5.0,2.0,0.071,0.088,0.0,0.0569,0.404,0.471,4.0,0.75
1972_12,4,1972/12/IMG_0106_1L.tif,0,77,90,844,1400,150,нет,"одна вертикаль и всего 2 ячейки — это колонтитул, а не таблица",1.0,2.0,0.0,0.0,0.121,0.0,0.0488,0.801,0.417,2.0,0.5
1972_12,19,1972/12/IMG_0113_2R.tif,0,86,99,834,578,150,таблица,,3.0,2.0,9.0,0.177,0.033,1.0,0.0732,0.811,0.824,9.0,0.889
1972_12,22,1972/12/IMG_0115_1L.tif,0,80,1008,846,1181,150,таблица,,3.0,1.0,5.0,0.085,0.063,1.0,0.0644,0.695,1.0,8.0,0.875
1972_12,33,1972/12/IMG_0120_2R.tif,0,86,440,833,641,150,таблица,,3.0,1.0,7.0,0.268,0.045,1.0,0.0677,0.728,1.0,8.0,0.875
1972_12,60,1972/12/IMG_0134_1L.tif,0,74,90,849,374,150,таблица,,3.0,1.0,5.0,0.201,0.055,1.0,0.0698,0.771,1.0,8.0,1.0
1973_01,3,1973/01/IMG_0004_2R.tif,0,57,90,839,1431,150,нет,"одна вертикаль, и краска на 57% состоит из штрихов",1.0,4.0,2.0,0.059,0.101,0.0,0.0621,0.426,0.6,4.0,0.75
1973_01,4,1973/01/IMG_0005_1L.tif,0,72,89,816,1474,150,нет,"одна вертикаль и всего 2 ячейки — это колонтитул, а не таблица",1.0,2.0,0.0,0.0,0.121,0.0,0.0822,0.869,0.714,2.0,1.0
1973_01,8,1973/01/IMG_0007_1L.tif,0,78,443,821,837,150,таблица,,12.0,4.0,6.0,0.137,0.028,1.0,0.0671,0.668,0.776,28.0,0.964
1973_01,22,1973/01/IMG_0014_1L.tif,0,77,373,819,617,150,таблица,,2.0,1.0,15.0,0.321,0.049,1.0,0.0473,0.688,0.714,3.0,1.0
1973_01,58,1973/01/IMG_0032_1L.tif,0,69,827,826,1006,150,таблица,,3.0,1.0,17.0,0.339,0.026,1.0,0.0516,0.693,1.0,8.0,0.875
1973_01,69,1973/01/IMG_0037_2R.tif,0,68,665,832,1125,150,нет,"не таблица: рёбер на месте 32%, букв в краске 11%, колонок 13",13.0,35.0,5.0,0.161,0.004,1.0,0.0198,0.106,0.316,16.0,0.5
1973_01,78,1973/01/IMG_0042_1L.tif,0,65,427,831,936,150,таблица,,19.0,15.0,2.0,0.039,0.037,1.0,0.0746,0.643,0.478,55.0,0.582
1973_01,83,1973/01/IMG_0044_2R.tif,0,55,831,832,1006,150,таблица,,2.0,1.0,4.0,0.093,0.059,1.0,0.0742,0.731,0.857,5.0,0.8
1973_02,3,1973/02/IMG_0054_2R.tif,0,57,88,816,1408,150,нет,"одна вертикаль, и краска на 59% состоит из штрихов",1.0,4.0,2.0,0.098,0.091,0.0,0.0598,0.415,0.6,4.0,0.75
1973_02,4,1973/02/IMG_0055_1L.tif,0,55,89,816,1413,150,нет,"одна вертикаль и всего 2 ячейки — это колонтитул, а не таблица",1.0,2.0,0.0,0.0,0.106,0.0,0.0648,0.85,0.714,2.0,1.0
1973_02,12,1973/02/IMG_0059_1L.tif,0,58,1151,815,1327,150,таблица,,5.0,1.0,9.0,0.219,0.048,1.0,0.0597,0.642,1.0,10.0,1.0
1973_02,46,1973/02/IMG_0076_1L.tif,0,49,158,827,587,150,таблица,,4.0,2.0,3.0,0.066,0.048,1.0,0.0746,0.765,0.818,12.0,0.917
1973_02,47,1973/02/IMG_0076_2R.tif,0,53,667,815,1009,150,таблица,,4.0,3.0,4.0,0.066,0.059,1.0,0.0763,0.728,0.839,15.0,1.0
1973_02,70,1973/02/IMG_0088_1L.tif,0,53,630,820,971,150,таблица,,10.0,3.0,6.0,0.253,0.034,1.0,0.0803,0.688,0.576,19.0,1.0
1973_02,73,1973/02/IMG_0089_2R.tif,0,58,952,812,1156,150,таблица,,4.0,2.0,9.0,0.203,0.048,1.0,0.0503,0.606,1.0,12.0,1.0
1973_02,74,1973/02/IMG_0090_1L.tif,0,51,326,820,679,150,таблица,,8.0,3.0,4.0,0.123,0.032,1.0,0.0594,0.626,0.786,18.0,1.0
1973_03,2,1973/03/IMG_0104_1L.tif,0,70,91,826,1409,150,нет,"одна вертикаль и всего 2 ячейки — это колонтитул, а не таблица",1.0,2.0,0.0,0.0,0.096,0.0,0.0736,0.848,0.714,2.0,1.0
1973_03,35,1973/03/IMG_0120_2R.tif,0,70,469,824,781,150,таблица,,8.0,4.0,4.0,0.085,0.048,1.0,0.0503,0.566,0.731,18.0,1.0
1973_03,59,1973/03/IMG_0132_2R.tif,0,441,474,819,1338,150,нет,"не таблица: рёбер на месте 51%, букв в краске 25%, колонок 27",27.0,21.0,2.0,0.061,0.048,1.0,0.0237,0.249,0.506,18.0,0.444
1973_03,76,1973/03/IMG_0141_1L.tif,0,52,182,847,360,150,таблица,,13.0,3.0,7.0,0.149,0.06,1.0,0.064,0.477,0.543,18.0,1.0
1973_04,3,1973/04/IMG_0004_2R.tif,0,54,90,837,1408,150,нет,"не таблица: рёбер на месте 65%, букв в краске 36%, колонок 2",2.0,4.0,4.0,0.112,0.089,1.0,0.0473,0.357,0.647,6.0,0.5
1973_04,4,1973/04/IMG_0005_1L.tif,0,72,82,821,1453,150,нет,"одна вертикаль и всего 2 ячейки — это колонтитул, а не таблица",1.0,2.0,0.0,0.0,0.16,0.0,0.0708,0.833,0.714,2.0,1.0
1973_04,51,1973/04/IMG_0028_2R.tif,0,57,856,836,1423,150,таблица,,13.0,5.0,3.0,0.055,0.052,1.0,0.0871,0.788,0.8,21.0,0.762
1973_04,55,1973/04/IMG_0030_2R.tif,0,390,1044,840,1413,150,таблица,,4.0,5.0,4.0,0.826,0.036,1.0,0.0058,0.052,0.816,26.0,0.308
1973_04,56,1973/04/IMG_0031_1L.tif,0,98,152,522,491,150,нет,"не таблица: рёбер на месте 66%, букв в краске 5%, колонок 9",9.0,5.0,4.0,0.785,0.035,1.0,0.0062,0.051,0.659,24.0,0.292
1973_04,56,1973/04/IMG_0031_1L.tif,1,368,635,818,980,150,нет,"не таблица: рёбер на месте 66%, букв в краске 5%, колонок 8",8.0,7.0,6.0,0.764,0.032,1.0,0.006,0.05,0.659,25.0,0.28
1973_04,57,1973/04/IMG_0031_2R.tif,0,198,1051,713,1393,150,таблица,,6.0,6.0,5.0,0.782,0.029,1.0,0.007,0.061,0.714,26.0,0.308
1973_04,58,1973/04/IMG_0032_1L.tif,0,199,640,688,979,150,таблица,,7.0,6.0,5.0,0.807,0.031,1.0,0.0076,0.054,0.701,30.0,0.267
1973_04,59,1973/04/IMG_0032_2R.tif,0,65,163,835,401,150,таблица,,4.0,2.0,2.0,0.04,0.019,1.0,0.0386,0.579,0.682,9.0,0.889
1973_05,3,1973/05/IMG_0054_2R.tif,0,59,91,815,1398,150,нет,"не таблица: рёбер на месте 41%, букв в краске 41%, колонок 2",2.0,5.0,1.0,0.028,0.083,1.0,0.0573,0.407,0.409,4.0,0.75
1973_05,4,1973/05/IMG_0055_1L.tif,0,59,89,815,1403,150,нет,"одна вертикаль и всего 2 ячейки — это колонтитул, а не таблица",1.0,2.0,0.0,0.0,0.099,0.0,0.0544,0.819,0.714,2.0,1.0
1973_05,54,1973/05/IMG_0080_1L.tif,0,55,163,824,475,150,таблица,,6.0,2.0,2.0,0.05,0.046,1.0,0.0659,0.715,0.815,15.0,0.933
1973_05,55,1973/05/IMG_0080_2R.tif,0,52,156,819,473,150,таблица,,6.0,3.0,1.0,0.014,0.066,1.0,0.0708,0.696,0.895,21.0,0.905
1973_05,67,1973/05/IMG_0086_2R.tif,0,56,631,815,922,150,таблица,,10.0,1.0,0.0,0.0,0.092,1.0,0.1186,0.807,1.0,16.0,1.0
1973_05,89,1973/05/IMG_0097_2R.tif,0,72,152,806,451,150,таблица,,10.0,2.0,3.0,0.098,0.057,1.0,0.0832,0.732,0.688,14.0,1.0
1973_05,89,1973/05/IMG_0097_2R.tif,1,57,1168,815,1407,150,таблица,,4.0,2.0,6.0,0.158,0.046,1.0,0.0673,0.669,0.824,8.0,1.0
1973_05,90,1973/05/IMG_0098_1L.tif,0,56,588,821,875,150,таблица,,4.0,2.0,4.0,0.084,0.051,1.0,0.0905,0.787,0.727,10.0,1.0
1973_06,3,1973/06/IMG_0104_2R.tif,0,85,92,828,1411,150,нет,"одна вертикаль, и краска на 58% состоит из штрихов",1.0,4.0,1.0,0.104,0.095,1.0,0.0591,0.416,0.6,4.0,0.75
1973_06,4,1973/06/IMG_0105_1L.tif,0,67,91,841,1406,150,нет,"одна вертикаль и всего 2 ячейки — это колонтитул, а не таблица",1.0,4.0,0.0,0.0,0.112,0.0,0.0778,0.856,0.462,2.0,1.0
1973_06,18,1973/06/IMG_0112_1L.tif,0,73,366,846,686,150,таблица,,6.0,2.0,12.0,0.262,0.044,1.0,0.065,0.703,1.0,18.0,1.0
1973_06,18,1973/06/IMG_0112_1L.tif,1,75,769,847,1035,150,таблица,,7.0,2.0,13.0,0.268,0.046,1.0,0.0581,0.648,1.0,18.0,1.0
1973_06,29,1973/06/IMG_0117_2R.tif,0,88,303,825,568,150,таблица,,4.0,4.0,5.0,0.089,0.045,1.0,0.0472,0.601,0.708,10.0,1.0
1973_06,71,1973/06/IMG_0138_2R.tif,0,84,451,829,924,150,таблица,,5.0,2.0,8.0,0.218,0.058,1.0,0.0477,0.701,0.682,10.0,0.5
1973_06,81,1973/06/IMG_0143_2R.tif,0,88,581,829,896,150,таблица,,5.0,2.0,3.0,0.075,0.072,1.0,0.0753,0.73,0.815,15.0,0.867
1973_06,81,1973/06/IMG_0143_2R.tif,1,86,978,828,1180,150,таблица,,2.0,1.0,4.0,0.086,0.07,1.0,0.0412,0.615,1.0,6.0,1.0
1973_07,3,1973/07/IMG_0004_2R.tif,0,48,98,836,1482,150,нет,"не таблица: рёбер на месте 59%, букв в краске 39%, колонок 2",2.0,4.0,2.0,0.058,0.091,0.0,0.0521,0.388,0.588,5.0,0.6
1973_07,4,1973/07/IMG_0005_1L.tif,0,60,90,818,1471,150,нет,"одна вертикаль и всего 2 ячейки — это колонтитул, а не таблица",1.0,2.0,0.0,0.0,0.09,0.0,0.0675,0.849,0.714,2.0,1.0
1973_07,30,1973/07/IMG_0018_1L.tif,0,60,377,821,618,150,таблица,,3.0,2.0,5.0,0.139,0.03,1.0,0.0476,0.633,0.824,10.0,0.9
1973_07,30,1973/07/IMG_0018_1L.tif,1,58,889,821,1132,150,таблица,,3.0,3.0,8.0,0.189,0.056,1.0,0.0469,0.618,0.708,9.0,1.0
1973_07,31,1973/07/IMG_0018_2R.tif,0,38,460,838,672,150,таблица,,4.0,2.0,8.0,0.156,0.055,1.0,0.0683,0.711,0.706,7.0,1.0
1973_07,32,1973/07/IMG_0019_1L.tif,0,54,353,824,745,150,таблица,,6.0,4.0,5.0,0.155,0.032,1.0,0.049,0.625,0.724,21.0,1.0
1973_07,63,1973/07/IMG_0034_2R.tif,0,49,463,813,1064,150,таблица,,21.0,4.0,0.0,0.0,0.045,1.0,0.0819,0.706,0.774,25.0,1.0
1973_07,65,1973/07/IMG_0035_2R.tif,0,55,1081,830,1426,150,таблица,,1.0,1.0,15.0,0.301,0.092,1.0,0.0591,0.767,1.0,4.0,1.0
1973_07,66,1973/07/IMG_0036_1L.tif,0,84,612,441,1052,150,нет,"не таблица: рёбер на месте 52%, букв в краске 40%, колонок 4",4.0,8.0,1.0,0.036,0.022,1.0,0.034,0.399,0.52,6.0,1.0
1973_08,3,1973/08/IMG_0054_2R.tif,0,62,90,821,1409,150,нет,"одна вертикаль, и краска на 59% состоит из штрихов",1.0,4.0,2.0,0.105,0.084,1.0,0.059,0.412,0.5,4.0,0.25
1973_08,4,1973/08/IMG_0055_1L.tif,0,66,90,820,1411,150,нет,"одна вертикаль и всего 2 ячейки — это колонтитул, а не таблица",1.0,2.0,0.0,0.0,0.107,0.0,0.0459,0.795,0.714,2.0,1.0
1973_08,6,1973/08/IMG_0056_1L.tif,0,65,182,822,437,150,таблица,,3.0,2.0,2.0,0.071,0.07,1.0,0.0653,0.692,0.824,9.0,1.0
1973_08,9,1973/08/IMG_0057_2R.tif,0,58,162,829,452,150,таблица,,3.0,1.0,4.0,0.098,0.064,1.0,0.0735,0.764,1.0,8.0,1.0
1973_08,14,1973/08/IMG_0060_1L.tif,0,60,571,826,833,150,таблица,,7.0,2.0,5.0,0.146,0.045,1.0,0.0538,0.607,0.838,18.0,1.0
1973_08,18,1973/08/IMG_0062_1L.tif,0,23,111,825,1433,150,таблица,,3.0,26.0,3.0,0.069,0.012,1.0,0.0657,0.7,0.652,41.0,0.878
1973_08,23,1973/08/IMG_0064_2R.tif,0,84,117,836,1446,150,таблица,,1.0,17.0,2.0,0.055,0.011,1.0,0.0722,0.705,1.0,34.0,1.0
1973_08,25,1973/08/IMG_0065_2R.tif,0,60,542,825,1006,150,таблица,,14.0,3.0,6.0,0.103,0.031,1.0,0.0679,0.597,0.702,29.0,1.0
1973_08,27,1973/08/IMG_0066_2R.tif,0,61,633,822,981,150,таблица,,6.0,1.0,5.0,0.126,0.068,1.0,0.0667,0.754,1.0,12.0,1.0
1973_08,31,1973/08/IMG_0068_2R.tif,0,50,624,835,891,150,таблица,,4.0,2.0,4.0,0.081,0.056,1.0,0.0607,0.631,0.682,8.0,1.0
1973_08,31,1973/08/IMG_0068_2R.tif,1,48,1193,837,1391,150,таблица,,7.0,2.0,9.0,0.202,0.046,1.0,0.0683,0.653,0.688,14.0,1.0
1973_08,32,1973/08/IMG_0069_1L.tif,0,62,632,829,927,150,таблица,,5.0,2.0,3.0,0.053,0.047,1.0,0.0596,0.63,0.778,12.0,1.0
1973_08,41,1973/08/IMG_0073_2R.tif,0,59,551,826,862,150,таблица,,2.0,1.0,9.0,0.185,0.047,1.0,0.0547,0.732,1.0,6.0,1.0
1973_08,58,1973/08/IMG_0082_1L.tif,0,54,1124,829,1385,150,таблица,,5.0,1.0,7.0,0.25,0.077,1.0,0.0692,0.741,1.0,10.0,1.0
1973_09,3,1973/09/IMG_0104_2R.tif,0,71,90,823,1403,150,нет,"не таблица: рёбер на месте 48%, букв в краске 40%, колонок 2",2.0,6.0,2.0,0.102,0.096,1.0,0.0582,0.403,0.481,6.0,0.833
1973_09,4,1973/09/IMG_0105_1L.tif,0,64,91,828,1418,150,нет,"одна вертикаль и всего 2 ячейки — это колонтитул, а не таблица",1.0,2.0,0.0,0.0,0.107,0.0,0.0614,0.834,0.714,2.0,1.0
1973_09,10,1973/09/IMG_0108_1L.tif,0,59,159,836,507,150,таблица,,5.0,3.0,8.0,0.128,0.035,1.0,0.0696,0.711,0.842,18.0,1.0
1973_09,37,1973/09/IMG_0121_2R.tif,0,72,197,828,430,150,таблица,,15.0,2.0,2.0,0.065,0.044,1.0,0.077,0.663,0.809,25.0,0.96
1973_09,39,1973/09/IMG_0122_2R.tif,0,71,1207,822,1408,150,таблица,,2.0,1.0,2.0,0.03,0.089,1.0,0.0946,0.777,1.0,6.0,1.0
1973_09,46,1973/09/IMG_0126_1L.tif,0,58,1181,836,1443,150,таблица,,3.0,1.0,5.0,0.126,0.055,1.0,0.0807,0.775,0.9,7.0,0.857
1973_09,48,1973/09/IMG_0127_1L.tif,0,61,205,837,585,150,таблица,,5.0,2.0,5.0,0.102,0.04,1.0,0.0605,0.714,0.864,13.0,0.846
1973_09,51,1973/09/IMG_0128_2R.tif,0,72,112,824,357,150,таблица,,5.0,2.0,7.0,0.139,0.057,1.0,0.0612,0.621,0.727,8.0,1.0
1973_09,51,1973/09/IMG_0128_2R.tif,1,71,422,818,714,150,таблица,,3.0,3.0,5.0,0.097,0.052,1.0,0.0497,0.609,0.824,9.0,1.0
1973_09,51,1973/09/IMG_0128_2R.tif,2,72,1191,822,1424,150,таблица,,4.0,2.0,3.0,0.064,0.057,1.0,0.0634,0.649,0.818,11.0,1.0
1973_09,65,1973/09/IMG_0135_2R.tif,0,64,606,820,967,150,таблица,,9.0,1.0,2.0,0.048,0.036,1.0,0.0825,0.781,1.0,12.0,1.0
1973_10,3,1973/10/IMG_0159_2R.tif,0,54,90,827,1425,150,нет,"одна вертикаль, и краска на 61% состоит из штрихов",1.0,4.0,2.0,0.119,0.087,0.0,0.0554,0.395,0.7,5.0,0.6
1973_10,4,1973/10/IMG_0160_1L.tif,0,66,90,812,1450,150,нет,"одна вертикаль и всего 2 ячейки — это колонтитул, а не таблица",1.0,2.0,0.0,0.0,0.099,0.0,0.067,0.844,0.714,2.0,1.0
1973_10,6,1973/10/IMG_0161_1L.tif,0,79,167,807,543,150,таблица,,7.0,2.0,2.0,0.06,0.034,1.0,0.0828,0.749,0.811,19.0,0.947
1973_10,11,1973/10/IMG_0163_2R.tif,0,51,874,827,1274,150,таблица,,7.0,3.0,2.0,0.032,0.044,1.0,0.0824,0.773,0.763,16.0,0.938
1973_10,12,1973/10/IMG_0164_1L.tif,0,46,146,834,527,150,таблица,,3.0,2.0,8.0,0.218,0.027,1.0,0.052,0.718,0.824,9.0,1.0
1973_10,27,1973/10/IMG_0171_2R.tif,0,617,1111,826,1332,150,таблица,,4.0,3.0,0.0,0.0,0.11,1.0,0.0892,0.73,0.45,8.0,0.625
1973_10,45,1973/10/IMG_0180_2R.tif,0,58,239,824,668,150,таблица,,7.0,3.0,4.0,0.086,0.056,1.0,0.0617,0.75,0.833,13.0,1.0
1973_10,48,1973/10/IMG_0182_1L.tif,0,64,154,809,579,150,таблица,,12.0,3.0,6.0,0.115,0.034,1.0,0.0716,0.686,0.83,22.0,1.0
1973_10,51,1973/10/IMG_0183_2R.tif,0,104,85,802,1410,150,нет,"не таблица: рёбер на месте 58%, букв в краске 32%, колонок 41",41.0,42.0,3.0,0.412,0.016,1.0,0.0248,0.324,0.58,167.0,0.437
1973_10,62,1973/10/IMG_0189_1L.tif,0,69,390,812,907,150,таблица,,2.0,2.0,11.0,0.224,0.035,1.0,0.0631,0.809,0.833,7.0,1.0
1973_10,71,1973/10/IMG_0193_2R.tif,0,41,1081,828,1397,150,таблица,,18.0,3.0,6.0,0.095,0.034,1.0,0.1017,0.658,0.657,28.0,1.0
1973_11,3,1973/11/IMG_0209_2R.tif,0,51,90,811,1400,150,таблица,,2.0,7.0,2.0,0.107,0.089,1.0,0.0541,0.421,0.5,4.0,0.75
1973_11,4,1973/11/IMG_0210_1L.tif,0,49,88,804,1405,150,нет,"одна вертикаль и всего 2 ячейки — это колонтитул, а не таблица",1.0,2.0,0.0,0.0,0.148,0.0,0.0476,0.82,0.714,2.0,1.0
1973_11,41,1973/11/IMG_0228_2R.tif,0,46,113,810,305,150,таблица,,4.0,1.0,19.0,0.381,0.046,1.0,0.0519,0.562,0.818,10.0,0.9
1973_11,52,1973/11/IMG_0234_1L.tif,0,48,946,812,1150,150,таблица,,6.0,1.0,7.0,0.106,0.059,1.0,0.0661,0.666,1.0,14.0,0.929
1973_11,53,1973/11/IMG_0234_2R.tif,0,54,115,815,335,150,таблица,,8.0,1.0,6.0,0.091,0.057,1.0,0.0606,0.628,0.812,14.0,0.929
1973_11,67,1973/11/IMG_0241_2R.tif,0,49,820,808,993,150,таблица,,6.0,2.0,3.0,0.089,0.045,1.0,0.0588,0.665,0.773,11.0,0.909
1973_11,80,1973/11/IMG_0248_1L.tif,0,104,189,752,503,150,таблица,,2.0,1.0,3.0,0.073,0.066,1.0,0.0644,0.782,1.0,4.0,0.75
1973_11,82,1973/11/IMG_0249_1L.tif,0,56,210,808,605,150,таблица,,2.0,2.0,1.0,0.031,0.1,1.0,0.0831,0.857,1.0,4.0,0.75
1973_11,83,1973/11/IMG_0249_2R.tif,0,53,1074,810,1389,150,таблица,,2.0,1.0,3.0,0.089,0.07,1.0,0.0513,0.676,1.0,6.0,0.833
1973_11,84,1973/11/IMG_0250_1L.tif,0,101,1173,761,1399,150,таблица,,3.0,1.0,4.0,0.074,0.071,1.0,0.0654,0.731,1.0,6.0,0.833
1973_12,3,1973/12/IMG_0259_2R.tif,0,66,90,811,1394,150,нет,"не таблица: рёбер на месте 41%, букв в краске 43%, колонок 3",3.0,4.0,3.0,0.098,0.082,0.0,0.0624,0.427,0.412,4.0,0.75
1973_12,4,1973/12/IMG_0260_1L.tif,0,53,91,826,1414,150,таблица,,2.0,2.0,0.0,0.0,0.102,0.0,0.0597,0.852,0.571,1.0,1.0
1973_12,82,1973/12/IMG_0299_1L.tif,0,46,626,822,1371,150,таблица,,2.0,1.0,2.0,0.04,0.066,1.0,0.0746,0.878,1.0,6.0,1.0
1973_12,83,1973/12/IMG_0299_2R.tif,0,49,152,824,1371,150,таблица,,2.0,1.0,2.0,0.047,0.129,1.0,0.1019,0.926,1.0,6.0,1.0
1973_12,84,1973/12/IMG_0300_1L.tif,0,37,160,842,1366,150,таблица,,2.0,1.0,2.0,0.044,0.111,1.0,0.0836,0.914,1.0,6.0,1.0
1973_12,85,1973/12/IMG_0300_2R.tif,0,74,149,802,1376,150,таблица,,8.0,1.0,0.0,0.0,0.07,1.0,0.073,0.911,0.692,6.0,1.0
1973_12,86,1973/12/IMG_0301_1L.tif,0,67,163,764,1432,150,таблица,,5.0,1.0,2.0,0.052,0.071,1.0,0.061,0.884,0.688,7.0,0.857
1973_12,87,1973/12/IMG_0301_2R.tif,0,54,153,847,1409,150,таблица,,12.0,2.0,0.0,0.0,0.048,1.0,0.0607,0.817,0.574,13.0,0.846
1973_12,88,1973/12/IMG_0302_1L.tif,0,38,157,836,1413,150,таблица,,7.0,2.0,1.0,0.012,0.068,1.0,0.0703,0.842,0.704,11.0,1.0
1973_12,89,1973/12/IMG_0302_2R.tif,0,51,151,832,1410,150,таблица,,8.0,2.0,0.0,0.0,0.065,1.0,0.0697,0.843,0.571,11.0,1.0
1973_12,90,1973/12/IMG_0303_1L.tif,0,23,155,838,1444,150,таблица,,10.0,2.0,1.0,0.017,0.063,1.0,0.0642,0.829,0.649,12.0,0.833
1974_01,3,1974/01/IMG_0004_2R.tif,0,50,90,824,1413,150,нет,"одна вертикаль, и краска на 58% состоит из штрихов",1.0,4.0,3.0,0.072,0.085,0.0,0.062,0.423,0.6,4.0,0.75
1974_01,4,1974/01/IMG_0005_1_1L.tif,0,58,86,808,1448,150,нет,"одна вертикаль и всего 2 ячейки — это колонтитул, а не таблица",1.0,2.0,0.0,0.0,0.137,0.0,0.0518,0.823,0.714,2.0,1.0
1974_01,29,1974/01/IMG_0017_2R.tif,0,53,563,820,1149,150,нет,"не таблица: рёбер на месте 55%, букв в краске 21%, колонок 80",80.0,22.0,11.0,0.371,0.014,1.0,0.0463,0.21,0.549,208.0,0.111
1974_01,36,1974/01/IMG_0021_1L.tif,0,54,360,809,1255,150,таблица,,35.0,21.0,0.0,0.0,0.081,1.0,0.0594,0.64,0.469,55.0,0.491
1974_01,37,1974/01/IMG_0021_2R.tif,0,104,267,775,452,150,нет,"одна вертикаль и всего 2 ячейки — это колонтитул, а не таблица",1.0,1.0,3.0,0.128,0.115,1.0,0.0661,0.748,0.75,2.0,1.0
1974_01,65,1974/01/IMG_0035_2R.tif,0,105,1234,767,1408,150,таблица,,1.0,1.0,3.0,0.168,0.109,1.0,0.0485,0.636,1.0,4.0,1.0
1974_01,68,1974/01/IMG_0037_1L.tif,0,67,708,807,1321,150,таблица,,13.0,2.0,0.0,0.0,0.045,1.0,0.059,0.699,0.682,18.0,0.611
1974_01,89,1974/01/IMG_0047_2R.tif,0,45,1030,821,1429,150,таблица,,6.0,2.0,1.0,0.045,0.046,1.0,0.0664,0.762,0.818,12.0,0.833
1974_02,3,1974/02/IMG_0054_2R.tif,0,55,91,827,1386,150,таблица,,2.0,4.0,2.0,0.119,0.093,1.0,0.0618,0.428,0.471,4.0,0.75
1974_02,4,1974/02/IMG_0055_1L.tif,0,71,94,814,1407,150,нет,"одна вертикаль и всего 1 ячейки — это колонтитул, а не таблица",1.0,2.0,0.0,0.0,0.122,0.0,0.0453,0.797,0.571,1.0,1.0
1974_02,28,1974/02/IMG_0067_1L.tif,0,87,470,827,670,150,таблица,,9.0,2.0,8.0,0.136,0.047,1.0,0.0619,0.638,0.781,14.0,1.0
1974_02,38,1974/02/IMG_0072_1L.tif,0,69,345,820,820,150,таблица,,18.0,3.0,1.0,0.02,0.047,1.0,0.0887,0.744,0.712,24.0,0.958
1974_02,65,1974/02/IMG_0085_2R.tif,0,65,1123,818,1377,150,таблица,,2.0,2.0,11.0,0.243,0.023,1.0,0.0325,0.54,1.0,9.0,1.0
1974_02,92,1974/02/IMG_0099_1L.tif,0,61,100,833,269,150,таблица,,7.0,2.0,5.0,0.075,0.013,1.0,0.0386,0.465,0.733,17.0,0.471
1974_02,96,1974/02/IMG_0101_1L.tif,0,67,573,818,751,150,таблица,,3.0,2.0,4.0,0.632,0.004,1.0,0.0087,0.207,1.0,6.0,0.333
1974_03,3,1974/03/IMG_0104_2R.tif,0,66,90,808,1394,150,таблица,,2.0,4.0,3.0,0.048,0.103,0.0,0.0594,0.417,0.588,6.0,0.5
1974_03,4,1974/03/IMG_0105_1L.tif,0,58,91,813,1415,150,нет,"одна вертикаль и всего 2 ячейки — это колонтитул, а не таблица",1.0,2.0,0.0,0.0,0.143,0.0,0.0408,0.784,0.714,2.0,1.0
1974_03,55,1974/03/IMG_0130_2R.tif,0,61,368,812,680,150,таблица,,7.0,2.0,6.0,0.149,0.033,1.0,0.0688,0.744,0.667,12.0,1.0
1974_03,57,1974/03/IMG_0131_2R.tif,0,71,1091,804,1395,150,таблица,,6.0,2.0,5.0,0.175,0.035,1.0,0.0584,0.682,0.667,12.0,1.0
1974_03,60,1974/03/IMG_0133_1L.tif,0,58,801,818,1118,150,таблица,,3.0,1.0,6.0,0.237,0.046,1.0,0.0638,0.786,0.9,8.0,1.0
1974_03,61,1974/03/IMG_0133_2R.tif,0,73,297,803,500,150,таблица,,3.0,1.0,7.0,0.251,0.047,1.0,0.0537,0.664,1.0,8.0,1.0
1974_03,79,1974/03/IMG_0142_2R.tif,0,74,309,804,939,150,таблица,,13.0,3.0,2.0,0.029,0.029,1.0,0.0744,0.654,0.736,35.0,0.943
1974_03,80,1974/03/IMG_0143_1L.tif,0,122,820,390,1090,150,нет,"не таблица: рёбер на месте 57%, букв в краске 2%, колонок 2",2.0,4.0,6.0,0.927,0.09,1.0,0.0025,0.017,0.571,3.0,0.0
1974_03,89,1974/03/IMG_0147_2R.tif,0,270,888,617,1150,150,нет,"не таблица: рёбер на месте 52%, букв в краске 40%, колонок 5",5.0,4.0,1.0,0.077,0.308,1.0,0.0633,0.396,0.525,9.0,0.778
1974_04,3,1974/04/IMG_0004_2R.tif,0,69,90,829,1421,150,нет,"не таблица: рёбер на месте 35%, букв в краске 44%, колонок 7",7.0,6.0,2.0,0.122,0.122,1.0,0.0691,0.445,0.352,7.0,0.286
1974_04,4,1974/04/IMG_0005_1L.tif,0,57,88,837,1501,150,нет,"одна вертикаль и всего 1 ячейки — это колонтитул, а не таблица",1.0,2.0,0.0,0.0,0.101,0.0,0.0435,0.764,0.571,1.0,1.0
1974_04,63,1974/04/IMG_0034_2R.tif,0,67,365,828,1092,150,таблица,,34.0,24.0,0.0,0.0,0.068,1.0,0.0565,0.61,0.407,47.0,0.638
1974_04,69,1974/04/IMG_0037_2R.tif,0,59,429,836,948,150,таблица,,8.0,5.0,2.0,0.03,0.046,1.0,0.0591,0.66,0.803,27.0,0.889
1974_04,70,1974/04/IMG_0038_1L.tif,0,71,216,830,609,150,таблица,,6.0,4.0,4.0,0.101,0.024,1.0,0.0454,0.582,0.767,22.0,0.864
1974_04,72,1974/04/IMG_0039_1L.tif,0,79,319,822,630,150,таблица,,21.0,4.0,12.0,0.25,0.013,1.0,0.0617,0.573,0.641,28.0,0.571
1974_04,73,1974/04/IMG_0039_2R.tif,0,67,318,829,488,150,таблица,,2.0,1.0,3.0,0.064,0.109,1.0,0.068,0.696,1.0,4.0,1.0
1974_04,74,1974/04/IMG_0040_1L.tif,0,68,745,829,1269,150,таблица,,11.0,6.0,1.0,0.031,0.014,1.0,0.0313,0.468,0.831,60.0,0.333
1974_04,75,1974/04/IMG_0040_2R.tif,0,66,264,833,1365,150,таблица,,10.0,15.0,3.0,0.05,0.116,1.0,0.0505,0.667,0.522,22.0,0.545
1974_04,97,1974/04/IMG_0051_2R.tif,0,77,908,397,1358,150,нет,"не таблица: рёбер на месте 33%, букв в краске 6%, колонок 8",8.0,13.0,4.0,0.857,0.025,1.0,0.0058,0.065,0.329,7.0,0.143
1974_05,3,1974/05/IMG_0054_2R.tif,0,72,90,822,1394,150,нет,"не таблица: рёбер на месте 43%, букв в краске 39%, колонок 4",4.0,9.0,4.0,0.105,0.094,1.0,0.0554,0.393,0.431,7.0,0.429
1974_05,4,1974/05/IMG_0055_1L.tif,0,73,87,822,1420,150,нет,"одна вертикаль и всего 1 ячейки — это колонтитул, а не таблица",1.0,2.0,0.0,0.0,0.116,0.0,0.0477,0.802,0.571,1.0,1.0
1974_05,39,1974/05/IMG_0072_2R.tif,0,66,109,832,462,150,таблица,,6.0,3.0,2.0,0.132,0.046,1.0,0.0612,0.656,0.714,19.0,0.895
1974_05,49,1974/05/IMG_0077_2R.tif,0,69,519,822,692,150,таблица,,4.0,1.0,8.0,0.245,0.054,1.0,0.0647,0.656,1.0,10.0,1.0
1974_05,50,1974/05/IMG_0078_1L.tif,0,73,699,824,1039,150,таблица,,4.0,2.0,5.0,0.128,0.059,1.0,0.0644,0.703,0.773,10.0,1.0
1974_05,51,1974/05/IMG_0078_2R.tif,0,59,368,828,1002,150,таблица,,19.0,3.0,1.0,0.021,0.047,1.0,0.0976,0.762,0.872,26.0,1.0
1974_05,52,1974/05/IMG_0079_1L.tif,0,72,401,825,601,150,таблица,,3.0,1.0,5.0,0.167,0.106,1.0,0.0559,0.686,1.0,6.0,1.0
1974_05,55,1974/05/IMG_0080_2R.tif,0,69,448,824,650,150,таблица,,4.0,2.0,8.0,0.191,0.035,1.0,0.0457,0.589,0.636,9.0,1.0
1974_05,68,1974/05/IMG_0087_1L.tif,0,190,416,676,606,150,нет,"не таблица: рёбер на месте 45%, букв в краске 31%, колонок 10",10.0,11.0,1.0,0.021,0.067,1.0,0.0663,0.313,0.451,15.0,0.2
1974_05,68,1974/05/IMG_0087_1L.tif,1,167,649,678,860,150,нет,"не таблица: рёбер на месте 59%, букв в краске 40%, колонок 3",3.0,7.0,0.0,0.0,0.063,1.0,0.0854,0.405,0.591,8.0,0.375
1974_05,69,1974/05/IMG_0087_2R.tif,0,82,407,818,985,150,таблица,,6.0,3.0,4.0,0.125,0.056,1.0,0.0722,0.778,0.852,16.0,1.0
1974_05,74,1974/05/IMG_0090_1L.tif,0,73,458,824,1121,150,таблица,,5.0,9.0,3.0,0.095,0.036,1.0,0.0805,0.825,0.541,16.0,1.0
1974_06,3,1974/06/IMG_0104_2R.tif,0,68,90,813,1388,150,нет,"не таблица: рёбер на месте 45%, букв в краске 41%, колонок 5",5.0,5.0,3.0,0.096,0.091,1.0,0.0588,0.408,0.452,6.0,0.5
1974_06,4,1974/06/IMG_0105_1L.tif,0,64,90,817,1406,150,нет,"одна вертикаль и всего 1 ячейки — это колонтитул, а не таблица",1.0,4.0,0.0,0.0,0.098,0.0,0.0585,0.83,0.571,1.0,1.0
1974_06,24,1974/06/IMG_0115_1L.tif,0,66,1192,820,1396,150,таблица,,12.0,2.0,19.0,0.446,0.013,1.0,0.0518,0.541,0.923,29.0,0.655
1974_06,73,1974/06/IMG_0139_2R.tif,0,72,602,811,915,150,таблица,,3.0,3.0,5.0,0.117,0.049,1.0,0.0418,0.612,0.833,12.0,1.0
1974_06,97,1974/06/IMG_0151_2R.tif,0,63,301,446,516,150,таблица,,11.0,2.0,0.0,0.0,0.021,1.0,0.0499,0.527,0.762,18.0,0.5
1974_07,3,1974/07/IMG_0004_2R.tif,0,60,91,801,1376,150,нет,"не таблица: рёбер на месте 41%, букв в краске 41%, колонок 2",2.0,9.0,3.0,0.108,0.09,1.0,0.0602,0.411,0.406,6.0,0.667
1974_07,4,1974/07/IMG_0005_1L.tif,0,64,90,796,1410,150,нет,"одна вертикаль и всего 2 ячейки — это колонтитул, а не таблица",1.0,2.0,0.0,0.0,0.119,0.0,0.0623,0.839,0.714,2.0,1.0
1974_07,29,1974/07/IMG_0017_2R.tif,0,53,313,807,796,150,таблица,,7.0,4.0,4.0,0.069,0.024,1.0,0.0531,0.656,0.825,20.0,0.85
1974_07,67,1974/07/IMG_0036_2R.tif,0,64,491,797,871,150,таблица,,3.0,1.0,4.0,0.054,0.076,1.0,0.0983,0.853,1.0,6.0,1.0
1974_08,3,1974/08/IMG_0054_2R.tif,0,55,90,779,1361,150,нет,"не таблица: рёбер на месте 60%, букв в краске 40%, колонок 2",2.0,4.0,3.0,0.13,0.091,0.0,0.0561,0.399,0.6,4.0,0.75
1974_08,4,1974/08/IMG_0055_1L.tif,0,52,89,783,1370,150,нет,"одна вертикаль и всего 2 ячейки — это колонтитул, а не таблица",1.0,2.0,0.0,0.0,0.148,0.0,0.0678,0.841,0.714,2.0,1.0
1974_08,27,1974/08/IMG_0066_2R.tif,0,56,575,782,1033,150,таблица,,2.0,2.0,1.0,0.028,0.066,1.0,0.0881,0.85,0.75,6.0,1.0
1974_08,58,1974/08/IMG_0082_1L.tif,0,54,1097,788,1374,150,таблица,,8.0,3.0,6.0,0.203,0.01,1.0,0.0229,0.368,0.759,20.0,0.6
1974_08,96,1974/08/IMG_0101_1L.tif,0,43,1086,808,1353,150,таблица,,6.0,2.0,4.0,0.054,0.093,1.0,0.0514,0.663,0.741,12.0,0.917
1974_09,3,1974/09/IMG_0104_2R.tif,0,61,89,800,1318,150,нет,"не таблица: рёбер на месте 29%, букв в краске 41%, колонок 2",2.0,4.0,2.0,0.158,0.108,0.0,0.0592,0.412,0.294,2.0,0.5
1974_09,4,1974/09/IMG_0105_1L.tif,0,53,88,799,1357,150,нет,"одна вертикаль и всего 2 ячейки — это колонтитул, а не таблица",1.0,2.0,0.0,0.0,0.11,0.0,0.0625,0.832,0.714,2.0,1.0
1974_09,21,1974/09/IMG_0113_2R.tif,0,70,261,788,1213,150,таблица,,3.0,2.0,1.0,0.013,0.086,1.0,0.0904,0.862,0.706,8.0,1.0
1974_09,22,1974/09/IMG_0114_1L.tif,0,57,250,800,718,150,таблица,,5.0,2.0,5.0,0.079,0.057,1.0,0.1168,0.84,0.63,9.0,1.0
1974_09,45,1974/09/IMG_0125_2R.tif,0,66,529,793,933,150,таблица,,4.0,4.0,3.0,0.077,0.034,1.0,0.0631,0.707,0.725,18.0,0.833
1974_10,3,1974/10/IMG_0004_2R.tif,0,50,91,791,1386,150,нет,"не таблица: рёбер на месте 47%, букв в краске 39%, колонок 5",5.0,4.0,4.0,0.11,0.084,0.0,0.0553,0.392,0.471,4.0,0.75
1974_10,4,1974/10/IMG_0005_1L.tif,0,52,90,779,1381,150,нет,"одна вертикаль и всего 2 ячейки — это колонтитул, а не таблица",1.0,2.0,0.0,0.0,0.114,0.0,0.0658,0.842,0.714,2.0,1.0
1974_10,54,1974/10/IMG_0029_1L.tif,0,56,609,772,839,150,нет,"не таблица: рёбер на месте 38%, букв в краске 16%, колонок 2",2.0,0.0,7.0,0.259,0.008,1.0,0.0116,0.156,0.385,5.0,0.6
1974_10,54,1974/10/IMG_0029_1L.tif,1,71,1027,777,1259,150,нет,нет внутренних вертикальных линеек — это рамка вокруг текста,0.0,1.0,1.0,0.023,0.023,0.0,0.0158,0.193,0.273,3.0,0.667
1974_10,56,1974/10/IMG_0030_1L.tif,0,56,352,787,733,150,таблица,,10.0,0.0,4.0,0.903,0.008,0.0,0.0031,0.035,1.0,9.0,0.444
1974_10,67,1974/10/IMG_0035_2R.tif,0,46,162,791,444,150,таблица,,4.0,1.0,4.0,0.082,0.034,1.0,0.0812,0.779,1.0,8.0,1.0
1974_10,92,1974/10/IMG_0048_1L.tif,0,48,514,784,927,150,таблица,,12.0,7.0,0.0,0.0,0.088,1.0,0.0692,0.568,0.567,20.0,0.85
1974_10,96,1974/10/IMG_0050_1L.tif,0,32,1173,799,1416,150,таблица,,9.0,2.0,8.0,0.282,0.03,1.0,0.0479,0.585,0.812,14.0,0.5
1974_10,97,1974/10/IMG_0050_2R.tif,0,76,571,759,794,150,нет,нет внутренних вертикальных линеек — это рамка вокруг текста,0.0,3.0,1.0,0.022,0.103,0.0,0.0317,0.395,1.0,1.0,0.0
1974_11,3,1974/11/IMG_0053_2R.tif,0,60,93,790,1365,150,таблица,,3.0,4.0,2.0,0.132,0.096,0.0,0.0572,0.411,0.471,4.0,0.75
1974_11,4,1974/11/IMG_0054_1L.tif,0,59,90,789,1372,150,нет,"одна вертикаль и всего 1 ячейки — это колонтитул, а не таблица",1.0,2.0,0.0,0.0,0.115,0.0,0.0525,0.81,0.571,1.0,1.0
1974_11,17,1974/11/IMG_0060_2R.tif,0,56,181,793,571,150,таблица,,8.0,2.0,2.0,0.033,0.065,1.0,0.0844,0.771,0.704,11.0,1.0
1974_11,17,1974/11/IMG_0060_2R.tif,1,53,1022,793,1244,150,таблица,,12.0,3.0,4.0,0.081,0.055,1.0,0.0601,0.603,0.838,20.0,0.9
1974_11,18,1974/11/IMG_0061_1L.tif,0,49,1095,799,1347,150,таблица,,6.0,2.0,9.0,0.222,0.047,1.0,0.0496,0.63,0.941,11.0,1.0
1974_11,48,1974/11/IMG_0076_1L.tif,0,56,512,790,929,150,таблица,,11.0,3.0,4.0,0.079,0.033,1.0,0.0702,0.656,0.848,30.0,1.0
1974_11,50,1974/11/IMG_0077_1L.tif,0,50,1055,797,1358,150,таблица,,9.0,3.0,7.0,0.155,0.035,1.0,0.0586,0.627,0.846,24.0,1.0
1974_11,66,1974/11/IMG_0085_1L.tif,0,56,967,793,1220,150,таблица,,9.0,3.0,4.0,0.081,0.035,1.0,0.0417,0.554,0.839,15.0,1.0
1974_12,3,1974/12/IMG_0103_2R.tif,0,60,89,786,1361,150,нет,"не таблица: рёбер на месте 34%, букв в краске 43%, колонок 7",7.0,4.0,2.0,0.096,0.09,1.0,0.0621,0.432,0.342,5.0,0.6
1974_12,4,1974/12/IMG_0104_1L.tif,0,48,90,797,1364,150,нет,"одна вертикаль и всего 2 ячейки — это колонтитул, а не таблица",1.0,2.0,0.0,0.0,0.126,0.0,0.0545,0.818,0.714,2.0,1.0
1974_12,30,1974/12/IMG_0117_1L.tif,0,52,288,794,482,150,таблица,,6.0,2.0,3.0,0.059,0.047,1.0,0.0848,0.692,0.656,10.0,1.0
1974_12,31,1974/12/IMG_0117_2R.tif,0,72,154,773,326,150,таблица,,5.0,2.0,3.0,0.061,0.041,1.0,0.0615,0.654,0.682,9.0,0.889
1974_12,38,1974/12/IMG_0121_1L.tif,0,49,346,792,949,150,нет,"не таблица: рёбер на месте 39%, букв в краске 45%, колонок 15",15.0,7.0,3.0,0.217,0.058,1.0,0.0474,0.454,0.39,15.0,0.6
1974_12,38,1974/12/IMG_0121_1L.tif,1,45,986,793,1316,150,таблица,,13.0,1.0,4.0,0.187,0.051,1.0,0.1112,0.598,0.675,15.0,0.467
1974_12,40,1974/12/IMG_0122_1L.tif,0,60,275,798,724,150,нет,"не таблица: рёбер на месте 39%, букв в краске 42%, колонок 13",13.0,10.0,1.0,0.014,0.162,1.0,0.0473,0.423,0.393,19.0,0.474
1974_12,40,1974/12/IMG_0122_1L.tif,1,53,788,797,984,150,таблица,,8.0,0.0,5.0,0.359,0.093,0.0,0.0752,0.465,1.0,9.0,0.556
1974_12,41,1974/12/IMG_0122_2R.tif,0,64,219,788,1109,150,таблица,,14.0,12.0,7.0,0.185,0.032,1.0,0.0327,0.232,0.829,161.0,0.304
1974_12,42,1974/12/IMG_0123_1L.tif,0,47,692,274,1036,150,нет,нет внутренних вертикальных линеек — это рамка вокруг текста,0.0,6.0,0.0,0.0,0.454,1.0,0.0809,0.413,0.684,8.0,0.5
1974_12,42,1974/12/IMG_0123_1L.tif,1,622,787,802,1037,150,таблица,,2.0,1.0,1.0,0.295,0.281,0.0,0.1074,0.51,0.714,4.0,0.75
1974_12,45,1974/12/IMG_0124_2R.tif,0,67,221,776,791,150,таблица,,8.0,4.0,5.0,0.118,0.032,1.0,0.0814,0.722,0.885,26.0,1.0
1974_12,46,1974/12/IMG_0125_1L.tif,0,239,89,679,1353,150,таблица,,2.0,9.0,1.0,0.038,0.025,1.0,0.0726,0.78,0.571,10.0,1.0
1974_12,49,1974/12/IMG_0126_2R.tif,0,69,177,777,536,150,таблица,,5.0,3.0,1.0,0.03,0.045,1.0,0.0616,0.689,0.806,15.0,0.867
1974_12,50,1974/12/IMG_0127_1L.tif,0,55,671,796,896,150,таблица,,4.0,2.0,6.0,0.177,0.053,1.0,0.0477,0.592,0.864,13.0,0.923
1974_12,58,1974/12/IMG_0131_1L.tif,0,50,89,793,1324,150,нет,"не таблица: рёбер на месте 26%, букв в краске 49%, колонок 35",35.0,49.0,1.0,0.017,0.048,1.0,0.0786,0.485,0.255,54.0,0.556
1974_12,69,1974/12/IMG_0136_2R.tif,0,250,485,693,765,150,нет,"не таблица: рёбер на месте 63%, букв в краске 5%, колонок 10",10.0,11.0,8.0,0.582,0.027,1.0,0.0075,0.05,0.635,55.0,0.327
1974_12,74,1974/12/IMG_0139_1L.tif,0,568,477,781,748,150,нет,"одна вертикаль, и краска на 90% состоит из штрихов",1.0,5.0,0.0,0.0,0.019,1.0,0.0225,0.1,0.769,8.0,1.0
1975_01,3,1975/01/IMG_0004_2R.tif,0,90,91,837,1373,150,нет,"не таблица: рёбер на месте 34%, букв в краске 40%, колонок 8",8.0,5.0,3.0,0.082,0.1,1.0,0.0571,0.399,0.345,6.0,0.5
1975_01,4,1975/01/IMG_0005_1L.tif,0,87,94,834,1396,150,нет,"одна вертикаль и всего 1 ячейки — это колонтитул, а не таблица",1.0,2.0,0.0,0.0,0.1,0.0,0.0491,0.779,0.571,1.0,1.0
1975_01,15,1975/01/IMG_0010_2R.tif,0,87,186,835,353,150,таблица,,3.0,1.0,11.0,0.331,0.047,1.0,0.0612,0.651,1.0,8.0,1.0
1975_01,45,1975/01/IMG_0025_2R.tif,0,89,1064,837,1233,150,таблица,,3.0,2.0,6.0,0.27,0.057,1.0,0.084,0.678,0.647,6.0,1.0
1975_01,47,1975/01/IMG_0026_2R.tif,0,90,384,839,671,150,таблица,,4.0,2.0,6.0,0.151,0.056,1.0,0.091,0.775,0.727,10.0,1.0
1975_01,72,1975/01/IMG_0039_1L.tif,0,99,768,832,1245,150,таблица,,11.0,4.0,2.0,0.026,0.064,1.0,0.0601,0.696,0.904,29.0,0.931
1975_01,75,1975/01/IMG_0040_2R.tif,0,96,1107,842,1390,150,таблица,,3.0,1.0,4.0,0.083,0.058,1.0,0.0745,0.754,1.0,8.0,1.0
1975_01,80,1975/01/IMG_0043_1L.tif,0,104,1081,824,1234,150,нет,нет внутренних вертикальных линеек — это рамка вокруг текста,0.0,0.0,0.0,0.0,0.385,0.0,0.1657,0.846,0.0,1.0,1.0
1975_02,3,1975/02/IMG_0053_2R.tif,0,64,95,781,1377,150,нет,"не таблица: рёбер на месте 34%, букв в краске 42%, колонок 5",5.0,4.0,2.0,0.036,0.078,0.0,0.0601,0.423,0.342,4.0,0.75
1975_02,4,1975/02/IMG_0054_1L.tif,0,58,97,792,1385,150,нет,"одна вертикаль и всего 2 ячейки — это колонтитул, а не таблица",1.0,2.0,0.0,0.0,0.108,0.0,0.0622,0.848,0.714,2.0,1.0
1975_02,32,1975/02/IMG_0068_1L.tif,0,57,473,793,891,150,таблица,,4.0,2.0,0.0,0.0,0.043,1.0,0.0653,0.707,0.636,7.0,1.0
1975_02,33,1975/02/IMG_0068_2R.tif,0,34,619,805,956,150,таблица,,7.0,2.0,7.0,0.151,0.044,1.0,0.083,0.754,0.75,13.0,1.0
1975_02,35,1975/02/IMG_0069_2R.tif,0,61,704,784,1239,150,таблица,,8.0,5.0,7.0,0.127,0.053,1.0,0.0694,0.713,0.933,34.0,0.971
1975_02,37,1975/02/IMG_0070_2R.tif,0,51,622,794,1043,150,таблица,,5.0,3.0,9.0,0.183,0.05,1.0,0.057,0.707,0.903,18.0,0.944
1975_02,42,1975/02/IMG_0073_1L.tif,0,86,422,408,615,150,нет,"не таблица: рёбер на месте 69%, букв в краске 4%, колонок 7",7.0,4.0,3.0,0.668,0.014,1.0,0.0092,0.043,0.694,30.0,0.167
1975_02,66,1975/02/IMG_0085_1L.tif,0,48,964,810,1169,150,таблица,,16.0,2.0,1.0,0.024,0.034,1.0,0.08,0.676,0.731,19.0,0.947
1975_02,67,1975/02/IMG_0085_2R.tif,0,59,422,783,621,150,таблица,,9.0,3.0,9.0,0.183,0.046,1.0,0.0741,0.637,0.61,16.0,1.0
1975_02,67,1975/02/IMG_0085_2R.tif,1,58,818,784,1178,150,таблица,,9.0,2.0,5.0,0.156,0.037,1.0,0.0483,0.576,0.638,20.0,0.8
1975_02,93,1975/02/IMG_0098_2R.tif,0,73,131,788,467,150,таблица,,5.0,1.0,4.0,0.085,0.046,1.0,0.0665,0.719,0.824,8.0,1.0
1975_03,3,1975/03/IMG_0103_2R.tif,0,66,93,770,1379,150,нет,"не таблица: рёбер на месте 48%, букв в краске 40%, колонок 4",4.0,5.0,2.0,0.11,0.08,1.0,0.0576,0.4,0.484,6.0,0.667
1975_03,4,1975/03/IMG_0104_1L.tif,0,48,96,790,1384,150,нет,"одна вертикаль и всего 2 ячейки — это колонтитул, а не таблица",1.0,2.0,0.0,0.0,0.1,0.0,0.0601,0.837,0.714,2.0,1.0
1975_03,80,1975/03/IMG_0142_1L.tif,0,46,708,787,909,150,таблица,,4.0,2.0,5.0,0.111,0.072,1.0,0.0567,0.596,0.773,10.0,1.0
1975_03,81,1975/03/IMG_0142_2R.tif,0,56,363,782,589,150,таблица,,3.0,1.0,5.0,0.22,0.045,1.0,0.064,0.721,1.0,6.0,1.0
1975_04,3,1975/04/IMG_0004_2R.tif,0,103,92,858,1391,150,нет,"не таблица: рёбер на месте 38%, букв в краске 39%, колонок 3",3.0,4.0,3.0,0.122,0.077,1.0,0.0558,0.395,0.375,4.0,0.75
1975_04,4,1975/04/IMG_0005_1L.tif,0,108,91,849,1404,150,нет,"одна вертикаль и всего 1 ячейки — это колонтитул, а не таблица",1.0,2.0,0.0,0.0,0.127,0.0,0.0588,0.792,0.571,1.0,1.0
1975_04,85,1975/04/IMG_0045_2R.tif,0,91,1096,866,1405,150,таблица,,6.0,4.0,5.0,0.176,0.044,1.0,0.0445,0.581,0.75,16.0,1.0
1975_05,3,1975/05/IMG_0054_2R.tif,0,54,96,796,1393,150,нет,"не таблица: рёбер на месте 53%, букв в краске 37%, колонок 2",2.0,4.0,3.0,0.097,0.078,0.0,0.0505,0.369,0.529,4.0,0.5
1975_05,4,1975/05/IMG_0055_1L.tif,0,51,92,797,1380,150,нет,"одна вертикаль и всего 1 ячейки — это колонтитул, а не таблица",1.0,2.0,0.0,0.0,0.095,0.0,0.0521,0.82,0.571,1.0,1.0
1975_05,21,1975/05/IMG_0063_2R.tif,0,58,435,789,661,150,таблица,,5.0,2.0,3.0,0.064,0.048,1.0,0.0947,0.731,0.818,13.0,1.0
1975_05,85,1975/05/IMG_0095_2R.tif,0,303,603,790,879,150,таблица,,6.0,3.0,3.0,0.093,0.154,1.0,0.0449,0.611,0.667,9.0,0.556
1975_05,85,1975/05/IMG_0095_2R.tif,1,31,956,776,1376,150,таблица,,11.0,2.0,2.0,0.062,0.132,1.0,0.0505,0.602,0.702,18.0,0.5
1975_05,86,1975/05/IMG_0096_1L.tif,0,44,172,805,638,150,таблица,,16.0,3.0,4.0,0.091,0.085,1.0,0.0375,0.559,0.678,19.0,0.526
1975_05,86,1975/05/IMG_0096_1L.tif,1,44,675,808,1080,150,таблица,,7.0,3.0,7.0,0.253,0.064,1.0,0.0342,0.533,0.658,14.0,0.429
1975_05,87,1975/05/IMG_0096_2R.tif,0,36,339,814,1391,150,таблица,,11.0,3.0,8.0,0.244,0.091,1.0,0.0391,0.607,0.746,23.0,0.522
1975_05,88,1975/05/IMG_0097_1L.tif,0,48,172,803,342,150,нет,"не таблица: рёбер на месте 64%, букв в краске 28%, колонок 8",8.0,2.0,7.0,0.539,0.039,1.0,0.0209,0.285,0.643,14.0,0.786
1975_05,88,1975/05/IMG_0097_1L.tif,1,47,568,804,809,150,нет,"не таблица: рёбер на месте 59%, букв в краске 39%, колонок 8",8.0,4.0,4.0,0.137,0.049,1.0,0.0304,0.387,0.592,14.0,0.857
1975_05,91,1975/05/IMG_0098_2R.tif,0,51,100,791,1225,150,таблица,,12.0,13.0,1.0,0.014,0.162,1.0,0.0939,0.437,0.614,75.0,0.44
1975_06,3,1975/06/IMG_0104_2R.tif,0,71,95,793,1383,150,таблица,,2.0,4.0,1.0,0.046,0.111,0.0,0.0616,0.413,0.471,4.0,0.75
1975_06,4,1975/06/IMG_0105_1L.tif,0,67,98,802,1389,150,нет,"одна вертикаль и всего 2 ячейки — это колонтитул, а не таблица",1.0,2.0,0.0,0.0,0.114,0.0,0.0681,0.854,0.714,2.0,1.0
1975_06,17,1975/06/IMG_0111_2R.tif,0,65,452,796,734,150,таблица,,22.0,10.0,0.0,0.0,0.036,1.0,0.0772,0.614,0.843,56.0,0.75
1975_06,18,1975/06/IMG_0112_1L.tif,0,63,415,802,697,150,таблица,,16.0,8.0,0.0,0.0,0.014,1.0,0.0629,0.556,0.777,39.0,0.667
1975_06,20,1975/06/IMG_0113_1L.tif,0,63,433,806,638,150,таблица,,12.0,6.0,0.0,0.0,0.044,1.0,0.085,0.59,0.66,30.0,0.967
1975_06,51,1975/06/IMG_0128_2R.tif,0,70,341,791,625,150,таблица,,3.0,1.0,4.0,0.062,0.062,1.0,0.0851,0.764,1.0,6.0,1.0
1975_06,67,1975/06/IMG_0136_2R.tif,0,73,277,788,668,150,таблица,,4.0,7.0,2.0,0.109,0.138,1.0,0.0368,0.446,0.597,19.0,0.632
1975_06,67,1975/06/IMG_0136_2R.tif,1,71,796,789,1253,150,таблица,,1.0,3.0,5.0,0.078,0.162,1.0,0.0466,0.638,1.0,8.0,0.75
1975_06,71,1975/06/IMG_0138_2R.tif,0,68,600,792,855,150,таблица,,22.0,1.0,5.0,0.124,0.011,1.0,0.0894,0.538,0.724,24.0,1.0
1975_06,71,1975/06/IMG_0138_2R.tif,1,68,1023,791,1195,150,таблица,,7.0,2.0,4.0,0.083,0.087,1.0,0.0615,0.597,0.811,17.0,0.529
1975_07,3,1975/07/IMG_0004_2R.tif,0,60,90,804,1361,150,нет,"не таблица: рёбер на месте 37%, букв в краске 43%, колонок 6",6.0,8.0,2.0,0.053,0.079,0.0,0.0615,0.426,0.367,5.0,0.6
1975_07,4,1975/07/IMG_0005_1L.tif,0,66,89,800,1389,150,нет,"одна вертикаль и всего 2 ячейки — это колонтитул, а не таблица",1.0,2.0,0.0,0.0,0.095,0.0,0.0661,0.854,0.714,2.0,1.0
1975_07,7,1975/07/IMG_0006_2R.tif,0,47,223,822,457,150,таблица,,7.0,2.0,9.0,0.267,0.043,1.0,0.054,0.585,0.811,16.0,1.0
1975_07,8,1975/07/IMG_0007_1L.tif,0,69,210,790,423,150,таблица,,5.0,1.0,10.0,0.241,0.048,1.0,0.0477,0.59,1.0,12.0,1.0
1975_07,9,1975/07/IMG_0007_2R.tif,0,52,899,813,1052,150,таблица,,5.0,1.0,9.0,0.199,0.047,1.0,0.064,0.673,1.0,10.0,0.9
1975_07,35,1975/07/IMG_0020_2R.tif,0,61,1087,806,1341,150,таблица,,4.0,2.0,3.0,0.149,0.044,1.0,0.0611,0.688,0.591,8.0,1.0
1975_07,42,1975/07/IMG_0024_1L.tif,0,63,190,751,690,150,таблица,,7.0,3.0,3.0,0.061,0.065,1.0,0.0638,0.716,0.733,16.0,1.0
1975_07,44,1975/07/IMG_0025_1L.tif,0,49,161,721,652,150,таблица,,7.0,1.0,1.0,0.019,0.077,1.0,0.0938,0.808,0.682,9.0,1.0
1975_07,50,1975/07/IMG_0028_1L.tif,0,73,260,800,542,150,таблица,,4.0,1.0,6.0,0.113,0.052,1.0,0.069,0.748,1.0,8.0,1.0
1975_07,55,1975/07/IMG_0030_2R.tif,0,59,1173,805,1366,150,таблица,,6.0,2.0,9.0,0.215,0.055,1.0,0.0694,0.638,0.625,9.0,1.0
1975_07,59,1975/07/IMG_0033_2R.tif,0,437,374,797,734,150,таблица,,7.0,9.0,6.0,0.603,0.017,1.0,0.0026,0.026,0.85,31.0,0.097
1975_07,64,1975/07/IMG_0036_1L.tif,0,91,403,755,799,150,нет,"не таблица: рёбер на месте 40%, букв в краске 20%, колонок 22",22.0,10.0,1.0,0.063,0.124,1.0,0.0301,0.204,0.401,24.0,0.458
1975_07,72,1975/07/IMG_0040_1L.tif,0,169,1195,691,1399,150,таблица,,2.0,2.0,6.0,0.141,0.065,1.0,0.0516,0.636,1.0,9.0,1.0
1975_08,3,1975/08/IMG_0055_2R.tif,0,84,93,814,1387,150,нет,"не таблица: рёбер на месте 54%, букв в краске 40%, колонок 3",3.0,4.0,2.0,0.098,0.095,0.0,0.0582,0.399,0.542,6.0,0.5
1975_08,4,1975/08/IMG_0056_1L.tif,0,78,91,823,1400,150,нет,"одна вертикаль и всего 2 ячейки — это колонтитул, а не таблица",1.0,2.0,0.0,0.0,0.108,0.0,0.0666,0.841,0.714,2.0,1.0
1975_08,39,1975/08/IMG_0073_2R.tif,0,74,102,817,1394,150,таблица,,5.0,2.0,2.0,0.043,0.034,1.0,0.0698,0.794,0.704,12.0,1.0
1975_08,41,1975/08/IMG_0074_2R.tif,0,80,280,819,756,150,таблица,,7.0,2.0,1.0,0.02,0.034,1.0,0.0813,0.783,0.741,12.0,1.0
1975_08,41,1975/08/IMG_0074_2R.tif,1,86,981,829,1407,150,таблица,,12.0,2.0,1.0,0.017,0.054,1.0,0.0681,0.724,0.719,14.0,1.0
1975_08,42,1975/08/IMG_0075_1L.tif,0,78,424,831,851,150,таблица,,4.0,1.0,8.0,0.133,0.037,1.0,0.0625,0.749,1.0,10.0,1.0
1975_08,45,1975/08/IMG_0076_2R.tif,0,73,402,819,993,150,таблица,,26.0,6.0,5.0,0.148,0.028,1.0,0.0355,0.445,0.755,65.0,0.431
1975_08,52,1975/08/IMG_0080_1L.tif,0,83,427,824,632,150,таблица,,13.0,3.0,4.0,0.068,0.023,1.0,0.0708,0.66,0.712,22.0,0.909
1975_09,3,1975/09/IMG_0105_2R.tif,0,92,97,805,1377,150,нет,"одна вертикаль, и краска на 58% состоит из штрихов",1.0,4.0,2.0,0.093,0.103,0.0,0.0633,0.416,0.6,4.0,0.75
1975_09,4,1975/09/IMG_0106_1L.tif,0,79,97,817,1389,150,нет,"одна вертикаль и всего 1 ячейки — это колонтитул, а не таблица",1.0,2.0,0.0,0.0,0.145,0.0,0.056,0.811,0.571,1.0,1.0
1975_09,11,1975/09/IMG_0109_2R.tif,0,71,482,815,1057,150,таблица,,7.0,2.0,3.0,0.092,0.046,1.0,0.089,0.764,0.811,20.0,0.95
1975_09,51,1975/09/IMG_0129_2R.tif,0,93,422,802,676,150,таблица,,4.0,2.0,4.0,0.103,0.044,1.0,0.066,0.681,0.636,8.0,1.0
1975_09,62,1975/09/IMG_0135_1L.tif,0,84,1048,824,1248,150,таблица,,7.0,1.0,8.0,0.251,0.049,1.0,0.0533,0.606,1.0,12.0,0.917
1975_10,3,1975/10/IMG_0004_2R.tif,0,43,122,792,1396,150,нет,"одна вертикаль, и краска на 58% состоит из штрихов",1.0,4.0,3.0,0.106,0.087,1.0,0.061,0.415,0.7,5.0,0.6
1975_10,4,1975/10/IMG_0005_1L.tif,0,51,111,780,1418,150,нет,"одна вертикаль и всего 2 ячейки — это колонтитул, а не таблица",1.0,2.0,0.0,0.0,0.143,0.0,0.0635,0.84,0.714,2.0,1.0
1975_10,32,1975/10/IMG_0019_1L.tif,0,56,204,786,408,150,таблица,,5.0,1.0,7.0,0.145,0.063,1.0,0.0772,0.695,1.0,12.0,1.0
1975_10,60,1975/10/IMG_0033_1L.tif,0,46,258,792,606,150,таблица,,7.0,4.0,5.0,0.107,0.048,1.0,0.0609,0.662,0.895,22.0,0.773
1975_10,63,1975/10/IMG_0034_2R.tif,0,44,190,790,483,150,таблица,,7.0,2.0,12.0,0.292,0.043,1.0,0.0598,0.67,1.0,21.0,1.0
1975_11,3,1975/11/IMG_0054_2R.tif,0,45,95,773,1383,150,нет,"одна вертикаль, и краска на 58% состоит из штрихов",1.0,4.0,1.0,0.019,0.114,0.0,0.0625,0.418,0.6,4.0,0.75
1975_11,4,1975/11/IMG_0055_1L.tif,0,39,95,782,1387,150,нет,нет внутренних вертикальных линеек — это рамка вокруг текста,0.0,2.0,0.0,0.0,0.116,0.0,0.0901,0.886,1.0,1.0,1.0
1975_11,27,1975/11/IMG_0066_2R.tif,0,42,406,774,606,150,таблица,,7.0,1.0,7.0,0.17,0.045,1.0,0.0768,0.703,1.0,10.0,1.0
1975_11,36,1975/11/IMG_0071_1L.tif,0,46,1106,773,1387,150,таблица,,7.0,3.0,7.0,0.115,0.045,1.0,0.0806,0.687,0.756,17.0,1.0
1975_11,68,1975/11/IMG_0087_1L.tif,0,120,709,772,1239,150,таблица,,11.0,10.0,4.0,0.882,0.023,1.0,0.0054,0.057,0.954,101.0,0.099
1975_11,69,1975/11/IMG_0087_2R.tif,0,111,885,773,1246,150,таблица,,5.0,5.0,11.0,0.635,0.032,1.0,0.0031,0.04,0.898,24.0,0.25
1975_11,70,1975/11/IMG_0088_1L.tif,0,45,882,774,1190,150,таблица,,5.0,2.0,5.0,0.097,0.059,1.0,0.0812,0.745,0.636,7.0,1.0
1975_11,72,1975/11/IMG_0089_1L.tif,0,46,723,774,1146,150,таблица,,1.0,3.0,8.0,0.253,0.088,1.0,0.0292,0.64,0.8,6.0,1.0
1975_11,73,1975/11/IMG_0089_2R.tif,0,91,310,772,517,150,таблица,,3.0,3.0,8.0,0.292,0.048,1.0,0.0346,0.499,0.75,11.0,1.0
1975_11,75,1975/11/IMG_0090_2R.tif,0,50,805,769,1369,150,таблица,,4.0,4.0,1.0,0.013,0.042,1.0,0.0706,0.739,0.8,18.0,0.944
1975_11,97,1975/11/IMG_0101_2R.tif,0,49,367,765,586,150,таблица,,6.0,3.0,5.0,0.175,0.091,1.0,0.0415,0.462,0.578,7.0,1.0
1975_11,97,1975/11/IMG_0101_2R.tif,1,49,687,764,846,150,таблица,,4.0,4.0,4.0,0.142,0.064,1.0,0.0494,0.505,0.45,6.0,1.0
1975_12,3,1975/12/IMG_0104_2R.tif,0,61,98,779,1385,150,нет,"одна вертикаль, и краска на 60% состоит из штрихов",1.0,4.0,4.0,0.097,0.094,0.0,0.0581,0.404,0.7,5.0,0.6
1975_12,4,1975/12/IMG_0105_1L.tif,0,46,99,796,1390,150,нет,"одна вертикаль и всего 2 ячейки — это колонтитул, а не таблица",1.0,2.0,0.0,0.0,0.101,0.0,0.0829,0.863,0.714,2.0,1.0
1975_12,36,1975/12/IMG_0121_1L.tif,0,52,271,795,581,150,таблица,,5.0,2.0,3.0,0.183,0.046,1.0,0.0621,0.702,0.727,9.0,1.0
1975_12,91,1975/12/IMG_0148_2R.tif,0,167,972,671,1143,150,таблица,,3.0,2.0,4.0,0.336,0.077,1.0,0.0444,0.574,0.667,5.0,1.0
1976_01,3,1976/01/IMG_0004_2R.tif,0,50,90,799,1390,150,нет,"не таблица: рёбер на месте 35%, букв в краске 41%, колонок 6",6.0,5.0,1.0,0.086,0.071,1.0,0.0593,0.407,0.35,5.0,0.6
1976_01,4,1976/01/IMG_0005_1L.tif,0,57,91,790,1411,150,нет,"одна вертикаль и всего 2 ячейки — это колонтитул, а не таблица",1.0,2.0,0.0,0.0,0.108,0.0,0.0544,0.819,0.714,2.0,1.0
1976_01,24,1976/01/IMG_0015_1L.tif,0,59,985,789,1217,150,таблица,,7.0,1.0,3.0,0.048,0.093,1.0,0.09,0.758,1.0,10.0,0.9
1976_01,73,1976/01/IMG_0039_2R.tif,0,50,177,798,471,150,таблица,,4.0,3.0,8.0,0.159,0.059,1.0,0.0571,0.667,1.0,15.0,0.933
1976_02,3,1976/02/IMG_0054_2R.tif,0,52,95,803,1385,150,таблица,,2.0,6.0,2.0,0.091,0.088,1.0,0.0581,0.41,0.5,7.0,0.571
1976_02,4,1976/02/IMG_0055_1L.tif,0,49,86,810,1396,150,таблица,,2.0,2.0,0.0,0.0,0.107,1.0,0.0638,0.813,0.667,5.0,0.8
1976_02,33,1976/02/IMG_0069_2R.tif,0,56,1228,775,1390,150,таблица,,4.0,2.0,6.0,0.122,0.047,1.0,0.0832,0.706,0.773,10.0,1.0
1976_03,3,1976/03/IMG_0104_2R.tif,0,65,100,773,1396,150,нет,"не таблица: рёбер на месте 47%, букв в краске 40%, колонок 2",2.0,4.0,1.0,0.061,0.083,1.0,0.0572,0.4,0.471,5.0,0.4
1976_03,4,1976/03/IMG_0105_1L.tif,0,55,102,790,1402,150,нет,"одна вертикаль и всего 1 ячейки — это колонтитул, а не таблица",1.0,2.0,0.0,0.0,0.124,0.0,0.0724,0.856,0.571,1.0,1.0
1976_03,32,1976/03/IMG_0119_1L.tif,0,75,363,752,1378,150,таблица,,17.0,8.0,0.0,0.0,0.157,1.0,0.0798,0.596,0.493,29.0,0.379
1976_03,70,1976/03/IMG_0138_1L.tif,0,32,117,808,934,150,нет,нет внутренних вертикальных линеек — это рамка вокруг текста,0.0,1.0,1.0,0.018,0.124,0.0,0.0754,0.835,1.0,1.0,1.0
1976_04,3,1976/04/IMG_0004_2R.tif,0,52,90,800,1379,150,нет,"не таблица: рёбер на месте 53%, букв в краске 41%, колонок 2",2.0,4.0,1.0,0.086,0.08,1.0,0.0589,0.406,0.529,5.0,0.6
1976_04,4,1976/04/IMG_0005_1L.tif,0,53,91,801,1408,150,нет,"одна вертикаль и всего 1 ячейки — это колонтитул, а не таблица",1.0,2.0,0.0,0.0,0.11,0.0,0.0628,0.817,0.571,1.0,1.0
1976_04,35,1976/04/IMG_0020_2R.tif,0,49,723,804,1054,150,таблица,,3.0,1.0,4.0,0.057,0.099,1.0,0.1045,0.869,1.0,6.0,1.0
1976_04,36,1976/04/IMG_0021_1L.tif,0,57,457,794,714,150,таблица,,9.0,1.0,6.0,0.096,0.046,1.0,0.0915,0.71,1.0,16.0,1.0
1976_04,38,1976/04/IMG_0022_1L.tif,0,57,614,795,979,150,таблица,,9.0,2.0,1.0,0.025,0.056,1.0,0.0872,0.751,0.784,16.0,1.0
1976_04,66,1976/04/IMG_0036_1L.tif,0,49,1099,807,1287,150,таблица,,15.0,3.0,9.0,0.21,0.011,1.0,0.046,0.497,0.795,28.0,0.857
1976_04,67,1976/04/IMG_0036_2R.tif,0,52,514,802,663,150,таблица,,7.0,2.0,12.0,0.523,0.006,1.0,0.0347,0.427,0.784,15.0,1.0
1976_04,67,1976/04/IMG_0036_2R.tif,1,52,860,802,1032,150,таблица,,11.0,1.0,18.0,0.283,0.035,1.0,0.0735,0.711,1.0,20.0,1.0
1976_04,68,1976/04/IMG_0037_1L.tif,0,63,615,791,981,150,таблица,,15.0,7.0,2.0,0.085,0.048,1.0,0.0681,0.613,0.736,41.0,0.805
1976_04,69,1976/04/IMG_0037_2R.tif,0,51,186,803,1201,150,таблица,,12.0,23.0,0.0,0.0,0.036,1.0,0.0514,0.536,0.625,77.0,0.649
1976_04,70,1976/04/IMG_0038_1L.tif,0,60,554,793,782,150,таблица,,6.0,2.0,4.0,0.099,0.059,1.0,0.0579,0.631,0.773,10.0,1.0
1976_04,71,1976/04/IMG_0038_2R.tif,0,53,670,791,926,150,таблица,,3.0,2.0,5.0,0.136,0.044,1.0,0.0561,0.645,0.765,8.0,1.0
1976_04,72,1976/04/IMG_0039_1L.tif,0,68,571,791,908,150,таблица,,6.0,2.0,3.0,0.132,0.036,1.0,0.0655,0.668,0.781,14.0,1.0
1976_05,3,1976/05/IMG_0054_2R.tif,0,62,91,794,1369,150,таблица,,2.0,4.0,1.0,0.105,0.134,1.0,0.0626,0.419,0.529,5.0,0.6
1976_05,4,1976/05/IMG_0055_1L.tif,0,59,92,795,1378,150,нет,"одна вертикаль и всего 2 ячейки — это колонтитул, а не таблица",1.0,2.0,0.0,0.0,0.135,0.0,0.0612,0.824,0.714,2.0,1.0
1976_05,22,1976/05/IMG_0064_1L.tif,0,62,184,792,685,150,таблица,,4.0,2.0,7.0,0.38,0.045,1.0,0.067,0.771,0.727,10.0,1.0
1976_05,32,1976/05/IMG_0069_1L.tif,0,62,1220,795,1384,150,таблица,,5.0,2.0,9.0,0.315,0.042,1.0,0.0494,0.541,0.818,10.0,1.0
1976_05,37,1976/05/IMG_0071_2R.tif,0,60,189,797,359,150,таблица,,2.0,2.0,3.0,0.179,0.043,1.0,0.0552,0.618,0.667,5.0,1.0
1976_05,46,1976/05/IMG_0076_1L.tif,0,54,183,805,383,150,таблица,,13.0,2.0,0.0,0.0,0.067,1.0,0.0605,0.644,0.597,16.0,0.562
1976_05,46,1976/05/IMG_0076_1L.tif,1,52,662,802,824,150,таблица,,12.0,1.0,7.0,0.162,0.011,1.0,0.05,0.611,0.788,21.0,0.571
1976_05,66,1976/05/IMG_0086_1L.tif,0,61,203,801,518,150,таблица,,16.0,5.0,7.0,0.134,0.011,1.0,0.0793,0.61,0.799,61.0,0.672
1976_05,74,1976/05/IMG_0090_1L.tif,0,58,971,801,1142,150,таблица,,8.0,1.0,10.0,0.4,0.046,1.0,0.0502,0.58,0.938,11.0,1.0
1976_06,3,1976/06/IMG_0104_2R.tif,0,66,93,786,1376,150,таблица,,2.0,4.0,1.0,0.098,0.09,0.0,0.0645,0.443,0.471,4.0,0.75
1976_06,4,1976/06/IMG_0105_1L.tif,0,52,563,800,1397,150,нет,"одна вертикаль и всего 2 ячейки — это колонтитул, а не таблица",1.0,2.0,0.0,0.0,0.13,0.0,0.0701,0.854,0.714,2.0,1.0
1976_06,41,1976/06/IMG_0123_2R.tif,0,122,327,737,755,150,таблица,,17.0,8.0,3.0,0.658,0.229,1.0,0.0105,0.105,0.834,94.0,0.032
1976_06,42,1976/06/IMG_0124_1L.tif,0,54,343,801,624,150,таблица,,4.0,2.0,2.0,0.06,0.068,1.0,0.0704,0.699,0.636,9.0,1.0
1976_06,85,1976/06/IMG_0145_2R.tif,0,66,1093,781,1266,150,таблица,,12.0,3.0,4.0,0.079,0.035,1.0,0.0766,0.626,0.712,22.0,0.955
1976_07,3,1976/07/IMG_0004_2R.tif,0,67,89,820,1372,150,нет,"не таблица: рёбер на месте 33%, букв в краске 41%, колонок 4",4.0,6.0,1.0,0.125,0.078,1.0,0.0607,0.411,0.327,5.0,0.8
1976_07,4,1976/07/IMG_0005_1L.tif,0,73,90,807,1395,150,нет,"одна вертикаль и всего 1 ячейки — это колонтитул, а не таблица",1.0,2.0,0.0,0.0,0.146,0.0,0.0656,0.824,0.571,1.0,1.0
1976_07,72,1976/07/IMG_0039_1L.tif,0,75,180,806,681,150,таблица,,2.0,1.0,4.0,0.114,0.114,1.0,0.0617,0.801,0.714,3.0,1.0
1976_07,73,1976/07/IMG_0039_2R.tif,0,54,195,825,1130,150,таблица,,2.0,1.0,1.0,0.032,0.086,1.0,0.0476,0.821,0.714,3.0,1.0
1976_07,74,1976/07/IMG_0040_1L.tif,0,154,183,733,415,150,таблица,,2.0,1.0,4.0,0.137,0.045,1.0,0.0685,0.726,0.714,3.0,1.0
1976_07,74,1976/07/IMG_0040_1L.tif,1,156,1038,733,1400,150,таблица,,2.0,1.0,2.0,0.07,0.13,1.0,0.0757,0.798,1.0,6.0,1.0
1976_07,75,1976/07/IMG_0040_2R.tif,0,64,223,814,730,150,таблица,,7.0,5.0,2.0,0.091,0.047,1.0,0.0824,0.731,0.648,19.0,0.895
1976_08,3,1976/08/IMG_0054_2R.tif,0,62,97,792,1392,150,таблица,,3.0,5.0,1.0,0.069,0.09,1.0,0.0645,0.433,0.542,7.0,0.429
1976_08,4,1976/08/IMG_0055_1L.tif,0,58,94,795,1388,150,нет,"одна вертикаль и всего 2 ячейки — это колонтитул, а не таблица",1.0,2.0,0.0,0.0,0.114,0.0,0.0702,0.862,0.714,2.0,1.0
1976_08,8,1976/08/IMG_0057_1L.tif,0,68,973,787,1199,150,таблица,,6.0,2.0,6.0,0.161,0.057,1.0,0.0493,0.592,0.773,10.0,1.0
1976_08,28,1976/08/IMG_0067_1L.tif,0,165,90,785,1411,150,таблица,,13.0,20.0,2.0,0.066,0.019,1.0,0.0494,0.631,0.536,30.0,0.867
1976_08,30,1976/08/IMG_0068_1L.tif,0,39,85,851,910,150,таблица,,10.0,4.0,1.0,0.02,0.044,1.0,0.0989,0.787,0.706,24.0,0.958
1976_08,40,1976/08/IMG_0073_1L.tif,0,56,1168,795,1365,150,таблица,,13.0,1.0,11.0,0.507,0.012,1.0,0.0807,0.566,0.675,15.0,1.0
1976_08,41,1976/08/IMG_0073_2R.tif,0,58,845,785,1069,150,таблица,,4.0,1.0,1.0,0.022,0.076,1.0,0.0695,0.705,1.0,8.0,1.0
1976_08,67,1976/08/IMG_0086_2R.tif,0,69,199,789,728,150,таблица,,2.0,1.0,2.0,0.031,0.103,1.0,0.0793,0.842,1.0,6.0,1.0
1976_08,67,1976/08/IMG_0086_2R.tif,1,66,818,781,1384,150,таблица,,2.0,1.0,1.0,0.019,0.138,1.0,0.1035,0.879,1.0,6.0,1.0
1976_08,68,1976/08/IMG_0087_1L.tif,0,57,559,798,1053,150,таблица,,2.0,1.0,2.0,0.035,0.138,1.0,0.0883,0.872,1.0,4.0,1.0
1976_08,70,1976/08/IMG_0088_1L.tif,0,63,598,791,1150,150,таблица,,1.0,1.0,2.0,0.035,0.125,1.0,0.1137,0.909,1.0,4.0,1.0
1976_08,75,1976/08/IMG_0090_2R.tif,0,44,227,805,905,150,таблица,,6.0,5.0,0.0,0.0,0.046,1.0,0.0794,0.77,0.732,23.0,1.0
1976_08,78,1976/08/IMG_0092_1L.tif,0,62,846,792,1154,150,таблица,,3.0,3.0,7.0,0.139,0.06,1.0,0.0603,0.688,0.708,9.0,1.0
1976_09,3,1976/09/IMG_0104_2R.tif,0,76,94,783,1379,150,нет,"одна вертикаль, и краска на 57% состоит из штрихов",1.0,4.0,2.0,0.062,0.095,1.0,0.0645,0.433,0.6,4.0,0.5
1976_09,4,1976/09/IMG_0105_1L.tif,0,69,98,796,1398,150,нет,"одна вертикаль и всего 2 ячейки — это колонтитул, а не таблица",1.0,2.0,0.0,0.0,0.102,0.0,0.074,0.859,0.714,2.0,1.0
1976_09,8,1976/09/IMG_0107_1L.tif,0,68,546,799,881,150,таблица,,9.0,2.0,6.0,0.212,0.055,1.0,0.0777,0.715,0.676,16.0,1.0
1976_09,12,1976/09/IMG_0109_1L.tif,0,70,613,797,1032,150,таблица,,5.0,1.0,5.0,0.172,0.084,1.0,0.0332,0.592,1.0,12.0,0.583
1976_10,3,1976/10/0040_2R.tif,0,48,94,790,1362,150,таблица,,2.0,5.0,1.0,0.14,0.106,0.0,0.0588,0.411,0.471,4.0,0.75
1976_10,4,1976/10/0050_1L.tif,0,56,89,780,1388,150,нет,"одна вертикаль и всего 2 ячейки — это колонтитул, а не таблица",1.0,2.0,0.0,0.0,0.133,0.0,0.0678,0.84,0.714,2.0,1.0
1976_10,7,1976/10/0070_2R.tif,0,48,805,792,1080,150,таблица,,3.0,4.0,6.0,0.349,0.046,1.0,0.0486,0.669,0.765,8.0,1.0
1976_10,13,1976/10/0100_2R.tif,0,47,110,790,1309,150,нет,"не таблица: рёбер на месте 37%, букв в краске 12%, колонок 17",17.0,16.0,5.0,0.111,0.02,1.0,0.0047,0.116,0.37,12.0,0.417
1976_10,31,1976/10/0190_2R.tif,0,47,160,791,1184,150,таблица,,2.0,3.0,0.0,0.0,0.059,1.0,0.0852,0.875,0.824,9.0,0.889
1976_10,62,1976/10/0350_1L.tif,0,60,956,784,1206,150,таблица,,8.0,2.0,12.0,0.246,0.058,1.0,0.0626,0.675,0.75,14.0,1.0
1976_10,63,1976/10/0350_2R.tif,0,56,385,787,667,150,таблица,,5.0,2.0,10.0,0.281,0.045,1.0,0.0646,0.684,0.778,12.0,1.0
1976_10,74,1976/10/0410_1L.tif,0,56,229,784,743,150,таблица,,9.0,2.0,3.0,0.053,0.044,1.0,0.0747,0.721,0.619,11.0,1.0
1976_10,77,1976/10/0420_2R.tif,0,46,309,787,775,150,таблица,,6.0,2.0,1.0,0.038,0.046,1.0,0.0637,0.722,0.594,7.0,1.0
1976_10,79,1976/10/0430_2R.tif,0,52,326,786,682,150,таблица,,4.0,1.0,3.0,0.054,0.042,1.0,0.0737,0.761,0.846,8.0,1.0
1976_11,3,1976/11/0020_2R.tif,0,57,93,819,1372,150,таблица,,2.0,4.0,1.0,0.081,0.093,1.0,0.058,0.426,0.647,6.0,0.5
1976_11,4,1976/11/0030_1L.tif,0,59,91,788,1362,150,нет,"одна вертикаль и всего 2 ячейки — это колонтитул, а не таблица",1.0,2.0,0.0,0.0,0.136,0.0,0.0768,0.868,0.714,2.0,1.0
1976_11,38,1976/11/0200_1L.tif,0,63,554,790,936,150,таблица,,12.0,3.0,0.0,0.0,0.061,1.0,0.0909,0.681,0.586,17.0,0.941
1976_11,39,1976/11/0200_2R.tif,0,59,214,794,473,150,таблица,,13.0,1.0,15.0,0.392,0.034,1.0,0.0454,0.576,1.0,16.0,1.0
1976_11,55,1976/11/0280_2R.tif,0,41,521,799,875,150,таблица,,3.0,2.0,1.0,0.015,0.104,1.0,0.0685,0.755,0.647,6.0,1.0
1976_11,70,1976/11/0360_1L.tif,0,59,726,789,1003,150,таблица,,7.0,2.0,5.0,0.17,0.063,1.0,0.0763,0.708,0.625,12.0,1.0
1976_11,72,1976/11/0370_1L.tif,0,62,745,793,1385,150,таблица,,10.0,3.0,3.0,0.048,0.047,1.0,0.105,0.797,0.712,21.0,1.0
1976_11,74,1976/11/0380_1L.tif,0,106,302,775,957,150,нет,"не таблица: рёбер на месте 46%, букв в краске 15%, колонок 25",25.0,8.0,5.0,0.203,0.018,1.0,0.0159,0.146,0.458,19.0,0.526
1976_11,75,1976/11/0380_2R.tif,0,93,207,652,1347,150,нет,"не таблица: рёбер на месте 25%, букв в краске 19%, колонок 73",73.0,35.0,3.0,0.151,0.016,1.0,0.0311,0.19,0.248,5.0,0.8
1976_11,76,1976/11/0390_1L.tif,0,71,203,655,1353,150,нет,"не таблица: рёбер на месте 34%, букв в краске 16%, колонок 68",68.0,18.0,7.0,0.326,0.017,1.0,0.0229,0.157,0.336,4.0,0.75
1976_11,77,1976/11/0390_2R.tif,0,64,690,781,1121,150,таблица,,4.0,2.0,2.0,0.096,0.046,1.0,0.0843,0.809,0.824,9.0,1.0
1976_12,3,1976/12/0020_2R.tif,0,63,93,779,1362,150,нет,"не таблица: рёбер на месте 47%, букв в краске 39%, колонок 2",2.0,4.0,3.0,0.097,0.096,1.0,0.0566,0.395,0.471,4.0,0.75
1976_12,4,1976/12/0030_1L.tif,0,53,95,790,1367,150,нет,"одна вертикаль и всего 2 ячейки — это колонтитул, а не таблица",1.0,2.0,0.0,0.0,0.107,0.0,0.081,0.867,0.714,2.0,1.0
1976_12,23,1976/12/0120_2R.tif,0,55,967,784,1277,150,таблица,,6.0,3.0,2.0,0.11,0.04,1.0,0.0448,0.63,0.774,12.0,0.917
1976_12,24,1976/12/0130_1L.tif,0,46,444,793,730,150,таблица,,8.0,3.0,2.0,0.029,0.017,1.0,0.0416,0.536,0.642,16.0,0.875
1976_12,25,1976/12/0130_2R.tif,0,50,390,798,747,150,таблица,,7.0,2.0,4.0,0.161,0.019,1.0,0.0237,0.451,0.871,15.0,0.667
1976_12,25,1976/12/0130_2R.tif,1,49,905,813,1370,150,таблица,,23.0,6.0,0.0,0.0,0.037,1.0,0.047,0.467,0.567,49.0,0.653
1976_12,26,1976/12/0140_1L.tif,0,53,156,797,995,150,таблица,,55.0,6.0,4.0,0.065,0.02,1.0,0.0325,0.365,0.89,108.0,0.435
1976_12,27,1976/12/0140_2R.tif,0,56,262,783,536,150,таблица,,12.0,3.0,3.0,0.09,0.006,1.0,0.052,0.68,0.589,20.0,0.65
1976_12,27,1976/12/0140_2R.tif,1,56,634,777,860,150,таблица,,10.0,4.0,0.0,0.0,0.032,1.0,0.0536,0.584,0.759,20.0,0.65
1976_12,30,1976/12/0160_1L.tif,0,49,434,796,741,150,таблица,,12.0,2.0,17.0,0.353,0.011,1.0,0.0874,0.632,0.613,14.0,1.0
1976_12,31,1976/12/0160_2R.tif,0,62,544,776,874,150,таблица,,15.0,3.0,10.0,0.218,0.013,1.0,0.0886,0.593,0.525,16.0,1.0
1976_12,56,1976/12/0290_1L.tif,0,49,392,795,748,150,таблица,,11.0,1.0,8.0,0.172,0.035,1.0,0.071,0.767,0.677,12.0,0.917
1976_12,58,1976/12/0300_1L.tif,0,51,767,795,937,150,таблица,,2.0,1.0,12.0,0.336,0.048,1.0,0.0413,0.565,1.0,6.0,1.0
1976_12,67,1976/12/0340_2R.tif,0,60,441,775,800,150,таблица,,4.0,1.0,4.0,0.093,0.048,1.0,0.0719,0.774,1.0,8.0,1.0
